Ticket,Status,Recibido,Actualizado,Observaciones,Calle y número,Coordenadas,delegacion,Colonia
10090,Abierto,2026-05-21 12:42:06,2026-05-21 12:42:06,"Se ubicaron 5 baches sobre la vialidad de Laguna de Guzmán, entre las calles de Emilio Campa y Abelardo Rodríguez",Laguna de Guzmán 87,"19.2630656,-99.67141769999999",Ocho Cedros,"Ocho Cedros, Segunda Sección"
10088,Abierto,2026-05-21 12:30:46,2026-05-21 12:30:46,"Se detectaron 5 baches sobre la calle de Laguna de Tlachaloya, entre las vialidades de Emilio Campa y Abelardo Rodríguez",Laguna de Tlachaloya 1080,"19.2618716,-99.6687484",Ocho Cedros,"Ocho Cedros, Segunda Sección"
10055,Pendiente,2026-05-18 16:42:24,2026-05-18 16:54:53,"calle independencia no. 10 cerca delegación  19.252646, -99.704463",Calle Xinantécatl 208,"19.2509242,-99.7029239",Cacalomacan,Del Centro
10053,Pendiente,2026-05-18 14:59:04,2026-05-18 16:52:11,"Sobre la calle Venustiano Carranza ocupamos bacheo hay muchos baches ",Calle Venustiano Carranza Norte 403,"19.3482892876338,-99.58073983777145",San Mateo Otzacatipan,San Nicolás Tolentino I
10052,Pendiente,2026-05-18 14:03:00,2026-05-18 16:49:13,La calle está en pésimo estado,Calle 16 de Septiembre 701,"19.278342214471067,-99.60732598908808",Santa Ana Tlapaltitlan,Santa María Sur
10048,Pendiente,2026-05-18 10:10:58,2026-05-18 16:47:53,"Hay un bache enorme en el centro de la calle que no permite que pasemos bien, siempre que pasamos tenemos que ir con mucho cuidado porque está muy muy grande y si se estaciona alguien de algún lado de la calle se tiene que pasar por ahi y se dañan los autos
",Calle Lago del Sol 199,"19.267767833413526,-99.68040401492304",Seminario 2 De Marzo,Seminario Cuarta Sección I
10042,Pendiente,2026-05-17 19:15:33,2026-05-18 16:51:18,Baches,Calle Árbol Las Manitas 150,"19.297425650979626,-99.6463883905761",Árbol De Las Manitas,Lomas Altas
10041,Resuelto,2026-05-17 18:37:37,2026-05-18 16:07:32,Serie De Baches,Paseo de Los Matlatzincas 423–597,"19.297874694046126,-99.64515588904291",Árbol De Las Manitas,Huitzila Y Doctores
10040,Pendiente,2026-05-17 13:59:57,2026-05-18 15:40:31,"Se detectaron de seis a siete baches en la calle de Laguna de Tlachaloya (entre la vialidad de Laguna de Tlachaloya), siendo una vialidad transitada por ciudadanos y vehículos automotriz . 19.265676, -99.668098",Laguna de Tlachaloya 747,"19.264694499999997,-99.668173",Seminario Conciliar,Seminario Tercera Sección
10039,Pendiente,2026-05-17 13:52:00,2026-05-18 15:37:20,"Se detectó de siete a ocho baches en la calle de Laguna de Tlachaloya (entre las vialidades de Juan Andrew Almazán y Eduardo Hernández Chazaro), delegación Ocho Cedros.",Laguna de Tlachaloya 203,"19.2636164,-99.6683561",Ocho Cedros,"Ocho Cedros, Segunda Sección"
10038,Pendiente,2026-05-17 13:03:08,2026-05-18 15:35:53,Se detecto tres baches en la calle de Gral. Eduardo Hernández Chazaro (entre las vialidades de Lanceros de Toluca y Lago Ladoga).,Calle General Eduardo Hernández Cházaro 1520,"19.2646135,-99.6732224",Seminario Conciliar,Seminario Primera Sección
10037,Pendiente,2026-05-17 12:59:21,2026-05-18 15:33:57,"Se detecto seis baches, en la calle de Gral. Eduardo Hernández Chazaro, entre las vialidades de Lanceros de Toluca y Lago Ladoga, vialidad Ocho Cedros.",Calle General Eduardo Hernández Cházaro 1520,"19.2646135,-99.6732224",Seminario Conciliar,Seminario Primera Sección
10036,Pendiente,2026-05-17 12:49:49,2026-05-18 14:51:56,"Se detecto unos cuatro baches en la calle de Gral. Abelardo Rodríguez (entre las vialidades de Lago Ladoga y Lanceros de Toluca), siendo una vialidad con gran flujo peatonal y vehícular ya que conecta con el tianguis denominado la ""pulga"". 19.262797, -99.673832",General Abelardo Rodríguez 305,"19.2624152,-99.6734774",Ocho Cedros,"Ocho Cedros, Segunda Sección"
10035,Pendiente,2026-05-17 12:41:10,2026-05-18 14:49:52,"Se detecto dos baches, en la calle de Gral. Emilio P. Campa (entre las vialidades de Privada de Abelardo Rodríguez y Lago Ladoga), delegación Ocho Cedros.
19.261900, -99.673767",Calle General Emilio P. Campa 1606,"19.2619322,-99.6727482",Ocho Cedros,"Ocho Cedros, Segunda Sección"
10034,Pendiente,2026-05-17 12:31:34,2026-05-18 14:47:46,"Se detecto tres baches, en la calle de Lago Omega (entre las vialidades de Manuel González y Lago Bustillos), delegación Ocho Cedros, cómo punto de referencia hay un gimnasio. 19.260995, -99.673782",Lago Ladoga 505,"19.2604935,-99.67389840000001",Ocho Cedros,"Ocho Cedros, Segunda Sección"
10033,Pendiente,2026-05-17 12:23:14,2026-05-18 14:44:48,"Se detecto un bache profundo en la calle de Gral. Manuel González (esquina con Lago Ladoga), delegación Ocho Cedros.",Lago Ladoga 63,"19.260904699999998,-99.6741132",Ocho Cedros,"Ocho Cedros, Segunda Sección"
10032,Pendiente,2026-05-17 12:20:20,2026-05-18 14:43:53,"Se detecto un bache profundo en la calle de Gral. Manuel González (entre las vialidades de Lago Ladoga y Lanceros de Toluca), delegación Ocho Cedros.",General Manuel González 2508,"19.261184,-99.6744774",Ocho Cedros,"Ocho Cedros, Segunda Sección"
10030,Pendiente,2026-05-17 12:09:48,2026-05-18 14:41:53,"Se detecto cuatro baches en la calle de Plateros, (Roque a Lanceros de Toluca), Delegación Ocho Cedros, 19.258705, -99.674543",Plateros 240,"19.258563,-99.6740871",Ocho Cedros,"Ocho Cedros, Segunda Sección"
10029,Pendiente,2026-05-17 12:05:48,2026-05-18 14:39:22,Se detecto un bache en la calle de Plateros.,Plateros 240,"19.258563,-99.6740871",Ocho Cedros,"Ocho Cedros, Segunda Sección"
10028,Pendiente,2026-05-17 12:03:53,2026-05-18 14:38:12,"se detecto tres baches, en la calle de Plateros (Lago Omega y Lanceros de Toluca), delegación Ocho Cedros. 19.258285, -99.673900",Plateros 108,"19.2571351,-99.67190889999999",Ocho Cedros,"Ocho Cedros, Segunda Sección"
10021,Pendiente,2026-05-16 10:01:39,2026-05-18 14:34:31,"En frente de un complejo departamental color beige, se localizan 7 baches sobre la calle de Lago Petén, Ocho Cedros ",Lago Petén 914,"19.2625428,-99.6702404",Ocho Cedros,"Ocho Cedros, Segunda Sección"
10020,Pendiente,2026-05-16 09:58:16,2026-05-18 14:33:00,"Cerca de un complejo departamental color blanco, se encuentran 8 baches sobre la vialidad de Lago Petén",Lago Petén 810,"19.263380599999998,-99.6700664",Ocho Cedros,"Ocho Cedros, Segunda Sección"
10019,Pendiente,2026-05-16 09:54:57,2026-05-18 14:27:28,"Cerca de una de las vialidades principales de la colonia que conecta Lanceros de Toluca con Paseo Colón, se detectaron al rededor de 10 baches",Lago Petén 804,"19.263749,-99.6699628",Ocho Cedros,"Ocho Cedros, Segunda Sección"
10005,Pendiente,2026-05-15 08:42:59,2026-05-15 10:25:18,"la calle ya está otra vez llena de baches, y se concentra muchísimo tráfico en la salida a torres, ahí tienen espacio para abrir un carril que de vuelta a las torres y desahogar el tráfico que se hace en hora pico, es una calle muy transitada aunque no lo parezca. 
gracias presidente ",Calle Eduardo Monroy Cárdenas 100,"19.2796649,-99.69812119999999",San Buenaventura,Alameda 2000
9999,Pendiente,2026-05-14 18:25:10,2026-05-15 10:20:35,"rumbo al panteon ",Cda Constituyentes 18,"19.2538026,-99.699353",Cacalomacan,Del Centro
9974,Resuelto,2026-05-13 16:37:54,2026-05-13 17:41:41,"Hay múltiples baches sobre calzada al Pacífico, dirección hacia Toluca últimos 200 antes de llegar a Av. Colón 
",Del Pacífico 207,"19.256259099999998,-99.6657438",Capultitlán,Guadalupe
9970,Pendiente,2026-05-13 13:13:58,2026-05-13 15:15:12,Bache con más de 2 años sin revisar casi frente al estacionamiento de la ENSEM,Natalia Carrasco 300,"19.2788886,-99.66707770000001",Morelos,Federal (adolfo López Mateos)
9928,Pendiente,2026-05-08 16:13:51,2026-05-08 16:24:02,"Se detectó un aproximado de ocho a diez baches, en la calle de El Ejido (entre las vialidades de Andrés Quintana Roo y Eduardo González y Pichardo)",Calle del Ejido 403,"19.259008599999998,-99.6666424",Ocho Cedros,Ocho Cedros Ii
9927,Pendiente,2026-05-08 16:10:21,2026-05-08 16:22:35,Se detectaron de ocho a diez baches en la calle de Arcadio Henkel (entre las vialidades de El Ejido y Manuel González),Arcadio Henkel 1809,"19.2593863,-99.6662365",Ocho Cedros,Ocho Cedros Ii
9925,Pendiente,2026-05-08 16:06:23,2026-05-08 16:21:28,Se detecto tres baches en la calle de Arcadio Henkel (entre las vialidades de  Manuel González y Emilio P. Campa.,Calle General Emilio P. Campa 606,"19.2610264,-99.6664617",Ocho Cedros,Ocho Cedros I
9921,Pendiente,2026-05-08 14:40:02,2026-05-08 16:18:33,"Demaciados baches y coladera abierta a lado de los campos de fútbol del hospital Adolfo López mateos ",Privada Cuauhtémoc 124,"19.322517899999998,-99.63157249999999",San Cristobal Huichochitlan,La Trinidad Ii
9903,Resuelto,2026-05-07 17:58:23,2026-05-08 12:54:45,frente a la catedral,Aquiles Serdán 52,"19.2918797,-99.6579412",Centro Histórico,Centro
9901,Pendiente,2026-05-07 14:59:04,2026-05-08 12:48:24,"Se detectaron cuatro baches, en la calle de Plateros (entre Lago Ladoga y Lanceros de Toluca)",Plateros 20,"19.2586417,-99.6745388",Ocho Cedros,"Ocho Cedros, Segunda Sección"
9900,Resuelto,2026-05-07 14:53:45,2026-05-08 12:47:05,"Se detecto dos baches en la calle de Plateros (entre las vialidades de Lago Ladoga y Lanceros de Toluca), hay una casa de color verde esmeralda.",Plateros 110B,"19.2575388,-99.67243339999999",Ocho Cedros,"Ocho Cedros, Segunda Sección"
9899,Resuelto,2026-05-07 14:49:21,2026-05-08 12:46:23,"Se detectaron 4 baches, en la calle de Plateros (entre las vialidades de Lago Omega y Lago Ladoga).",Plateros 110B,"19.2575388,-99.67243339999999",Ocho Cedros,"Ocho Cedros, Segunda Sección"
9898,Pendiente,2026-05-07 14:46:01,2026-05-08 12:44:33,"Se detectó un bache en la calle de Plateros, entre las vialidades de Lago Bustillos y Lago Omega, como referencia hay una tienda 19.258108, -99.673646",Plateros 110B,"19.2575388,-99.67243339999999",Ocho Cedros,"Ocho Cedros, Segunda Sección"
9897,Pendiente,2026-05-07 14:39:00,2026-05-08 12:42:38,"Se detecto tres baches, en la calle de Plateros, en esquina de Laguna de Guzmán.",Plateros 110B,"19.2575388,-99.67243339999999",Ocho Cedros,"Ocho Cedros, Segunda Sección"
9896,Pendiente,2026-05-07 14:13:02,2026-05-08 12:41:24,"Se detectó dos baches, en la calle de Lago Peten, entre las vialidades de El Ejido y Manuel González ",Lago Petén 2113,"19.2598996,-99.67058279999999",Ocho Cedros,"Ocho Cedros, Segunda Sección"
9894,Pendiente,2026-05-07 13:25:32,2026-05-08 12:39:32,"Se detectó un bache profundo, en la calle de Lago Peten (entre las vialidades de Manuel González y El Ejido), esta cerca de una casa color crema. 19.260565, -99.670510",Lago Petén 1213,"19.2599864,-99.6705319",Ocho Cedros,"Ocho Cedros, Segunda Sección"
9893,Pendiente,2026-05-07 13:09:47,2026-05-08 12:36:56,"Se detectó dos baches, en la calle de Manuel González (entre las vialidades de Laguna de Tlachaloya y Laguna de la Gavia), como referencia hay un negocio de puertas automáticas.",General Manuel González 1003,"19.2603689,-99.66937279999999",Ocho Cedros,"Ocho Cedros, Segunda Sección"
9892,Pendiente,2026-05-07 12:58:45,2026-05-08 12:34:44,"Se detecto un bache de 2.10*1.80 aproximadamente, en la calle de Manuel González (entre las vialidades de Laguna de Tlachaloya y Laguna de La Gavia), cerca hay un negocio de puertas automáticas.",General Manuel González 1003,"19.2603689,-99.66937279999999",Ocho Cedros,"Ocho Cedros, Segunda Sección"
9891,Pendiente,2026-05-07 12:50:11,2026-05-08 12:14:36,"Se detecto un bache con una medida aproximada de 2*2,  el cual se encuentra en la calle de Manuel González (entre Eduardo González y Pichardo y Gran Lago del Oso) como referencia hay una casa verde y está cerca de la tortillería ""Los Cedros""",General Manuel González 711,"19.2602479,-99.6674369",Ocho Cedros,Ocho Cedros Ii
9890,Pendiente,2026-05-07 11:51:33,2026-05-08 12:13:11,Bache que ha venido abriéndose constantemente a raíz de qué se arregló esta Calle nunca ha quedado bien y es un peligro sobre todo cuando llueve para los vehículos que transitan por esta calle está enfrente de novedades y el local de Bicicleta Ciclo Extreme,C Benito Juárez Pte 243,"19.29604853629211,-99.6906641487809",San Mateo Oxtotitlan,Tierra Y Libertad
9883,Resuelto,2026-05-06 21:16:56,2026-05-08 12:11:13,"Bache, ya reportado con anterioridad, y solo le pusieron tierra, pero ya está de nuevo como antes,  genera mucho tráfico en una avenida principal como Pino Suarez Norte y descompostura de autos, por favor arréglenlo bien",Calle Norte José María Pino Suárez 505,"19.294355176800217,-99.65018952029826",Árbol De Las Manitas,Zopilocalco Sur
9882,Pendiente,2026-05-06 21:16:53,2026-05-08 12:10:16,"Bache, ya reportado con anterioridad, y solo le pusieron tierra, pero ya está de nuevo como antes,  genera mucho tráfico en una avenida principal como Pino Suarez Norte y descompostura de autos, por favor arréglenlo bien",Calle Norte José María Pino Suárez 505,"19.294355176800217,-99.65018952029826",Árbol De Las Manitas,Zopilocalco Sur
9873,Resuelto,2026-05-06 21:09:57,2026-05-08 12:02:50,"Hoyo que provoca descomposturas eñ autos 
y tráfico intenso 

",Avenida Oriente Santos Degollado 402-2,"19.29391803503758,-99.64989645806156",Centro Histórico,Santa Clara
9874,Resuelto,2026-05-06 21:09:57,2026-05-08 12:01:10,"Hoyo que provoca descomposturas eñ autos 
y tráfico intenso 

",Avenida Oriente Santos Degollado 402-2,"19.29391803503758,-99.64989645806156",Centro Histórico,Santa Clara
9875,Resuelto,2026-05-06 21:09:57,2026-05-08 12:01:39,"Hoyo que provoca descomposturas eñ autos 
y tráfico intenso 

",Avenida Oriente Santos Degollado 402-2,"19.29391803503758,-99.64989645806156",Centro Histórico,Santa Clara
9876,Resuelto,2026-05-06 21:09:57,2026-05-08 12:01:25,"Hoyo que provoca descomposturas eñ autos 
y tráfico intenso 

",Avenida Oriente Santos Degollado 402-2,"19.29391803503758,-99.64989645806156",Centro Histórico,Santa Clara
9877,Resuelto,2026-05-06 21:09:57,2026-05-08 12:02:25,"Hoyo que provoca descomposturas eñ autos 
y tráfico intenso 

",Avenida Oriente Santos Degollado 402-2,"19.29391803503758,-99.64989645806156",Centro Histórico,Santa Clara
9878,Resuelto,2026-05-06 21:09:57,2026-05-08 12:02:00,"Hoyo que provoca descomposturas eñ autos 
y tráfico intenso 

",Avenida Oriente Santos Degollado 402-2,"19.29391803503758,-99.64989645806156",Centro Histórico,Santa Clara
9879,Abierto,2026-05-06 21:09:57,2026-05-06 21:09:57,"Hoyo que provoca descomposturas eñ autos 
y tráfico intenso 

",Avenida Oriente Santos Degollado 402-2,"19.29391803503758,-99.64989645806156",Centro Histórico,Santa Clara
9880,Resuelto,2026-05-06 21:09:57,2026-05-08 12:03:05,"Hoyo que provoca descomposturas eñ autos 
y tráfico intenso 

",Avenida Oriente Santos Degollado 402-2,"19.29391803503758,-99.64989645806156",Centro Histórico,Santa Clara
9881,Resuelto,2026-05-06 21:09:57,2026-05-08 12:03:25,"Hoyo que provoca descomposturas eñ autos 
y tráfico intenso 

",Avenida Oriente Santos Degollado 402-2,"19.29391803503758,-99.64989645806156",Centro Histórico,Santa Clara
9871,Resuelto,2026-05-06 21:09:02,2026-05-08 12:00:55,"Hoyo que provoca descomposturas eñ autos 
y tráfico intenso 

",Avenida Oriente Santos Degollado 402-2,"19.29391803503758,-99.64989645806156",Centro Histórico,Santa Clara
9872,Resuelto,2026-05-06 21:09:02,2026-05-08 12:00:41,"Hoyo que provoca descomposturas eñ autos 
y tráfico intenso 

",Avenida Oriente Santos Degollado 402-2,"19.29391803503758,-99.64989645806156",Centro Histórico,Santa Clara
9870,Resuelto,2026-05-06 21:08:52,2026-05-08 12:00:23,"Hoyo que provoca descomposturas eñ autos 
y tráfico intenso 

",Avenida Oriente Santos Degollado 402-2,"19.29391803503758,-99.64989645806156",Centro Histórico,Santa Clara
9869,Pendiente,2026-05-06 21:08:47,2026-05-08 11:58:16,"Hoyo que provoca descomposturas eñ autos y tráfico intenso 

",Avenida Oriente Santos Degollado 402-2,"19.29391803503758,-99.64989645806156",Centro Histórico,Santa Clara
9866,Pendiente,2026-05-06 19:09:49,2026-05-08 11:42:43,a 20 metros del oxxo de paseo Matlazincas,Árbol de Las Manitas 148,"19.297595899999997,-99.64647980000001",Árbol De Las Manitas,Lomas Altas
9850,Pendiente,2026-05-06 10:56:12,2026-05-08 11:40:59,"Se detectaron nueve baches en la calle de Arcadio Henkel, entre las vialidades de El Ejido y Manuel González ",Arcadio Henkel 1807,"19.2595198,-99.6661805",Ocho Cedros,Ocho Cedros Ii
9835,Abierto,2026-05-05 15:17:38,2026-05-05 15:17:38,"En obras recientes realizaron mantenimiento a la calle pero dejaron dos baches sin cubrir y tienen un diámetro amplio al igual que la profundidad. ",Laguna de Tlachaloya 100,"19.2709288,-99.6671468",Seminario Conciliar,Seminario Tercera Sección
9826,Pendiente,2026-05-04 12:36:33,2026-05-08 11:31:34,"frente a pinturas axalta ",Paseo General Vicente Guerrero 318,"19.2785139,-99.6708934",Ciudad Universitaria,Vicente Guerrero
9825,Pendiente,2026-05-04 12:31:53,2026-05-08 11:30:41,frente al número 324,Paseo General Vicente Guerrero 519-a,"19.277844899999998,-99.6698589",Morelos,Federal (adolfo López Mateos)
9809,Resuelto,2026-05-01 19:17:51,2026-05-08 11:27:19,"Pasando puente peatonal de Ciudad Universitaria, a la altura de la Iglesia del Camino",Avenida Poniente Paseo Tollocan,"19.283708106700193,-99.68046429128773",Ciudad Universitaria,Plazas De San Buenaventura
9808,Resuelto,2026-05-01 19:17:48,2026-05-08 11:26:31,"Pasando puente peatonal de Ciudad Universitaria, a la altura de la Iglesia del Camino",Avenida Poniente Paseo Tollocan,"19.283708106700193,-99.68046429128773",Ciudad Universitaria,Plazas De San Buenaventura
9807,Pendiente,2026-05-01 18:22:02,2026-05-08 11:23:45,"varios baches en  toda la calle ",Federación 766,"19.275097499999998,-99.6251032",Santa Ana Tlapaltitlan,16 De Septiembre
9795,Abierto,2026-04-30 19:13:52,2026-04-30 19:13:52,"Es la avenida que se utiliza para llegar a la unidad, desde el año pasado la estoy reportando y no para que nos puedan ayudar ya que es complicado transita ",134,"19.394775532626223,-99.64274178586706",San Pablo Autopan,Galaxia Toluca
9782,Pendiente,2026-04-29 16:39:00,2026-05-08 11:13:40,hay muchos baches,Avenida Cuauhtémoc 110,"19.303885899999997,-99.58745599999999",Santa Maria Totoltepec,Del Centro
9781,Pendiente,2026-04-29 16:06:48,2026-05-08 11:12:44,La calle ya se encuentra intransitable. Desde que empieza Av. cuauhtémoc hasta que topa con paseo Totoltepec.,Avenida Cuauhtémoc 107,"19.3036297,-99.58753229999999",Santa Maria Totoltepec,Del Centro
9775,Resuelto,2026-04-28 18:01:01,2026-05-08 11:09:48,"En la calle reportada completamente baches y hoyos osbbstruyendi tráfico y golpes a autos ",Calle Alejandro de Humboldt 201,"19.29123685889005,-99.64874038762058",Centro Histórico,Santa Clara
9774,Pendiente,2026-04-28 18:00:12,2026-05-08 11:07:28,"Se encuentra hecha pedazos la vialidad completa dañando los vehículos.  moleta ",Avenida Industria Automotriz 18–56,"19.295151362850966,-99.56767505355113",Santa Maria Totoltepec,Coecillo
9771,Pendiente,2026-04-28 12:41:24,2026-05-08 11:00:15,frente a la base de taxis de la parada de tres caminos está un bache enorme que no permite buena circulación a un costado del oxxo de tres caminos,Boulevard Isidro Fabela 855B,"19.3049453,-99.6438022",La Maquinita,Los Ángeles
9766,Pendiente,2026-04-28 08:01:21,2026-05-08 10:57:13,"se solicita  a las autoridades a quien corresponda el encarpetado de 400 metro aproximadamente de la calle Emiliano Zapata que se encuentra ubicada  entre las calles Miguel Hidalgo y Juan Fernández Albarrán.

calle que es muy transitada tanto por comerciantes  y transeúntes de distintos labores industriales particular y escolar ",Calle Ignacio López Rayón 1293,"19.3442877,-99.5919",San Mateo Otzacatipan,San José Guadalupe Otzacatipan
9762,Abierto,2026-04-27 17:53:43,2026-04-27 17:53:43,"frente a bodega Aurrera, la entrada a crespa Town calle albert Einstein, esquina con Vicente lombardo toledano 
se presenta el problema desde la esquina hasta aproximadamente 300 metros adelante",Calle Alberto Einstein 200,"19.3021214,-99.6069122",Santa Ana Tlapaltitlan,Buena Vista
9756,Resuelto,2026-04-27 16:59:12,2026-05-08 11:02:48,"en la intersección de la calle Mariano Matamoros esquina con Las Torres
",Calle Mariano Matamoros 1397,"19.267565357703983,-99.65673848083787",Moderna De La Cruz,Moderna De La Cruz I
9755,Pendiente,2026-04-27 16:59:08,2026-05-08 11:01:31,"en la intersección de la calle Mariano Matamoros esquina con Las Torres
",Calle Mariano Matamoros 1397,"19.267565357703983,-99.65673848083787",Moderna De La Cruz,Moderna De La Cruz I
9753,Resuelto,2026-04-27 15:14:29,2026-05-08 12:33:18,"bache a un costado de la banqueta 
frente a bodega MCAT ",Calle Libertad 445,"19.296169,-99.6155507",Santa Ana Tlapaltitlan,Buena Vista
9746,Resuelto,2026-04-26 16:59:01,2026-05-08 10:39:43,"Muchos baches en la calle la Malinche ya con mucho tiempo de existir y la calle ya no es transitable ",Calle La Malinche Sur 205,"19.311984007727276,-99.62169151826528",San Lorenzo Tepaltitlan,La Loma
9745,Pendiente,2026-04-26 16:58:59,2026-05-08 10:37:55,"Muchos baches en la calle la Malinche ya con mucho tiempo de existir y la calle ya no es transitable ",Calle La Malinche Sur 205,"19.311984007727276,-99.62169151826528",San Lorenzo Tepaltitlan,La Loma
9741,Pendiente,2026-04-26 11:47:34,2026-05-08 10:36:25,"Baches muy grandes a una cuadra de la iglesia de Tecaxic ",Tierra y Libertad 9,"19.3259342,-99.7157201",Tecaxic,Tecaxic Poniente
9734,Pendiente,2026-04-25 09:16:20,2026-05-08 10:35:12,baches en calle principal y avenifa,Calle Prolongación Paseo Totoltepec 102,"19.3124474,-99.5856244",Santa María Totoltepec,Arboledas
9733,Pendiente,2026-04-25 09:14:06,2026-05-08 10:31:18,baches sobre la vialidad llevan más de un año sin reparacion,Calle Prolongación Paseo Totoltepec #102,"19.3102891,-99.58558470000001",Santa María Totoltepec,Arboledas
9729,Pendiente,2026-04-24 14:09:08,2026-05-08 10:28:48,"Calle del Rosal, hay una casa color blanco con rojo despistada. casi esquina del Rosal, del lado izquierdo una casa color verde y casa Rojo con rosa ",Calle del Rosal 1406,"19.2704125,-99.63788319999999",Santa María De Las Rosas,La Magdalena
9727,Pendiente,2026-04-24 14:01:01,2026-05-08 10:23:35,"Entre Plan de Ayala esquina del Rosal, Del lado Izquierdo esta una tienda de abarrotes color blanco con azul, del lado derecho hay un negocio de de Lonas color verde pistache. casi llegando a avenida las torres",Calle del Rosal 14,"19.2704955,-99.6374797",Santa María De Las Rosas,La Magdalena
9720,Pendiente,2026-04-24 09:11:09,2026-05-08 10:20:46,"Dos baches enfrente de la universidad de la concordia  quedaron sin reparar desde que los de municipio vinieron a reparar una fuga y cada vez se está haciendo más grande 19.292538, -99.650123",Calle José María Pino Suárez 108,"19.289147283730102,-99.6501234163362",Centro Histórico,5 De Mayo
9717,Pendiente,2026-04-23 18:55:36,2026-05-08 10:17:42,"En la calle Miguel Hidalgo se encuentra el deterioro  hasta Miguel Hidalgo sur ",Miguel Hidalgo 14,"19.320363699999998,-99.57141850000001",San Pedro Totoltepec,Nueva San Francisco
9715,Pendiente,2026-04-23 17:26:51,2026-05-08 10:15:48,"Desde la vuelta hasta la vialidad se visualizan diferentes Baches a lo largo de la calle, son un riesgo pues la calle es una vialidad principal y se necesita el apoyo de bacheo",Juan José Martínez de Los Reyes 26,"19.333211,-99.6060352",San Mateo Otzacatipan,Poniente Ii
9714,Pendiente,2026-04-23 17:20:40,2026-05-08 10:14:12,"Desde la vialidad López Portillo hasta la vuelta de la calle Juan José Martínez de los reyes, se presentan a lo largo más de 50 baches de diferentes diámetros, es una calle de acceso principal y muy transitada, por lo que se solicita el apoyo. ",Juan José Martínez de Los Reyes 12,"19.333524099999998,-99.6070917",San Mateo Otzacatipan,Poniente Ii
9713,Pendiente,2026-04-23 14:34:42,2026-05-08 10:12:26,"varios baches en toda la calle 
presenta mucho deterioro la carpeta asfaltica",Calle I. M. Altamirano 119,"19.2844886,-99.6519366",Centro Histórico,5 De Mayo
9711,Pendiente,2026-04-23 12:11:24,2026-05-08 10:11:24,varios baches en toda la calle presenta mucho daño toda la carpeta asfaltica,Calle I. M. Altamirano #66,"19.2849513,-99.6522263",Centro Histórico,5 De Mayo
9710,Resuelto,2026-04-23 12:08:53,2026-05-08 10:09:49,"Varios Baches en todo el tramo de la calle
presenta mucho desterioro la carpeta asfaltica",Calle I. M. Altamirano #66,"19.2849513,-99.6522263",Centro Histórico,5 De Mayo
9709,Pendiente,2026-04-23 12:05:48,2026-05-08 10:07:48,toda la calle llena ee baches presenta mucho daño la carpeta asfaltica,Calle I. M. Altamirano #66,"19.2849513,-99.6522263",Centro Histórico,5 De Mayo
9708,Pendiente,2026-04-23 09:15:05,2026-05-08 10:06:17,"Entre las ",Privada del Centenario 3,"19.311818894199597,-99.57546534318442",San Pedro Totoltepec,Manzana Sur
9688,Resuelto,2026-04-21 17:46:31,2026-05-08 10:04:18,Enfrete de mi casa con Zaguan Naranja y paredes Blancas y del otro lado de la calle hay una farmacia enfrente no hay mas baches cerca asi de grandes se van mis carros cada que salgo de li casa,Calle Miguel Hidalgo y Costilla Norte 22,"19.31668813999714,-99.62317313690482",San Lorenzo Tepaltitlan,El Charco
9670,Pendiente,2026-04-20 17:12:13,2026-04-20 17:59:07,"es leona vicario desde lerdo hasta av. de los maestros toda la calle ya es un caos y más que ahora los autobuses que pasan de independencia tomaron está calle para acortar camino hacia la maquinita. ",Calle Leona Vicario 404,"19.2940445,-99.64581489999999",Centro Histórico,Santa Clara
9644,Abierto,2026-04-20 08:09:48,2026-04-20 08:09:48,"frente a una nave industrial se encuentra un hoyo profundo que no permite pasar a los coches provocando que las motos derrapen mando las evidencias necesarias ",Calle Alberto Einstein 11,"19.299950799999998,-99.6082656",Santa Ana Tlapaltitlan,Buena Vista
9636,Resuelto,2026-04-19 19:08:48,2026-04-20 11:25:51,"Avenida Humboldt # 105 entre Primero de Mayo e Hidalgo enfrente Jardín 5 de Mayo, Templo Santa Clara, baches que hacen un cuello de botella y descomponen suspensión de los auto y no pueden avanzar y genera mucho tráfico ",Calle Alejandro de Humboldt 105,"19.28951752470432,-99.64858316546679",Centro Histórico,5 De Mayo
9635,Resuelto,2026-04-19 19:07:01,2026-04-20 11:25:18,"Avenida Humboldt # 100 entre Primero de Mayo e Hidalgo enfrente Jardín 5 de Mayo, Templo Santa Clara, baches que hacen un cuello de botella y descomponen suspensión de los auto y no pueden avanzar y genera mucho tráfico ",Calle Alejandro de Humboldt 100,"19.290192358486888,-99.64858474473554",Centro Histórico,Santa Clara
9634,Resuelto,2026-04-19 19:04:19,2026-04-20 11:25:01,"Avenida Humboldt # 101 entre Primero de Mayo e Hidalgo baches que hacen un cuello de botella y descomponen suspensión de los auto y no pueden avanzar y genera mucho tráfico ",Calle Alejandro de Humboldt 101,"19.290130171935633,-99.64868723060613",Centro Histórico,Santa Clara
9633,Resuelto,2026-04-19 19:02:33,2026-04-20 11:24:50,"Avenida Humboldt # 100 entre Primero de Mayo e Hidalgo baches que hacen un cuello de botella y descomponen suspensión de los auto y no pueden avanzar y genera mucho tráfico ",Calle Alejandro de Humboldt 100,"19.29022251966029,-99.64865718163158",Centro Histórico,Santa Clara
9632,Resuelto,2026-04-19 19:00:45,2026-04-20 11:24:39,"Avenida Humboldt # 520 entre Primero de Mayo e Hidalgo baches que hacen un cuello de botella y descomponen suspensión de los auto y no pueden avanzar y genera mucho tráfico ",Calle Alejandro de Humboldt 520,"19.290516493202723,-99.64861644842522",Centro Histórico,Santa Clara
9631,Resuelto,2026-04-19 18:57:21,2026-04-20 11:24:29,"Avenida Humboldt # 102A entre Independencia  y Primero baches que hacen un cuello de botella y descomponen suspensión de los auto y no pueden avanzar y genera mucho tráfico ",Calle Alejandro de Humboldt 100,"19.28970019207528,-99.64870645038901",Centro Histórico,5 De Mayo
9630,Resuelto,2026-04-19 18:53:51,2026-04-20 11:24:09,"Avenida Humboldt # 106 entre Independencia  y Primero baches que hacen un cuello de botella y descomponen suspensión de los autos, los carros no pueden avanzar y genera mucho tráfico 
",Calle Alejandro de Humboldt 106,"19.290735760110906,-99.64865308137712",Centro Histórico,Santa Clara
9629,Resuelto,2026-04-19 18:51:11,2026-04-20 11:23:58,"Avenida Humboldt # 405 entre Independencia  y Primero baches que hacen un cuello de botella y descomponen suspensión de los autos, los carros no pueden avanzar y genera mucho tráfico 
",Calle 1 de Mayo 405,"19.291401163846086,-99.64952242735846",Centro Histórico,Santa Clara
9628,Resuelto,2026-04-19 18:49:26,2026-04-20 11:23:04,"Avenida Humboldt # 205, entre Independencia  y Primero baches que hacen un cuello de botella y descomponen suspensión de los autos, los carros no pueden avanzar y genera mucho tráfico ",Calle Alejandro de Humboldt 205,"19.2919913574448,-99.64875178911626",Centro Histórico,Santa Clara
9627,Pendiente,2026-04-19 18:42:09,2026-04-20 10:07:14,"Avenida Pino Suarez Norte #400 entre Santos Degollado y Lerdo un cuello de botella porque los carros no pueden avanzar ",Calle Norte José María Pino Suárez 400,"19.293633005776165,-99.65007747832594",Centro Histórico,Santa Clara
9626,Resuelto,2026-04-19 18:38:43,2026-04-20 10:05:20,"Avenida Pino Suarez Norte #504, entre Gomez Pedraza y Santos Degollado, bache que hace un cuello de botella porque los carros no pueden avanzar ",Calle Norte José María Pino Suárez 505,"19.29429875750382,-99.65024321946176",Árbol De Las Manitas,Zopilocalco Sur
9625,Pendiente,2026-04-19 18:34:52,2026-04-20 10:03:20,"Avenida Pino Suarez Norte #504, entre calles Gomez Pedraza y 
Santiz ",Calle Norte José María Pino Suárez 504,"19.294518164160042,-99.65011829204522",Árbol De Las Manitas,Niños Héroes (pensiones)
9622,Resuelto,2026-04-19 14:45:02,2026-05-13 10:29:58,por favor corregir bache muy peligroso entre calles Juan Aldama y Benito Juárez col del parque frente a la recauderia y un costado de papelería el nevado.,Calle General Julio Pardinas 190,"19.2652491,-99.65376599999999",Del Parque,Del Parque I
9621,Resuelto,2026-04-19 14:40:20,2026-04-20 11:18:05,Bache profundo producto del desgaste del asfalto en la calle Gomez Farias  casi esquina con allende,Valentín Gómez Farías 205,"19.285352000000003,-99.6555017",Centro Histórico,Francisco Murguía (el Ranchito)
9620,Resuelto,2026-04-19 14:34:55,2026-04-20 11:17:24,"Bache muy profundo en la calle Gomez Farias  esquina con Sor Juana  producto de la reparacion de una fuga de agua ",Valentín Gómez Farías 207,"19.2855424,-99.6514615",Centro Histórico,5 De Mayo
9618,Resuelto,2026-04-18 15:42:38,2026-04-20 11:15:33,Bache en la mera esquina que ocasiona tráfico,Calle Sor Juana Inés de la Cruz 500,"19.285290394584955,-99.65140386234933",Centro Histórico,5 De Mayo
9617,Resuelto,2026-04-18 15:42:33,2026-04-20 11:14:56,Bache en la mera esquina que ocasiona tráfico,Calle Sor Juana Inés de la Cruz 500,"19.285290394584955,-99.65140386234933",Centro Histórico,5 De Mayo
9615,Resuelto,2026-04-18 15:30:46,2026-05-08 16:36:32,"El bache ha ido creciendo desde mi último reporte, se encuentra exactamente en esquina de Vialidad las Torres y Laguna de Tlachaloya, entre las calles Laguna de San Pablo y Felipe Villanueva.",Laguna de Tlachaloya Laguna de Tlachaloya & Boulevard Solidaridad las Torres,"19.2709992,-99.6671348",Seminario Conciliar,Seminario Tercera Sección
9601,Pendiente,2026-04-17 20:34:49,2026-04-20 09:46:08,"baches muy profundos en la calle Rayón  afuera de Suburbia  frente  a # 215 entre Instituto Literario y Morelos  baches muy peligrosos
(MD:19.287088, -99.652840) Rayon",Avenida Benito Juárez Garcia Sur 211,"19.2870995,-99.6536301",Centro Histórico,5 De Mayo
9598,Resuelto,2026-04-17 18:14:35,2026-05-08 14:58:34,"Bacue enorme dejado despues de la reparación de una fuga
",Calle Árbol Las Manitas 150,"19.297380482424273,-99.64639073095883",Árbol De Las Manitas,Lomas Altas
9595,Resuelto,2026-04-17 17:35:28,2026-05-12 14:19:46,"frente a la panadería Divino rostro, casi a la mitad de la calle, también enfrente de local de vestidos ",20 de Noviembre 202,"19.292130699999998,-99.6880364",San Mateo Oxtotitlan,20 De Noviembre
9586,Resuelto,2026-04-17 13:53:36,2026-04-17 16:59:46,toda la calle,Guadalupe Victoria 21,"19.3786275,-99.6388346",San Pablo Autopan,Jicaltepec Autopan
9581,Pendiente,2026-04-17 11:34:22,2026-04-17 12:45:49,"15 baches en todo el tramo de la calle Juan Alvarez entre la calles Rayón y Altamirano
que representan un riesgo al ser esta una calle muy transitada",Juan Álvarez 307,"19.2842453,-99.6523052",Centro Histórico,5 De Mayo
9580,Abierto,2026-04-17 11:14:15,2026-04-17 11:14:15,"baches en la calle Alberto Einstein, esquina Vicente lombardo toledano ",Paseo Vicente Lombardo Toledano 4810,"19.3058689,-99.6047045",San Mateo Otzacatipan,Vicente Lombardo
9578,Resuelto,2026-04-17 09:04:23,2026-05-12 18:13:16,"bacheo urgente por favor (MD: 19.246448, -99.702280) MONTES DE OCA Y CORREDORES",Avenida V. Guerrero 111,"19.2480166,-99.704127",Cacalomacan,Del Centro
9574,Pendiente,2026-04-17 07:20:10,2026-04-17 12:33:02,"a la mitad de la calle,  es una reparación de agua y en general la calle en mal estado. atrás torre de issemym ",Emilio Baz 102,"19.290964,-99.66330029999999",Centro Histórico,La Merced (alameda)
9566,Pendiente,2026-04-16 18:41:03,2026-04-17 12:31:11,Hago la solicitud depara que vengan a tapar este bache que se dejó a raíz de una fuga de agua y ya está ocasionando accidentes viales,Avenida Oriente 5 de Mayo 508,"19.285067672827928,-99.64609114977772",Centro Histórico,5 De Mayo
9556,Pendiente,2026-04-16 15:51:59,2026-04-16 16:20:36,tres baches generados por tomas de agua qué ya generaron baches profundos qué ya varios años sin repararse en la calle de las americas casi esquina con ave mexico,De Las Americas 300 Bis,"19.2816983,-99.6483973",Universidad,Américas
9555,Pendiente,2026-04-16 15:08:36,2026-04-16 16:19:02,Bache a media calle profundo derivado de una reparación  de drenaje general por parte de agua y saneamiento,Rep. de Colombia 403,"19.2811982,-99.64424059999999",Universidad,Américas
9552,Pendiente,2026-04-16 12:55:52,2026-04-16 16:17:21,"Frente al deposito de cerveza Los Perritos, hay demasiados baches, ya es imposible circular",Avenida Cuauhtémoc 23,"19.303512299999998,-99.58926439999999",Santa Maria Totoltepec,Del Centro
9545,Resuelto,2026-04-16 08:57:26,2026-04-16 10:24:45,"Frente a un negocio y son 2 baches están sobre la carretera ",Carretera Toluca-Atlacomulco 3009,"19.32103064762725,-99.6543600113299",Santa Cruz Atzcapotzaltongo,Santa Cruz Norte
9544,Abierto,2026-04-16 07:01:53,2026-04-16 07:01:53,toda esta calle se encuentra con hoyos desde la entrada o carretera principal hasta topar con la siguiente calle hay hoyos ya de más de 4 a 5 m de diámetro Hoyos de un metro y hoyos de medio metro de diámetro todavía no son muy profundos pero afectan mucho la vialidad,Luis Procuna 200,"19.371025300000003,-99.5822047",Sauces,Villas Santín I
9543,Pendiente,2026-04-16 00:25:22,2026-04-16 10:19:34,"es toda la calle que se llama lerma  en la esquina hay un oxxo   y lleva hacia san diego linares
",Calle Lerma,"19.38742580669277,-99.64369611058429",San Pablo Autopan,San Diego Linares
9536,Resuelto,2026-04-15 18:12:17,2026-05-08 16:53:10,"Baches profundo desde hace más de 1 año ",Calle Arcadio Henkel 323,"19.27598977546904,-99.66396980992872",Morelos,Morelos Segunda Sección
9535,Resuelto,2026-04-15 18:10:10,2026-05-08 16:56:45,Bache cercano a coladera,Calle Arcadio Henkel 312,"19.27635533560152,-99.663971861625",Morelos,Morelos Segunda Sección
9533,Abierto,2026-04-15 16:45:36,2026-04-15 16:45:36,En la vialidad de albert einstein en sentido a p. Vicente lomardo justo en la esquina. Esta este mega bache que requiere atención urgente,Calle Albert Einstein 397,"19.30531250923167,-99.60486530450268",San Mateo Otzacatipan,Vicente Lombardo
9529,Abierto,2026-04-15 12:37:29,2026-04-15 12:37:29,"Bache grande en prolongación albert einsten esquina Vicente lombardo toledano 
",Calle Albert Einstein 397,"19.305677626547364,-99.60479016215345",San Mateo Otzacatipan,Vicente Lombardo
9528,Resuelto,2026-04-15 12:09:54,2026-05-15 11:16:36,"por favor corregir baches en la esquina de las calles Mariano Matamoros y Vialidad solidaridad las torres, colonia moderna de la cruz. (MD:19.267659, -99.656754)",esquina con Gral.Panfilo Najera G.,"19.2670376,-99.6552713",Del Parque,Del Parque I
9518,Pendiente,2026-04-14 18:17:55,2026-04-16 10:03:22,"tengo un problema de baches en la calle, que necesitan ser tapados a la brevedad",Llano Chico 130,"19.2738801,-99.68869169999999",San Buenaventura,Pensador Mexicano
9517,Abierto,2026-04-14 17:24:20,2026-04-14 17:24:20,"Atrás de Price Shoes, junto a Psico",Manuel Ma. Contreras 208,"19.2853907,-99.63617990000002",San Sebastian,San Sebastián Y Vértice
9515,Pendiente,2026-04-14 15:07:33,2026-04-14 15:14:56,"Se encuentra al terminar la calle de encinos casi para llegar a Av Matamoros ",Av. Encinos & Av. Acacias,"19.353375,-99.59867969999999",Sauces,Sauces I
9513,Resuelto,2026-04-14 14:52:15,2026-05-11 15:54:20,"Reportando un mega baches, casi socovones, urge el bacheo calle muy transitada por transeúntes y vehículos 

",Parque Bosencheve 1505,"19.2848981,-99.69365979999999",Adolfo López Mateos,Parques Nacionales Ii
9508,Resuelto,2026-04-14 13:02:45,2026-05-13 10:45:19,Bache generado por personal de agua y saneamiento de TolucaSi,Calle Norte José María Pino Suárez 502,"19.294351141573586,-99.65002436510315",Árbol De Las Manitas,Niños Héroes (pensiones)
9501,Pendiente,2026-04-14 08:53:30,2026-04-14 14:05:15,"la calle independencia que va del centro de San Mateo Otzacatipan hacia San Lorenzo hace una semana vinieron a realizar bacheo, pero no sé por qué motivo esa área que estoy indicando en las fotografías de acuerdo a las calles que indico, No concluyeron ese tramo de 10 m que está en pésimas condiciones y es intransitable para autos pequeños, el día de hoy una señora que viajaba hacia la escuela con su hijo en una moto se cayó precisamente por la magnitud de los baches. es una obra inconclusa de bacheo porque ya no están las personas o los trabajadores que hicieron la semana pasada el programa de bacheo, exijo la ayuda de manera respetuosa porque las obras se quedan inconclusas y no es justo que no puedan terminar lo que traen en el programa de bacheo y se brinquen esa área para continuar más adelante.",Paseo Otzacatipan 132,"19.3270607,-99.6071066",San Mateo Otzacatipan,Poniente Ii
9500,Pendiente,2026-04-14 08:21:01,2026-04-14 14:06:15,"la calle Vicente Guerrero desde la esquina de fray Servando Teresa de Mier hasta la calle José María Morelos y Pavón rumbo a San Pedro Totoltepec, se encuentra en situaciones muy deplorables requiere mantenimiento urgente ya que pusieron unos topes y está generando muchos problemas, está dañando mucho los vehículos y es un problema de salud muy grave para personas que tienen algún problema de salud.",Vicente Suárez 877,"19.3201659,-99.57887889999999",San Pedro Totoltepec,San Miguel Totoltepec
9489,Abierto,2026-04-13 19:45:25,2026-04-13 19:45:25,"Solicito la reparacion de  que estan haciendo corto en la calle Melchor Ocampo 96 entre Las Torres y Jalisco en san Cristobal huchochitlan
en atención al oficial 205010000/9222025 suscrito por el y mansalva director general de seguridad y protección mediante el cual se determino  factible la instalación  de dos RV Reductores de velocidad de mezcla asfáltica en la calle melcho ocampo en intersección con las torres delegación  san cristobal Huichitlan 
al respecto me  permito  informar a usted que el departamento  bacheo señalamiento vial programará lo referente dentro de las actividades  a realizar  conforme a la agenda de trabajo disponibilidad de los  recursos 4 meses  ",Melchor Ocampo 208,"19.337838299999998,-99.6242894",San Cristobal Huichochitlan,La Concepción
9480,Resuelto,2026-04-13 11:40:13,2026-04-13 14:47:04,"Calle Ebanos, desde la bomba de agua de Sauces 1, hasta la secundaria. ",Calle Ricardo Flores Magón 153,"19.354325,-99.6015503",San Cristobal Huichochitlan,San José Guadalupe
9478,Pendiente,2026-04-13 09:33:25,2026-04-13 14:42:34,"sobre 16 de septiembre entre reforma y Felipe Chavez 
",16 de Septiembre 28,"19.323391,-99.540556",El Cerrillo Vista Hermosa,El Cerrillo
9466,Abierto,2026-04-12 13:30:23,2026-04-12 13:30:23,"Tapa de coladera de agua provoca accidentes a trausentes y auros ",Parque Isla de Las Aves 1305,"19.2804427,-99.68979259999999",Adolfo López Mateos,Parques Nacionales I
9460,Resuelto,2026-04-12 09:10:04,2026-04-13 14:23:52,frente al oxxo de Villas Santín y frente de verdulería “La bodeguita”,Avenida Arbolada,"19.370703172741788,-99.58090396677468",Sauces,Villas Santín Ii
9444,Resuelto,2026-04-10 16:04:25,2026-05-08 17:05:32,"frente casa verde y casa blanca ",Calle Epigmenio de la Piedra 108,"19.2860258,-99.6700502",Ciudad Universitaria,San Bernardino
9443,Resuelto,2026-04-10 16:01:04,2026-05-08 17:07:32,frente casa blanca y casa verde,Calle Epigmenio de la Piedra 108,"19.2860258,-99.6700502",Ciudad Universitaria,San Bernardino
9442,Resuelto,2026-04-10 15:57:32,2026-05-08 17:08:15,"Enfrente de casa verde de lado derecho y frente a casa blanca del lado izquierdo ",Calle Epigmenio de la Piedra 107,"19.2860773,-99.66980369999999",Ciudad Universitaria,San Bernardino
9440,Resuelto,2026-04-10 13:52:44,2026-04-10 17:52:28,"Es una calle q ya parece rural , yo creo q ya ya no se necesita bachear ya ocupamos pavimentar  toda la calle  bachear ",Calle Issac Newton 204,"19.304424740838048,-99.63186308727119",Independencia,Las Torres (científicos)
9432,Abierto,2026-04-10 11:59:05,2026-04-10 11:59:05,"Registro roto sobre la banqueta de la calle Paseo de los Eucaliptos, a enfréntese lado izquierdo de la creencia de Rancho Santin .        izquierdo ",Paseo de Los Eucaliptos 13,"19.35867791290391,-99.59150451112126",Sauces,Sauces Iii
9430,Pendiente,2026-04-10 11:51:37,2026-04-10 17:50:03,"Ya son 25 hoyos en el pavimento y es perjudicial a los traseuntes por pisar piedras sueltas los carros  es necesario que atiendan las vialidades por favor 
y han lastimado a perdonas que van caminando y a los carros estacionado (Paseo de los tamarindos y Av de los sauces)
",Avenida de Las Flores,"19.35439923892284,-99.59386316472576",Sauces,Sauces Ii
9426,Resuelto,2026-04-10 10:40:36,2026-04-10 17:39:54,frente la tienda 3 B,Avenida V. Guerrero 100,"19.2497473,-99.7042689",Cacalomacan,Del Centro
9425,Resuelto,2026-04-10 10:36:15,2026-04-10 17:38:46,socavón entre calle Morelos e hidalgo urgente crece,De Los Cuervos 6,"19.2461773,-99.70161",Cacalomacan,Rancho San Miguel Zacango
9424,Abierto,2026-04-10 10:24:28,2026-04-10 10:24:28,"Acaban de bachear y ya se está hundiendo ",Avenida de Los Encinos 53,"19.357993798039853,-99.59514864333977",Sauces,Sauces I
9423,Abierto,2026-04-10 10:24:25,2026-04-10 10:24:25,"Acaban de bachear y ya se está hundiendo ",Avenida de Los Encinos 53,"19.357993798039853,-99.59514864333977",Sauces,Sauces I
9422,Abierto,2026-04-10 10:24:11,2026-04-10 10:24:11,Apenas se tapó ese bache y ya se está haciendo hoya,Calle Tamarindos,"19.35850869277835,-99.59513020639967",Sauces,Sauces I
9421,Abierto,2026-04-10 10:20:37,2026-04-10 10:20:37,"Material que se dejó en el último bacheo que se hizo y ",Calle Tamarindos,"19.358441637830264,-99.59506806979654",Sauces,Sauces I
9420,Abierto,2026-04-10 10:19:39,2026-04-10 10:19:39,"Se reporta que dejaron mucho material tirado ",Avenida de Los Encinos 53,"19.358254753797727,-99.5950538786998",Sauces,Sauces I
9419,Abierto,2026-04-10 10:19:38,2026-04-10 10:19:38,"Se reporta que dejaron mucho material tirado ",Avenida de Los Encinos 53,"19.358254753797727,-99.5950538786998",Sauces,Sauces I
9418,Pendiente,2026-04-10 10:15:23,2026-04-10 17:31:52,"Se encuentra sobre av tamarindos casi esquina con encinos ",Privada de Los Laureles,"19.358145395781516,-99.59493640393964",Sauces,Sauces I
9417,Pendiente,2026-04-10 10:15:10,2026-04-10 17:30:48,Calle de uso calle de uso de transporte público,Calle Tamarindos,"19.358388878833455,-99.59496673509906",Sauces,Sauces I
9416,Pendiente,2026-04-10 10:12:31,2026-04-10 17:30:12,"Se encuentra en av tamarindos y av encinos ",Privada de Los Jazmines,"19.358086448117717,-99.59468588622053",Sauces,Sauces I
9415,Pendiente,2026-04-10 10:11:32,2026-04-10 17:27:32,bache extendido de aproximadamente un metro 20 cm y 12 baches más en un tramo aproximado de 30 metros hacia encinos,Tamarindos 379,"19.3579909,-99.59406399999999",Sauces,Sauces I
9414,Resuelto,2026-04-10 10:10:22,2026-04-10 17:25:56,"Se encuentra en tamarindos casi esquina con encinos ",Calle Tamarindos,"19.358202122703428,-99.59467602533775",Sauces,Sauces I
9413,Pendiente,2026-04-10 10:10:19,2026-04-10 17:24:45,"Se encuentra en tamarindos casi esquina con encinos ",Calle Tamarindos,"19.358202122703428,-99.59467602533775",Sauces,Sauces I
9412,Pendiente,2026-04-10 10:10:03,2026-04-10 17:23:45,"Calle caty, que forma parte de la ruta de salida de transporte público y transporte, en general, así como privado",Calle Tamarindos,"19.358152846371578,-99.59466361098822",Sauces,Sauces I
9411,Pendiente,2026-04-10 10:08:15,2026-04-10 17:23:02,"bache profundo cargado hacia el lado derecho de la calle entrando por encinos 
frente a privada retorno de margaritas y heliotropos",Tamarindos 379,"19.3579909,-99.59406399999999",Sauces,Sauces I
9410,Resuelto,2026-04-10 10:07:25,2026-04-10 17:22:21,"Calle de salida de transporte público y en general del fraccionamiento ",Calle Tamarindos,"19.357950826239716,-99.59424064147379",Sauces,Sauces I
9409,Pendiente,2026-04-10 10:07:21,2026-04-10 17:21:39,"Calle de salida de transporte público y en general del fraccionamiento ",Calle Tamarindos,"19.357950826239716,-99.59424064147379",Sauces,Sauces I
9408,Pendiente,2026-04-10 10:06:48,2026-04-10 17:20:53,"Se encuentra en av tamarindos casi esquina con encinos bache muy profundo ",Paseo de Los Sauces 9-101,"19.357443000027324,-99.59421764737124",Sauces,Sauces I
9407,Pendiente,2026-04-10 10:05:19,2026-04-10 17:19:56,"baches enormes en medio de la calle, es una vialidad de mucho tráfico porque pasa por aquí el transporte público 
",Tamarindos 50210,"19.3577662,-99.593998",Sauces,Sauces I
9406,Pendiente,2026-04-10 10:04:06,2026-04-10 17:19:01,"Bache en tamarindos casi esquina con av sauces súper profunda do ",Paseo de Los Sauces 9-101,"19.35744204817407,-99.59417260100328",Sauces,Sauces I
9405,Pendiente,2026-04-10 10:03:56,2026-04-10 17:17:48,Ruta de salida de transporte público y general,Calle Tamarindos,"19.35787048668105,-99.594068129698",Sauces,Sauces I
9404,Pendiente,2026-04-10 10:02:51,2026-04-10 17:17:02,hay un tramo de aproximadamente 20 metros con muchos baches y agrietamientos surge de la glorieta de Tamarindos sobre Tamarindos,Tamarindos 50210,"19.3577662,-99.593998",Sauces,Sauces I
9403,Resuelto,2026-04-10 10:01:58,2026-04-10 17:16:05,"Calle de usos de transportes público ",Paseo de Los Eucaliptos,"19.353466714618445,-99.59505606989954",Sauces,Sauces I
9402,Resuelto,2026-04-10 10:00:46,2026-04-10 17:14:35,"El bache se encuentra súper profundo en la glorieta de avenida Sauces, esquina con tamarindos",Paseo de Los Sauces,"19.357533109811534,-99.59394423443766",Sauces,Sauces I
9401,Pendiente,2026-04-10 10:00:25,2026-04-10 17:13:55,"El bache se encuentra súper profundo en la glorieta de avenida Sauces, esquina con tamarindos",Paseo de Los Sauces,"19.357533109811534,-99.59394423443766",Sauces,Sauces I
9400,Pendiente,2026-04-10 10:00:11,2026-04-10 17:12:55,"un bache De aproximadamente 15 cm de profundidad por 60 cm de diámetro aprox
justo en medio de la calle 
la intersección es entre las calles Tamarindos y paseo de los Sauces",Paseo de los Sauces 102,"19.3575139,-99.59379969999999",Sauces,Sauces I
9399,Resuelto,2026-04-10 09:59:53,2026-04-10 17:11:56,Bache muy grande es camino de salida de transporte público,Paseo de Los Sauces 9-101,"19.35763753002137,-99.59396356908945",Sauces,Sauces I
9398,Pendiente,2026-04-10 09:59:52,2026-04-10 17:11:17,Bache muy grande es camino de salida de transporte público,Paseo de Los Sauces 9-101,"19.35763753002137,-99.59396356908945",Sauces,Sauces I
9397,Pendiente,2026-04-10 09:57:22,2026-04-10 17:03:16,Baches alrededor de la glorieta de tamarindos,Calle Tamarindos,"19.357675259138603,-99.59387001308211",Sauces,Sauces I
9396,Pendiente,2026-04-10 09:56:56,2026-04-10 17:01:43,"esta es la glorieta de Tamarindos en donde inicia la avenida Sauces y alrededor de la glorieta tenemos al menos 12 baches unos más grandes y profundos que otros ",Paseo de los Sauces 102,"19.3575139,-99.59379969999999",Sauces,Sauces I
9395,Pendiente,2026-04-10 09:56:45,2026-04-10 17:01:03,"Se encuentra en la glorieta de tamarindos y av sauces está toda la glorieta llena de baches ",Paseo de Los Sauces 72,"19.357333050638964,-99.59385216507438",Sauces,Sauces I
9394,Resuelto,2026-04-10 09:56:35,2026-04-10 17:00:05,Sobre avenida de los Sauces desde el Boulevard aeropuerto hasta la glorieta ahí innumerables baches que no se han atendido hace falta mantenimiento y resolver el problema,Av Sauces I  Mz 12 Lte 16 102,"19.355636651035713,-99.59782928209526",Sauces,Sauces I
9393,Pendiente,2026-04-10 09:54:24,2026-04-10 16:58:37,"Se encuentra en av sauces casi esquina con tamarindos frente a la lavandería velan ",Paseo de Los Sauces 78,"19.356964156315456,-99.59409406746758",Sauces,Sauces I
9392,Pendiente,2026-04-10 09:52:53,2026-04-10 16:57:02,"Son más o menos unos 50 metros de baches sobre av de los Sauces que es calle principal del fraccionamiento ",Paseo de Los Sauces 78,"19.357077810286352,-99.59410036969261",Sauces,Sauces I
9391,Pendiente,2026-04-10 09:52:22,2026-04-10 16:56:08,son aproximadamente 50 metros desde este primer bache del cual mandé la foto hacia la glorieta de Tamarindos que se encuentra llena de pequeños baches que con las lluvias están haciendo más grandes,Paseo de los Sauces 69,"19.3570575,-99.5944021",Sauces,Sauces I
9390,Pendiente,2026-04-10 09:47:54,2026-04-10 16:55:12,"Baches que se encuentran frente al jardín de niños Carlos pellicer, afectando a quienes transitan y van a dejar a sus niños a la escuela pues es calle de salida del fraccionamiento (MD: 19.356967, -99.594417 paseo de los sauces)",Paseo de Los Eucaliptos,"19.353441838842173,-99.59505606989954",Sauces,Sauces I
9389,Pendiente,2026-04-10 09:47:39,2026-04-10 16:50:56,"Se encuentra casi llenado al tope frente al Quinder Carlos pelo de ",Paseo de Los Sauces 120,"19.35685440998049,-99.59460833713031",Sauces,Sauces I
9388,Pendiente,2026-04-10 09:46:44,2026-04-10 16:50:08,"viniendo sobre Tamarindos antes de llegar al tope existe una serie de baches que ya están profundos y muy anchos 
frente a la parte final del kínder Carlos pellicer",Paseo de los Sauces 83,"19.357001399999998,-99.5945756",Sauces,Sauces I
9386,Pendiente,2026-04-10 09:44:59,2026-04-10 16:49:23,"Bache frente  frente al jardín de niños Carlos pellicer ",Paseo de Los Sauces,"19.35685435541712,-99.59438820446753",Sauces,Sauces I
9385,Pendiente,2026-04-10 09:43:53,2026-04-10 16:48:41,"Se encuentra sobre av sauces frente al jardín de niños Carlos pelliicer ",Paseo de Los Sauces 78,"19.356621990982905,-99.59442186373018",Sauces,Sauces I
9384,Pendiente,2026-04-10 09:43:18,2026-04-10 16:48:04,bache grande bajando el tope que se encuentra frente al kínder Carlos pellicer,Paseo de los Sauces 106,"19.3568088,-99.5943515",Sauces,Sauces I
9381,Resuelto,2026-04-10 09:39:57,2026-04-10 16:42:23,"Se encuentra en av sauces frente a la escuela primaria Jaimejose Vasconcelos ",Paseo de Los Sauces 78,"19.356639445213226,-99.59440904143334",Sauces,Sauces I
9380,Resuelto,2026-04-10 09:36:14,2026-04-10 16:41:04,Calle paseo de los Sauces es salida de transporte público del fraccionamiento hay como 4 baches,Paseo de Los Sauces,"19.356161191775275,-99.59476508416999",Sauces,Sauces I
9379,Pendiente,2026-04-10 09:36:12,2026-04-10 16:40:07,Calle paseo de los Sauces es salida de transporte público del fraccionamiento hay como 4 baches,Paseo de Los Sauces,"19.356161191775275,-99.59476508416999",Sauces,Sauces I
9378,Resuelto,2026-04-10 09:36:07,2026-04-10 16:39:17,"Se encuentra en av sauces entre tamarindos y antes en este lugar se encuentran como tres baches ",Paseo de Los Sauces 120,"19.356163413210755,-99.59497855479398",Sauces,Sauces I
9377,Pendiente,2026-04-10 09:36:04,2026-04-10 16:37:55,"Se encuentra en av sauces entre tamarindos y antes en este lugar se encuentran como tres baches ",Paseo de Los Sauces 120,"19.356163413210755,-99.59497855479398",Sauces,Sauces I
9376,Pendiente,2026-04-10 09:35:28,2026-04-10 16:38:21,justo a mitad de calle frente a una casa azul papelería y copias hay aproximadamente 3 baches que si no se atienden van a profundizar,Paseo de los Sauces 195,"19.3560805,-99.595176",Sauces,Sauces I
9375,Pendiente,2026-04-10 09:29:21,2026-04-10 16:30:58,"Esquina de calle paseo de los Sauces, que salida de el fraccionamiento Y, calle de los Amates son al menos 5 baches grandes que pueden causar problemas ya en tiempos de lluvias",Paseo de Los Sauces 1,"19.355769653840028,-99.59505506802827",Sauces,Sauces I
9374,Resuelto,2026-04-10 09:29:16,2026-04-10 16:29:49,"El bache se encuentra en la esquina entre Amates y avenida Sauces, justo en la esquina de los guaraches",Paseo de Los Sauces 1–14,"19.35582210754796,-99.59510575137233",Sauces,Sauces I
9373,Pendiente,2026-04-10 09:29:15,2026-04-10 16:28:52,"El bache se encuentra en la esquina entre Amates y avenida Sauces, justo en la esquina de los guaraches",Paseo de Los Sauces 1–14,"19.35582210754796,-99.59510575137233",Sauces,Sauces I
9372,Pendiente,2026-04-10 09:27:10,2026-04-10 16:27:41,"en la esquina de amates con avenida Sauces justo en el centro junto a la coladera hay un bache profundo a la orilla muy pegado a los huaraches lucy hay mucho agrietamiento provocando que se encharque el agua y bajando el tope a existe otro bache MD:19.355895, -99.595075",Paseo de los Sauces 6,"19.3553769,-99.5952202",Sauces,Sauces I
9371,Pendiente,2026-04-10 09:26:13,2026-04-10 16:24:40,"Se encuentra sobre av sauces entre antes y abetos frente a unacarnicetia calderon ",Paseo de Los Sauces 6,"19.355413221285,-99.59522004594913",Sauces,Sauces I
9370,Pendiente,2026-04-10 09:25:26,2026-04-10 16:23:55,"Son varios gouaches a la orilla de la calle, por lo -30 m, donde hay encharcamientos de Agua Y afectan la entrada de la avenida del fraccionamiento",Paseo de Los Sauces 4,"19.355508439334105,-99.59515698426233",Sauces,Sauces I
9369,Pendiente,2026-04-10 09:21:27,2026-04-10 16:22:35,"Se encuentra en av sauces entre abetos y antes frente a una purificadora de agua MD: 19.355469, -99.595414",Paseo de Los Sauces 9,"19.355175620996796,-99.59541839844627",Sauces,Sauces I
9368,Pendiente,2026-04-10 09:21:00,2026-04-10 16:21:43,"justo frente a la purificadora de agua sobre paseo de los Sauces, existe este hundimiento o bache qué se puede ver claramente por el encharcamiento de agua MD:19.355469, -99.595414",Paseo de los Sauces 54,"19.354894299999998,-99.5959383",Sauces,Sauces I
9367,Pendiente,2026-04-10 09:20:55,2026-04-10 16:20:50,"Vera vialidad avenida de los Sauces, que he salido del fraccionamiento de carros y camiones MD: 19.355469, -99.595414",Paseo de Los Sauces 8,"19.355276667450255,-99.59539490783683",Sauces,Sauces I
9366,Resuelto,2026-04-10 09:17:18,2026-04-10 16:18:07,En esquina av sauces casi esquina con abetos donde está la cámara de el c5,Calle de Los Abetos,"19.354700938055778,-99.59584728243937",Sauces,Sauces I
9365,Resuelto,2026-04-10 09:17:14,2026-04-10 16:16:30,En esquina av sauces casi esquina con abetos donde está la cámara de el c5,Calle de Los Abetos,"19.354700938055778,-99.59584728243937",Sauces,Sauces I
9364,Resuelto,2026-04-10 09:16:16,2026-04-10 16:15:48,"justo encima del tope hay un bache, y 4 metros adelante hay otro y un tercero más a punto de abrirse a un metrito de distancia 
la esquina es Sauces con abetos justo en el tope del c5",Abetos 251,"19.3548691,-99.5959535",Sauces,Sauces I
9363,Resuelto,2026-04-10 09:16:12,2026-04-10 16:15:00,"Casi esquina de la calle paseo de los Sauces, con calle Abetos, un bache en el tope y otro cerca de la escuela hay uno que he salido de carros y camiones del fraccionamiento",Paseo de Los Sauces 68,"19.354837478115506,-99.59584655357811",Sauces,Sauces I
9362,Pendiente,2026-04-10 09:12:32,2026-04-10 16:13:31,"justo en la esquina de avenida Sauces esquina con abetos al centro se encuentra este agrietamiento ya convertido en bache, justo en la esquina de la primaria Jaime Nunó Y tenemos una cámara del c5 aquí en la esquina",Paseo de los Sauces 7,"19.354464399999998,-99.59593799999999",Sauces,Sauces I
9361,Pendiente,2026-04-10 09:12:08,2026-04-10 16:06:18,"La esquina de la calle paseo de los Sauces con Abetos en la esquina se encuentra la primera de Jaime en uno es problemático para los padres pasar por allí si hace mucho tráfico, pues también es salida de los carros y camiones del fraccionamiento MD:19.354762, -99.595956",Paseo de Los Sauces 58,"19.355123796641756,-99.59578737814238",Sauces,Sauces I
9360,Pendiente,2026-04-10 09:09:52,2026-04-10 16:04:00,Se encuentra en av sauces casi esquina con abetos  a un costado de la primaria Jaime Nuno tu,Paseo de Los Sauces,"19.35439851736699,-99.59609689760194",Sauces,Sauces I
9359,Pendiente,2026-04-10 09:08:23,2026-04-10 16:01:54,"Son al menos tres baches que se encuentran al lado de la primaria Jaime, mi mamá, afectando a los padres de familia que van a dejar a los niños en la escuela y la circulación que salida de la del fraccionamiento",Paseo de Los Sauces,"19.354371670581823,-99.59605929601665",Sauces,Sauces I
9358,Pendiente,2026-04-10 09:08:21,2026-04-10 16:00:59,"un bache De aproximadamente 40 centímetros de diámetro y algunos 7 cm de profundidad, cargado hacia el lado del camellón a un costado de la primaria Jaime Nunó okay",Paseo de los Sauces 15,"19.354129099999998,-99.59613639999999",Sauces,Sauces I
9357,Resuelto,2026-04-10 09:04:24,2026-04-10 15:59:51,El bache se encuentra frente a la veterinaria hospital veterinario casi a un costado de la primaria Jaime Nuno,Paseo de Los Sauces,"19.354082921723386,-99.59626395913261",Sauces,Sauces I
9356,Pendiente,2026-04-10 09:04:15,2026-04-10 15:58:13,"s son aproximadamente 20 metros de hundimiento pegado a la guarnición en la evidencia fotográfica se puede ver con claridad el encharcamiento del agua debido a los baches, frente a la clínica de especialidades oncología aves y felinos pro plan entre calle abedules y abetos 
frente a la primaria Jaime Nunó",Paseo de los Sauces Mz.7 Lt.11,"19.3539819,-99.59632429999999",Sauces,Sauces I
9355,Pendiente,2026-04-10 09:04:14,2026-04-10 15:57:15,El bache se encuentra frente a la veterinaria hospital veterinario casi a un costado de la primaria Jaime Nuno,Paseo de Los Sauces,"19.354082921723386,-99.59626395913261",Sauces,Sauces I
9353,Pendiente,2026-04-10 09:01:59,2026-04-10 15:55:45,Calle de entrada al fraccionamiento los Sauces,Paseo de Los Sauces,"19.35412340104648,-99.59623145766767",Sauces,Sauces I
9352,Pendiente,2026-04-10 08:58:24,2026-04-10 15:54:15,"Son a -3 Guaches, que se encuentran en la avenida que pasa junto a la escuela primaria Jaime en uno y los guachos se encuentran justo al lado de la escuela, afectando la vialidad y de los carros y camiones que pasan por ahí MD:19.354556, -99.596057 Paseo de los sauces",Calle de Los Abetos 92,"19.354824184255317,-99.59645355289858",Sauces,Sauces I
9351,Resuelto,2026-04-10 08:58:04,2026-04-10 15:50:45,"El bache se encuentra sobre lava sauces casi a un costado de la primaria Jaime Nuno ",Paseo de Los Sauces,"19.353997063502465,-99.5963384896847",Sauces,Sauces I
9350,Pendiente,2026-04-10 08:57:54,2026-04-10 15:48:58,"El bache se encuentra sobre lava sauces casi a un costado de la primaria Jaime Nuno ",Paseo de Los Sauces,"19.353997063502465,-99.5963384896847",Sauces,Sauces I
9349,Pendiente,2026-04-10 08:57:43,2026-04-10 15:47:36,son al menos tres baches uno al centro de la calle y otros dos pegados a la orilla en la avenida Sauces a un costado de la primaria Jaime no muy cerca del organismo de agua frente a panadería las palmas,Paseo de los Sauces 101,"19.3538282,-99.5963608",Sauces,Sauces I
9348,Pendiente,2026-04-10 08:49:18,2026-04-10 15:46:24,tenemos en la esquina de abedules con avenida de Los Sauces en todo el cuadrante hay alrededor de  4 baches que se han venido haciendo más grandes y con las lluvias crecerán más es la esquina que está frente al organismo de agua a una rosticería a una cuadra de avenida Matamoros que es la salida del fraccionamiento,Paseo de los Sauces Lt27 102,"19.353424099999998,-99.5966775",Sauces,Sauces I
9347,Pendiente,2026-04-10 08:45:53,2026-04-10 15:42:04,"Bache en la la esquina de las calles Paseo de los Sauces y Abedules y abedules asauces 1  a una calle de la cerca de la escuela Jpraria Jaime Nuño (MD:19.353528, -99.596769 esq abedules)",Paseo de Los Sauces 78,"19.357113797734982,-99.59398674969317",Sauces,Sauces I
9346,Pendiente,2026-04-10 08:43:06,2026-04-10 15:37:20,"Después de que reencarpetaron las torres, el desnivel con la calle que sale generó el bache que ha ido creciendo.",Avenida Solidaridad las Torres B,"19.27097,-99.6669799",Seminario Conciliar,Seminario Tercera Sección
9345,Pendiente,2026-04-10 08:36:39,2026-04-10 16:09:44,"Coladera con tapa rota a la mitad entre calle abedules y acalle acacias Sauces 1 ",Paseo de Los Sauces 96,"19.353023270093974,-99.59737778886937",Sauces,Sauces I
9344,Pendiente,2026-04-10 08:35:57,2026-04-10 16:11:47,"Se encuentra sobre la avenida sauces entre abedules y y acacias gracias casi frente a una eecauderoa ",Paseo de Los Sauces 13,"19.35489601015934,-99.59557565608691",Sauces,Sauces I
9343,Pendiente,2026-04-10 08:35:49,2026-04-10 16:10:47,"Se encuentra sobre la avenida sauces entre abedules y y acacias gracias casi frente a una eecauderoa ",Paseo de Los Sauces 13,"19.35489601015934,-99.59557565608691",Sauces,Sauces I
9336,Pendiente,2026-04-09 17:05:19,2026-04-09 17:13:34,"Socabon y bache aproximadamente a 20 mts de la biblioteca pública municipal fray Andrés de Castro, la afectación esta en medio de la calle. ",Héroe de Granaditas 505,"19.297563399999998,-99.6331896",Independencia,Independencia
9333,Pendiente,2026-04-09 14:48:33,2026-04-09 16:45:13,"Calle en general con baches tanto izquierda como derecha ",Laguna del Carmen 106,"19.2745231,-99.67288130000001",Seminario Las Torres,Seminario San Felipe De Jesús
9332,Pendiente,2026-04-09 14:19:20,2026-04-09 16:31:13,"varios baches en todo el tramo de la calle  silviano Enriquez en la calle  sobre el arroyo vial 
también hay dos pegados a la banqueta que fueron por fugas de agua  en el #212 y en # 207",Silviano Enríquez 204A,"19.283842399999997,-99.6534563",Universidad,Cuauhtémoc
9331,Resuelto,2026-04-09 14:13:33,2026-05-08 17:19:01,"Hay una línea escarbada que atraviesa casi por completo la calle, ya que la comisión de agua abrió una toma  al vecino en febrero. Con el paso del tiempo se ha ido abriendo, lo que hace que se cimbren las casas. y a mí en lo personal las piedras que botan del bache me rompieron ya el vidrio de mi puerta y salpican constantemente la entrada.",Calle Laguna de 7 Colores 213,"19.2872359,-99.6847064",Nueva Oxtotitlán,Nueva Oxtotitlán Ii
9330,Pendiente,2026-04-09 13:50:01,2026-04-09 16:26:57,"calle hornos esquina  emiliano Zapata (MD:19.325443, -99.651218)",Emiliano Zapata 66,"19.325530999999998,-99.6512959",Santiago Miltepec,Miltepec Norte
9325,Pendiente,2026-04-09 11:22:56,2026-04-09 16:22:29,"Hay otra serie de baches seguidos sobre Juan Rodríguez. (MD:19.277154, -99.668355)",Paseo General Vicente Guerrero 403,"19.2771115,-99.669236",Morelos,Federal (adolfo López Mateos)
9324,Pendiente,2026-04-09 11:18:21,2026-04-09 16:14:43,"Hay una serie de baches seguidos de un bache más grande metros atrás. Todos sobre la calle Juan Rodríguez ",Calle Juan Rodríguez 1602,"19.2772912,-99.6692683",Morelos,Federal (adolfo López Mateos)
9323,Pendiente,2026-04-09 11:16:09,2026-04-09 16:12:54,El bache se encuentra pasando el restaurante Pizzería Uruguaya. Inmediatamente dando vuelta sobre Juan Rodríguez.,Calle Juan Rodríguez 1517,"19.2771716,-99.6693268",Morelos,Federal (adolfo López Mateos)
9321,Pendiente,2026-04-09 10:10:05,2026-04-09 16:05:04,"Es una afectación de gran distancia desde Alfredo del Mazo hasta la salida de con Manual Buendía Téllez Girón, está la mayor afectación en la tienda ubicada en Avenida del trabajo y Salvador Alvarado 
",Avenida del Trabajo 1400,"19.31118257330643,-99.6391615769869",La Maquinita,"Guadalupe, Club Jardín Y La Magdalena"
9319,Pendiente,2026-04-09 08:17:19,2026-04-09 16:01:24,"Bache frente a domicilio, genera encharcamiento, no permite óptima fluidez adensgia hacia coladeras",Calle Silverio Pérez 102,"19.370117025982594,-99.58144266082809",Sauces,Villas Santín I
9318,Pendiente,2026-04-09 08:14:10,2026-04-09 15:59:47,"Bache frente a domicilio, genera encharcamiento, no permite fluidez de agua hacia coladera.el",Calle Silverio Pérez 107,"19.37003136749219,-99.58160946369601",Sauces,Villas Santín I
9317,Pendiente,2026-04-09 08:10:55,2026-04-09 15:57:51,"Bache frente a domicilio, genera encharcamiento y no permite fluidez hacia drenaje",Calle Silverio Pérez 105,"19.36994302604276,-99.58156742363923",Sauces,Villas Santín I
9316,Pendiente,2026-04-09 08:06:34,2026-04-09 15:55:44,"Bache frente a domicilio, genera encharcamiento y no",Calle Silverio Pérez 106,"19.37015836741445,-99.58157564982524",Sauces,Villas Santín I
9306,Pendiente,2026-04-08 15:44:03,2026-04-08 15:59:07,"Buenas tardes, a quien corresponda, este bache ya tiene aproximadamente 6 meses y esta creciendo su dimensión,  ya es mas notorio, aun no han venido a revisar.
agradeciendo de antemano su atención 

Saludos Cordiales ",Bulevar José María Pino Suárez 219,"19.2919053,-99.6501632",Centro Histórico,Santa Clara
9297,Pendiente,2026-04-08 11:42:50,2026-04-08 12:25:24,ocho baches en el tramo de la calle Prolongación Rayón casi para llegar a Carranza unos en el centro de la.calle y otros mano izquierda qué dejo agua y saneamiento,Ignacio López Rayon 810,"19.2791899,-99.6526827",Universidad,Cuauhtémoc
9296,Resuelto,2026-04-08 11:33:22,2026-05-12 16:26:33,"El bache se encuentra sobre Reforma casi esquina con la calle Marha Rodriguez. frente a casa con zaguán color rojo
",REFORMA SUR 211,"19.246135799999998,-99.6704125",Capultitlán,Guadalupe
9287,Abierto,2026-04-08 08:29:25,2026-04-08 08:29:25,"Zona que abarca aproximadamente 60 m cuadrados, justo en la esquina con Vicente lombardo toledano, como referencia hay un bodega Aurrerá",Calle Albert Einstein 397,"19.305263861418407,-99.60481201864214",San Mateo Otzacatipan,Vicente Lombardo
9277,Resuelto,2026-04-07 20:12:14,2026-04-08 12:19:05,"Valle, que se encuentra justo en medio de la calle
",Boulevard Industria Minera 34,"19.30188373106581,-99.61074648120344",Santa Ana Tlapaltitlan,Buena Vista
9276,Resuelto,2026-04-07 20:12:08,2026-04-08 12:18:49,"Valle, que se encuentra justo en medio de la calle
",Boulevard Industria Minera 34,"19.30188373106581,-99.61074648120344",Santa Ana Tlapaltitlan,Buena Vista
9275,Resuelto,2026-04-07 20:12:06,2026-04-08 12:18:33,"Valle, que se encuentra justo en medio de la calle
",Boulevard Industria Minera 34,"19.30188373106581,-99.61074648120344",Santa Ana Tlapaltitlan,Buena Vista
9274,Resuelto,2026-04-07 20:12:05,2026-04-08 12:17:27,"Valle, que se encuentra justo en medio de la calle
",Boulevard Industria Minera 34,"19.30188373106581,-99.61074648120344",Santa Ana Tlapaltitlan,Buena Vista
9273,Pendiente,2026-04-07 20:12:04,2026-04-08 12:08:09,"Valle, que se encuentra justo en medio de la calle (MD:19.302308, -99.610712 cuhitlahuac a albert)
",Boulevard Industria Minera 34,"19.30188373106581,-99.61074648120344",Santa Ana Tlapaltitlan,Buena Vista
9272,Pendiente,2026-04-07 19:52:34,2026-04-08 12:03:39,"Los baches están en todas las calles y de referencia está una iglesia del lado izquierdo, entrando por encinos",Bosque de Pinos 149,"19.258718299999998,-99.6565622",Moderna De La Cruz,Bosques De Colón
9270,Pendiente,2026-04-07 19:02:47,2026-04-08 12:00:36,"frente al edificio que se muestra en la fotografía ",5 de Mayo 2 Oriente 505,"19.285285599999998,-99.6460144",San Sebastian,San Sebastián Y Vértice
9267,Pendiente,2026-04-07 18:30:07,2026-04-08 11:55:07,En la calle Enrique carniado esquina con Venustiano Carranza,Calle Enrique Carniado 603,"19.279903866258515,-99.6694123584779",Morelos,Federal (adolfo López Mateos)
9265,Resuelto,2026-04-07 18:14:00,2026-04-08 11:48:30,"Enfrente de un edificio gris de tres pisos, en la esquina de Marcos Bernal y Morelos.

A una cuadra del mercado de Capultitlan. ",Calle Marcos Bernal 205,"19.24881734789476,-99.66597567328307",Capultitlán,Guadalupe
9264,Abierto,2026-04-07 17:56:06,2026-04-17 12:59:26,"solicito pavimentación y que los vecinos retiren los postes y piedras que han puesto para delimitar la calle. por su atención gracias ",Calle San Felipe 21,"19.3113472,-99.5650316",San Pedro Totoltepec,La Galia
9262,Resuelto,2026-04-07 15:16:34,2026-05-11 16:00:58,"baches en la calle Tenango entre 18 de marzo y chalco
(MD:19.295175, -99.668034)",Calle Paseo Matlatzincas 703-a,"19.2968695,-99.6739697",Sánchez,La Teresona Ii
9261,Pendiente,2026-04-07 14:51:16,2026-04-07 17:55:12,"Baches en la esquina de la av. Prof. Filiberto Navas  y calle Ex Hacienda Sn. Jorge enfrenten de la  Purificadora Sn. Jorge y al lado de casa morada de la esquina. (MD:19.292970, -99.694713)",Mz 3 Lt 9B,"19.292684237777248,-99.69471120809233",San Mateo Oxtotitlan,San Jorge
9258,Resuelto,2026-04-07 13:02:41,2026-05-13 10:38:21,"Frente a materiales para construcción y así todo derecho hay baches (MD:19.268590, -99.645951)",Calle San Pablo Guelatao 1115,"19.268536866965096,-99.6466027924829",Santa María De Las Rosas,Emiliano Zapata
9256,Resuelto,2026-04-07 12:46:21,2026-05-12 11:35:50,"se solicita bacheo calle del deporte (MD:19.315400, -99.669629)",Calle Insurgentes 526,"19.3157124,-99.66969309999999",Santiago Tlaxomulco,El Calvario
9255,Pendiente,2026-04-07 12:42:27,2026-04-07 17:17:16,"sobre la calle del deporte esquina insurgentes se solicita bacheo porfavor (MD:19.315400, -99.669886)",Calle Insurgentes 526,"19.3157124,-99.66969309999999",Santiago Tlaxomulco,El Calvario
9254,Resuelto,2026-04-07 12:17:54,2026-05-12 18:11:12,"200m antes de llegar al salon cabaña del bosque sobre la calle San Francisco,entre la calle Emilianl Zapata y la Calle la Joya (MD:19.245372, -99.710221)",Última privada de la Joya 21a,"19.2454373,-99.7111128",Cacalomacan,Sagrado Corazón
9251,Resuelto,2026-04-07 11:13:35,2026-05-12 18:25:59,"La ubicación es en la calle de Toluca 613, en la entrada de un zaguán blanco, casa medio despintada color salmón y un árbol grande, abajo del árbol, el chapopote también está todo desprendido así como a la mitad de la calle.    ",Cuautitlan 412,"19.2936077,-99.6687851",Sánchez,Sector Popular
9248,Resuelto,2026-04-07 09:39:59,2026-05-12 16:23:57,"Baches profundos en camino viejo a San Felipe, enfrente de tienda y casa 122, pasa transporte Público y se hacen más grandes los baches, llevo tres aadmi istraciobws reportandolo (MD:19.246229, -99.658266)",Carretera Capultitlán-San Felipe Tlalmimilolpan,"19.245531652441812,-99.65829153137923",Capultitlán,San Judas Tadeo
9235,Resuelto,2026-04-06 18:27:38,2026-04-07 11:49:50,"Un bache grande sobre la avenida Juan A Mateos esquina con plan de Ayala de gran tamaño y que ya han ido llenados con escombro ",Calle Juan A Mateos,"19.261725378546576,-99.67759525579979",Seminario 2 De Marzo,Héroes Del 5 De Mayo I
9234,Resuelto,2026-04-06 18:27:35,2026-04-07 11:49:28,"Un bache grande sobre la avenida Juan A Mateos esquina con plan de Ayala de gran tamaño y que ya han ido llenados con escombro ",Calle Juan A Mateos,"19.261725378546576,-99.67759525579979",Seminario 2 De Marzo,Héroes Del 5 De Mayo I
9233,Resuelto,2026-04-06 18:24:20,2026-04-07 11:41:58,"Se está haciendo un socavón por dentro ya se ve profundo ",Privada Plan de Ayala 113,"19.26185757325305,-99.67871848587586",Seminario 2 De Marzo,Héroes Del 5 De Mayo Ii
9232,Resuelto,2026-04-06 18:24:15,2026-04-07 11:41:13,"Se está haciendo un socavón por dentro ya se ve profundo ",Privada Plan de Ayala 113,"19.26185757325305,-99.67871848587586",Seminario 2 De Marzo,Héroes Del 5 De Mayo Ii
9228,Pendiente,2026-04-06 16:29:39,2026-04-06 17:14:15,"En el tope de Reforma y tienda (MD: 19.318801, -99.592530)",Reforma 5,"19.3188444,-99.59268739999999",San Mateo Otzacatipan,La Floresta
9226,Pendiente,2026-04-06 15:54:33,2026-04-06 17:09:46,"Todo el tramo de la calle 16 de Septiembre de la colonia Sta. Ana Tlapaltitlán, desde la calle Francisco I.Madero hasta la calle J.Ma.Morelos y Pavón...
Todo ese tramo que es la calle 16 de Septiembre, y que es calle principal. Desde la panadería de el Hornito, el Oxxo de Sta. Anita, hasta el Centro de Salud de Santa Ana Tlapaltitlán.",Calle 16 de Septiembre 30,"19.2792715,-99.6234746",Santa Ana Tlapaltitlan,Independencia
9225,Resuelto,2026-04-06 15:31:30,2026-04-06 17:06:29,"se solicita Bacheo General de la Calle Juan Fernández Albarran, precisamente el tramo que va desde Venustiano Carranza hasta Jesús Reyes Heroles, la calle completa está en pésimas condiciones.",Juan Fernández Albarrán 105,"19.2735579,-99.68648309999999",San Buenaventura,Guadalupe
9223,Resuelto,2026-04-06 14:21:22,2026-04-06 15:26:31,Desde asé un año tengo el reporte 3287 la respuesta fue k era concreto hidráulico y no se realizó .que sería propuesta de rencarpetamiento.hojala y se pudiera retomer el bacheo ya que es la única alternativa para los vecinos de la parte sur del Parque Union.de Antemano Gracias,Calle Prolongacion Zapotecas 369,"19.300437499999997,-99.6642577",Barrios Tradicionales,Unión
9222,Resuelto,2026-04-06 14:03:11,2026-04-06 15:21:43,"Carretera Tecaxic llegando a la Iglesia hay baches muy grandes ",Avenida Adolfo Ruiz Cortinez 134,"19.3223518,-99.7184176",Tecaxic,Tecaxic Poniente
9220,Pendiente,2026-04-06 13:16:32,2026-04-06 15:18:51,"hoyos en la calle frente a primaria Monica Pretellin (MD:19.318198, -99.593656)",Reforma 507,"19.3180974,-99.59353589999999",San Mateo Otzacatipan,La Floresta
9219,Pendiente,2026-04-06 13:10:56,2026-04-06 15:16:20,Frente a cceso a privada Insurgentes,Reforma 199,"19.318798400000002,-99.5929548",San Mateo Otzacatipan,La Floresta
9215,Resuelto,2026-04-06 10:57:51,2026-04-06 11:14:31,"Toda la calle de Isaac Newton entre Guillermo Marconi y Marie Curie se encierra en pésimas condiciones, se tienen reportes desde el año 202.",Calle Issac Newton 204,"19.30474675131037,-99.63197041847266",Independencia,Las Torres (científicos)
9211,Resuelto,2026-04-06 09:32:10,2026-04-06 11:10:56,"Toda la calle está en mal estado, desde la gasolinera g500 hasta la calle Nicolás Bravo que es la calle del panteón ",Calle Revolución 163,"19.310033441137218,-99.58215243978718",San Pedro Totoltepec,Manzana Sur
9188,Resuelto,2026-04-04 07:55:34,2026-05-08 15:51:43,"frente a la casa del Presidente del COPACI Delegación Independencia 
",Calle Emiliano Zapata 125,"19.29863,-99.63060759999999",Independencia,San Juan Buenavista
9180,Resuelto,2026-04-03 16:58:03,2026-05-13 10:35:49,bache profundo en medio de la calle,San Pablo Guelatao 1003 A,"19.268624199999998,-99.64533109999999",Santa María De Las Rosas,Emiliano Zapata
9178,Resuelto,2026-04-03 16:26:34,2026-04-06 10:49:40,"Frente a la casa María curie 410 ",Calle Marie Curie,"19.29208805275121,-99.62983119972431",Independencia,Reforma Y Ferrocarriles Nacionales (san Juan Bautista)
9177,Pendiente,2026-04-03 16:26:23,2026-04-06 10:48:37,"Frente a la casa María curie 410 ",Calle Marie Curie,"19.29208805275121,-99.62983119972431",Independencia,Reforma Y Ferrocarriles Nacionales (san Juan Bautista)
9151,Resuelto,2026-04-02 13:06:37,2026-04-06 10:46:06,"al principio de la entrada se encuentra el bache en esquina con miguel hidalgo ya señalado en las fotos correspondientes y así sucesivamente se encuentra la calle en esas condiciones asta llegar a alpinismo ",Ignacio López Rayon 100,"19.268210399999997,-99.6902317",San Buenaventura,Insurgentes
9150,Resuelto,2026-04-02 11:07:43,2026-04-06 10:44:20,junto a unos departamentos color naranja y esq con totolcingo,Calle Lago Chacahua 206,"19.2719698,-99.6798207",Seminario 2 De Marzo,Seminario Cuarta Sección Ii
9140,Pendiente,2026-04-01 16:31:30,2026-04-06 10:41:15,"enorme bache e undimiento, llega a mitad de la calle, se encharca el agua debido a que el agua no fluye de acuerdo con la pendiente, debido dos rampas sobre la calle de la casa 29 planta alta y baja
esto se encuentra a un costado de una purificadora de agua y dos casas de una pequeña tienda ",Pinar Poniente 33A,"19.3076103,-99.6057136",San Mateo Otzacatipan,Jardines De La Crespa
9118,Pendiente,2026-03-27 17:06:55,2026-03-27 17:54:42,"por favor hacer trabajos de bacheo en la calle san Pablo guelatao col Juárez desde Heriberto Enriquez hasta José ma. pino Suárez son varios baches, gracias (MD: 19.268644, -99.643396)",Vialidad Solidaridad 1024,"19.268708999999998,-99.65115879999999",Del Parque,Del Parque Ii
9117,Resuelto,2026-03-27 15:42:48,2026-03-27 16:15:20,"enfrente de una casa color azul con plantas afuera ",Niño Artillero 509,"19.2969754,-99.63355329999999",Independencia,Independencia
9116,Resuelto,2026-03-27 15:40:20,2026-05-08 15:43:05,"enfrente de una casa azul  ya ",Niño Artillero 509,"19.2969754,-99.63355329999999",Independencia,Independencia
9108,Resuelto,2026-03-26 21:26:01,2026-03-27 12:36:29,Esta calle tiene concreto pero creo que se pudiera solo arreglar las partes afectadas,Clara Quevedo 225,"19.275944799999998,-99.66619899999999",Morelos,Morelos Segunda Sección
9107,Resuelto,2026-03-26 21:16:40,2026-05-08 16:47:11,"Este bache a cada rato se abre y es peligroso hasta para los peatones (MD: 19.276946, -99.664393)
",Calle Eduardo Gonzalez y Pichardo 1101,"19.276765599999997,-99.6642081",Morelos,Morelos Segunda Sección
9106,Resuelto,2026-03-26 21:00:39,2026-03-27 12:29:43,"Toda la calle de Natalia desde Vicente Guerrero hasta Eulalia Peñaloza en pésimo estado 
",Rodolfo Sánchez 601,"19.275617,-99.66596489999999",Morelos,Morelos Segunda Sección
9102,Resuelto,2026-03-26 20:41:25,2026-03-27 12:28:17,"Frente al jardín de niños Diego Rivera se solicita topes para mayor seguridad de los vecinos y alumnos de la institución, ya que motos e incluso carros pasan a una velocidad muy acelerada.",Calle Nicolas Bravo 12,"19.3075845,-99.6529541",Santiago Miltepec,Miltepec Centro
9101,Resuelto,2026-03-26 20:06:53,2026-03-27 12:27:13,"La calle Isaac Newton entre las casas con numero 200 y 235 parece más un campo de batalla q una vía transitable. Llevamos más de dos años pidiendo la reparen pero nadie parecece ver ni escuchar hay 



",Calle Issac Newton 228,"19.304824771730843,-99.63058120426804",Independencia,Las Torres (científicos)
9099,Resuelto,2026-03-26 19:15:21,2026-03-27 12:20:47,"Frente a veterinaria ",Calle José Luis Álamo 1001,"19.27809738525254,-99.66844528559497",Morelos,Federal (adolfo López Mateos)
9098,Resuelto,2026-03-26 19:15:16,2026-03-27 12:20:02,"Frente a veterinaria ",Calle José Luis Álamo 1001,"19.27809738525254,-99.66844528559497",Morelos,Federal (adolfo López Mateos)
9097,Resuelto,2026-03-26 19:13:51,2026-03-27 12:18:34,X,Calle Revolución de 1910 202,"19.27787369457988,-99.6680349625147",Morelos,Federal (adolfo López Mateos)
9096,Resuelto,2026-03-26 19:13:49,2026-03-27 12:17:45,X,Calle Revolución de 1910 202,"19.27787369457988,-99.6680349625147",Morelos,Federal (adolfo López Mateos)
9094,Resuelto,2026-03-26 19:12:29,2026-03-27 12:16:41,"Calle totalmente deteriorada ",Calle Guillermo Rojas 101,"19.27804720431477,-99.66805188908454",Morelos,Federal (adolfo López Mateos)
9093,Resuelto,2026-03-26 19:12:27,2026-03-27 12:16:01,"Calle totalmente deteriorada ",Calle Guillermo Rojas 101,"19.27804720431477,-99.66805188908454",Morelos,Federal (adolfo López Mateos)
9092,Resuelto,2026-03-26 19:09:20,2026-03-27 12:14:50,"Calle escuadra 
",Calle Revolución de 1910 304,"19.27668887579991,-99.66805407447296",Morelos,Federal (adolfo López Mateos)
9091,Resuelto,2026-03-26 19:09:18,2026-03-27 12:13:02,"Calle escuadra 
",Calle Revolución de 1910 304,"19.27668887579991,-99.66805407447296",Morelos,Federal (adolfo López Mateos)
9090,Resuelto,2026-03-26 19:04:32,2026-03-27 12:11:46,"Frente a una purificadora ",Calle Revolución de 1910 301,"19.275878300858228,-99.6680513622337",Morelos,Federal (adolfo López Mateos)
9089,Resuelto,2026-03-26 19:04:29,2026-03-27 12:10:52,"Frente a una purificadora ",Calle Revolución de 1910 301,"19.275878300858228,-99.6680513622337",Morelos,Federal (adolfo López Mateos)
9083,Pendiente,2026-03-26 11:18:11,2026-03-26 12:50:09,"Sobre avenida Zacango a la altura de los locales blancos con cortinas verdes esquina el nogal ",Calle del Nogal,"19.221103969722318,-99.65598995642455",San Juan Tilapa,El Durazno
9081,Pendiente,2026-03-26 10:29:03,2026-03-26 11:11:54,"atras de la iglesia de santa maria totoltepec ",Calle Tenochtitlan 7,"19.3018643,-99.5848432",Santa Maria Totoltepec,Paseo Totoltepec
9075,Resuelto,2026-03-25 20:53:06,2026-03-26 09:08:53,"En la calle Tule hay muchos baches las fotos que envié son los que se encuentra frente a la planta de bombeo de agua frente a luz números 152, 152-A, 154 pero de verdad esta calle es la que más necesita el bacheo. ",Tule 152,"19.297998099999997,-99.6466232",Árbol De Las Manitas,Lomas Altas
9065,Pendiente,2026-03-25 12:06:10,2026-03-25 15:33:46,"hay varios baches en esta zona (MD: 19.288967, -99.631824 HEROE DE NACOZARI)",Marie Curie Local B,"19.2989821,-99.6301165",Independencia,San Juan Buenavista
9064,Pendiente,2026-03-25 12:05:06,2026-03-25 15:21:20,"Buen día me vinieron a arreglar una fuga de agua y posteriormente ya no me repararon el hoyo que cabaron y es urgente pues  es una vialidad importante donde circula mucho tráfico. (MD: 19.274014, -99.644745)

",Alfredo Zárate Albarrán 211,"19.2740697,-99.6447912",San Sebastian,Valle Verde Y Terminal
9063,Resuelto,2026-03-25 11:13:06,2026-05-08 16:24:39,"Se detecto seis a diez baches en la calle de General Abelardo Rodríguez (entre las vialidades, Eduardo González y Pichardo, Gran Lago del Oso, Felipe Villanueva y Laguna de Tlachaloya.
Solicitando de manera respetuosa se puedan realizar los trabajos correspondientes para su rehabilitación. (MD: 19.262098, -99.668064)",General Abelardo Rodríguez 1205,"19.2619623,-99.6683352",Ocho Cedros,"Ocho Cedros, Segunda Sección"
9062,Resuelto,2026-03-25 10:12:22,2026-05-11 15:20:45,"Bache en parque nanchititlan y esq parque bosencheve (MD: 19.284652, -99.696548)",Calle Parque Nanchititla 98,"19.2830024,-99.6964567",Adolfo López Mateos,Parques Nacionales Ii
9061,Resuelto,2026-03-25 09:59:12,2026-05-11 15:39:48,"calle parque Nanchititla casi esquina con parque bosencheve frente a casa amarilla ",Calle Parque Nanchititla 235,"19.2848231,-99.6966279",Adolfo López Mateos,Parques Nacionales Ii
9050,Resuelto,2026-03-24 11:41:11,2026-03-24 14:14:05,"Calle con baches en ambos sentidos, y solicitamos también un tope ya que bajan y suben sin precaución para el peatón.",Miguel Negrete 7,"19.264818599999998,-99.68247889999999",San Buenaventura,Del Deporte
9049,Pendiente,2026-03-24 11:07:55,2026-03-24 14:09:12,"Se solicita Apoyo con bacheo entre las calles mencionadas en ese tramo existen varios baches y el de la evidencia se está hundiendo la calle ",Calle Martin Carrera 320,"19.2652975,-99.64804219999999",Del Parque,Ampliación Lázaro Cárdenas
9039,Resuelto,2026-03-23 15:04:20,2026-05-11 15:15:08,"Bache de aprix 3 mts x 1.20mts probocando que los autos liberan el bache con riesgos de atropellar a la gente ",Calle Parque el Sacromonte 101,"19.2859121,-99.69326620000001",Adolfo López Mateos,Miguel Hidalgo (corralitos)
9036,Resuelto,2026-03-23 12:56:08,2026-05-08 17:44:58,"Exactamente A las afueras del Jardín de niños Isidro Fabela ",Presa Cóbano 42,"19.2770025,-99.6345449",San Sebastian,Comisión Federal De Electricidad
9027,Resuelto,2026-03-22 14:38:16,2026-05-12 11:12:00,"son varios baches se encuentran , frente a una farmacia,entrando ala calle y enfrente de la tienda 3b y frente a una tienda, llamada la concentida, toda la calle está deteriorada, es calle de mucha afluencia ",Deportiva 102,"19.3212844,-99.5450886",El Cerrillo Vista Hermosa,El Cerrillo
9022,Pendiente,2026-03-21 20:06:32,2026-03-23 10:02:54,"Bache profundo, vialidad con alto flujo vehicular.",Paseo de Los Eucaliptos 54,"19.354912920152497,-99.59388500118361",Sauces,Sauces Ii
9020,Resuelto,2026-03-21 13:47:31,2026-05-08 16:17:23,"que creen? otra vez Gonzalez y Pichardo ya tiene nuevos baches que han dejado pendientes, como saben es la calle mas transitada de la colonia y al ser de doble sentido muvhos cortan camino por ahi para ya no pasar por Colon, cada dia esta mas deteriorada y ustedes nomas bacheando por donde ve su suegra, ya se ha hablado con los delegados para su reecarpetamiento pero nada de nada,es urgente que se tomen los dias que sean para repararla, a pesar que esta dentro de una zona residencial esta calle conecta con la av. las torres y calzada del pacifico ya estamos hasta la madre de esquibar su incompetencia !!!",Calle Eduardo Gonzalez y Pichardo 706,"19.2603533,-99.6668613",Ocho Cedros,Ocho Cedros Ii
9018,Resuelto,2026-03-21 13:22:37,2026-05-12 18:09:27,jardin en san miguel,De Los Corredores 523,"19.248155399999998,-99.7015746",Cacalomacan,Del Centro
9015,Resuelto,2026-03-20 18:29:34,2026-03-20 18:35:28,"2 baches 1 metro x 1 metro 1 bache pasa por la banqueta y puede causar accidentes esperamos una respuesta favorable ",Parque de Zoquiapan 408,"19.2801553,-99.6885298",Adolfo López Mateos,Parques Nacionales I
8988,Resuelto,2026-03-19 12:18:30,2026-05-12 14:14:46,sobre calle Manuel Buendía enfrente de la carnicería a un lado de un depósito Tecate,5 de Febrero,"19.3464887,-99.6439079",San Pablo Autopan,Pueblo Nuevo Ii
8975,Abierto,2026-03-18 16:34:02,2026-03-18 16:34:02,la calle esta inservible los autos ya no pueden circular aparte de q pasan pipas que roban agua y estamos en malas condiciones vea las fotos esto urge en verdad,Calle Prolongación Paseo Totoltepec 32,"19.3121135,-99.5857592",Santa María Totoltepec,Arboledas
8972,Resuelto,2026-03-18 13:36:36,2026-03-19 12:32:14,Enfrente de una vulcanizadora de llantas,Carretera Capultitlán-San Juan Tilapa,"19.236349579587138,-99.66137512975169",Capultitlán,San Judas Tadeo
8971,Pendiente,2026-03-18 13:36:35,2026-03-19 12:31:02,Enfrente de una vulcanizadora de llantas,Carretera de Toluca de Lerdo,"19.236349579587138,-99.66137512975169",Capultitlán,San Judas Tadeo
8968,Resuelto,2026-03-18 09:32:20,2026-05-12 11:59:16,"Este se encuentra atrás del hospital Nicolás San Juan y aún costado del edificio del PRI, urgen topes porque no permiten el tránsito seguro para el peatón, acelerando en ocasiones. (MD: 19.315974, -99.637781)","David Alvarado Guerrero ","19.3161441,-99.6376528",Santa Cruz Atzcapotzaltongo,Ex Hacienda La Magdalena (barrio San Juan De La Cruz)
8960,Pendiente,2026-03-17 16:30:12,2026-03-17 16:44:55,buenas tardes solitamos el bacheo de al menos 10 baches y colocacion de un tope ya que los vehiculos y camiones de transporte urbano pasan demasiado rapido,Jesús González,"19.2652657,-99.68048089999999",Seminario 2 De Marzo,Héroes Del 5 De Mayo I
8959,Pendiente,2026-03-17 16:20:58,2026-03-17 16:42:40,Enfrente hay una tienda y 4 pinos,"Jesús González ","19.2652586,-99.6802383",Seminario 2 De Marzo,Héroes Del 5 De Mayo I
8940,Resuelto,2026-03-16 12:38:36,2026-05-08 16:05:31,"Se detectó dos baches en la vialidad de Lago Constanza ",Lago Constanza,"19.263168399999998,-99.66412249999999",Ocho Cedros,Ocho Cedros I
8938,Pendiente,2026-03-16 12:29:32,2026-03-17 14:56:33,"Muchos baches a lo largo de esa calle difícil transitar (DM: 19.302940, -99.592706)",Privada Doroteo Arango 62,"19.295844264862637,-99.59058484071824",Santa Maria Totoltepec,El Carmen Totoltepec
8936,Resuelto,2026-03-16 11:27:00,2026-05-12 15:42:26,"El bache se encuentra en la esquina de Reforma e insurgentes ya se empieza a hacer grande (MD: 19.246768, -99.670489)",Calle Reforma 205,"19.2463616,-99.67047860000001",Capultitlán,La Soledad
8935,Resuelto,2026-03-16 11:22:32,2026-05-12 15:44:39,"El bache se encuentra en medio de la calle Reforma casi esquina con Martha Rodríguez (DM: 19.245878, -99.670526)",REFORMA SUR,"19.246135799999998,-99.6704125",Capultitlán,Guadalupe
8930,Pendiente,2026-03-14 18:11:57,2026-03-17 14:32:57,"El bache está justo en la incorporación a 5 de mayo por lo no puedes tomar 5 de mayo pegado al sentido y te tienes que centrar para ti corporación ",Calle Leonardo Rodríguez Alcaine,"19.27569521655249,-99.63523664966722",San Sebastian,Comisión Federal De Electricidad
8923,Resuelto,2026-03-14 13:56:08,2026-03-17 10:35:18,Bache en bajada,Calle Subida de Los Álamos 109,"19.296313077819583,-99.64895293722172",Árbol De Las Manitas,Lomas Altas
8921,Resuelto,2026-03-14 13:56:07,2026-03-17 10:24:50,Bache en bajada,Calle Subida de Los Álamos 109,"19.296313077819583,-99.64895293722172",Árbol De Las Manitas,Lomas Altas
8922,Resuelto,2026-03-14 13:56:07,2026-05-08 14:50:53,Bache en bajada,Calle Subida de Los Álamos 109,"19.296313077819583,-99.64895293722172",Árbol De Las Manitas,Lomas Altas
8920,Resuelto,2026-03-14 13:52:44,2026-03-17 14:42:39,Bache a 100 mts de Matlazincas,Calle Bajada de Los Álamos 701,"19.295752151496337,-99.65018433032124",Árbol De Las Manitas,Zopilocalco Norte
8919,Resuelto,2026-03-14 13:52:42,2026-03-17 14:42:07,Bache a 100 mts de Matlazincas,Calle Bajada de Los Álamos 701,"19.295752151496337,-99.65018433032124",Árbol De Las Manitas,Zopilocalco Norte
8918,Resuelto,2026-03-14 13:52:33,2026-03-17 14:41:40,Bache a 100 mts de Matlazincas,Calle Bajada de Los Álamos 701,"19.295752151496337,-99.65018433032124",Árbol De Las Manitas,Zopilocalco Norte
8917,Resuelto,2026-03-14 13:52:27,2026-03-17 14:40:59,Bache a 100 mts de Matlazincas,Calle Bajada de Los Álamos 701,"19.295752151496337,-99.65018433032124",Árbol De Las Manitas,Zopilocalco Norte
8916,Resuelto,2026-03-14 13:52:18,2026-03-17 13:18:52,Bache a 100 mts de Matlazincas,Calle Bajada de Los Álamos 701,"19.295752151496337,-99.65018433032124",Árbol De Las Manitas,Zopilocalco Norte
8915,Resuelto,2026-03-14 13:52:17,2026-05-08 14:53:26,Bache a 100 mts de Matlazincas,Calle Bajada de Los Álamos,"19.295752151496337,-99.65018433032124",Árbol De Las Manitas,Zopilocalco Norte
8906,Pendiente,2026-03-13 17:51:05,2026-03-17 13:05:05,"Calle con gran cantidad de baches, y solicitamos colocar un tope, por bajan y suben sin precaución 
POR FAVOR ATIENDAN MI REPORTE, VECINOS AFECTADOS POR ESTOS BACHES Y MAS CUANDO LLUEVE (MD: 19.264961, -99.682539)","Miguel Negrete ","19.264818599999998,-99.68247889999999",San Buenaventura,Del Deporte
8905,Pendiente,2026-03-13 17:46:44,2026-03-17 13:03:20,"situación de baches en todo este tramo, no terminaron de arreglar esta calle y solicitamos un tope porque bajan y suben sin precaución (MD: 19.264960, -99.682554)",15 de Mayo,"19.264818599999998,-99.68247889999999",San Buenaventura,Del Deporte
8898,Resuelto,2026-03-13 13:47:52,2026-05-12 11:16:02,"hay baches y cuartiamiento que ya se está botando, se requiere bacheo (MD: 19.300696, -99.673922)
",Cerrada Guadalupe Victoria,"19.3006964,-99.67392249999999",Santiago Tlaxomulco,El Calvario
8897,Resuelto,2026-03-13 13:34:28,2026-05-12 11:22:36,"grupo de baches pequeños, se requiere bacheo se encuentran en la intersección de las dos calles (M.D. 19.306636, -99.673698)
","Niños Héroes ","19.3067203,-99.6735798",Santiago Tlaxomulco,El Calvario
8896,Resuelto,2026-03-13 13:22:17,2026-05-12 11:25:00,"dos baches, se requiere bacheo, sobre la calle Lázaro Cárdenas, frente a un molino de maíz (M.D. 19.309688, -99.670951) ",Lázaro Cárdenas,"19.3096425,-99.6710086",Santiago Tlaxomulco,El Calvario
8894,Pendiente,2026-03-13 13:09:33,2026-03-13 15:27:58,"hay un bache sobre insurgentes frente al consultorio dental en Santiago Tlaxomulco (M.D. 19.311491, -99.670478)","Avenida Insurgentes ","19.3119433,-99.6705396",Santiago Tlaxomulco,El Calvario
8893,Pendiente,2026-03-13 13:07:17,2026-03-13 14:44:58,"frente a la gasolinera G500 sobre calle insurgentes en Santiago Tlaxomulco hay bache, se requiere bacheo (M.D. 19.311897, -99.670492)","Avenida Insurgentes ","19.312459099999998,-99.6705515",Santiago Tlaxomulco,El Calvario
8889,Pendiente,2026-03-13 09:51:56,2026-03-13 14:41:05,"Se encuentra en la esquina de  la calle niños héroes y la cruz frente a una edificación de arcos de ladrillo 

",Niños Héroes,"19.267048044667867,-99.69658674872373",San Buenaventura,Alameda 2000
8886,Resuelto,2026-03-12 18:24:01,2026-03-13 14:02:30,Bache frente al número 163,Calle Árbol Las Manitas 154,"19.29723292493186,-99.64612273981406",Árbol De Las Manitas,Lomas Altas
8885,Resuelto,2026-03-12 18:24:00,2026-05-08 14:55:46,Bache frente al número 163,"Calle Árbol Las Manitas ","19.29723292493186,-99.64612273981406",Árbol De Las Manitas,Lomas Altas
8884,Pendiente,2026-03-12 17:54:47,2026-03-13 13:53:42,"Bache profundo. Rehabilitación de tope. Abarca ambos carriles. Calle funcional de Santin (M.D. 19.370456, -99.585130)",Carlos Arruza,"19.37067641464458,-99.5850404017495",Sauces,Villas Santín I
8883,Resuelto,2026-03-12 17:41:36,2026-03-13 13:49:25,Bache que abarca más de media calle. Favor de atender a la brevedad.,"Paseo de Los Eucaliptos ","19.35537372993,-99.59343049514986",Sauces,Sauces Ii
8882,Resuelto,2026-03-12 17:41:29,2026-03-13 13:48:11,Bache que abarca más de media calle. Favor de atender a la brevedad.,"Paseo de Los Eucaliptos ","19.35537372993,-99.59343049514986",Sauces,Sauces Ii
8881,Resuelto,2026-03-12 17:41:26,2026-03-13 13:47:18,Bache que abarca más de media calle. Favor de atender a la brevedad.,"Paseo de Los Eucaliptos ","19.35537372993,-99.59343049514986",Sauces,Sauces Ii
8880,Resuelto,2026-03-12 17:41:24,2026-05-12 11:03:09,"Bache que abarca más de media calle. Favor de atender a la brevedad. (M.D. 19.355508, -99.593491)","Paseo de Los Eucaliptos ","19.35537372993,-99.59343049514986",Sauces,Sauces Ii
8876,Pendiente,2026-03-12 14:00:54,2026-03-13 13:41:11,"Hay varios baches “hermanos” o juntos frente a Puebla 601 y no hay por donde pasar por los autos estacionados
","Puebla ","19.271635359025172,-99.63981644909035",Santa María De Las Rosas,Nueva Santa María De Las Rosas
8860,Resuelto,2026-03-12 12:21:02,2026-05-11 16:11:49,"rumbo al panteon (M.D. 19.253847, -99.701443)","Cda. Constituyentes ","19.2537384,-99.70066779999999",Cacalomacan,Del Centro
8859,Resuelto,2026-03-12 12:18:52,2026-05-11 16:35:13,"rumbo al panteón (M.D. 19.253795, -99.700721)","Cda. Constituyentes ","19.2536649,-99.7001817",Cacalomacan,Del Centro
8858,Resuelto,2026-03-12 12:14:52,2026-05-11 16:41:19,"Rumbo al panteon (19.253761, -99.700139)","Cda. Constituyentes ","19.2538047,-99.69968829999999",Cacalomacan,Del Centro
8857,Resuelto,2026-03-12 12:12:28,2026-05-11 17:28:38,"rumbo al panteón (M.D. 19.253735, -99.699741)",Cda. Constituyentes,"19.2533829,-99.7006791",Cacalomacan,Del Centro
8842,Resuelto,2026-03-11 11:31:26,2026-03-13 13:05:54,"hundimiento del pavimento ya evidente.

se encuentra frente a casa 112 y 113.

la calle se encuentra cerrada con reja, favor se comunicarse al número celular para darles acceso.",Antonio Velázquez 115,"19.3715035,-99.5850533",Sauces,Villas Santín I
8841,Resuelto,2026-03-11 11:22:53,2026-03-13 13:01:24,"Hundimiento del pavimento a la altura de la casa 109 y 110.

la calle se encuentra cerrada con reja favor de comunicarse conmigo para dar acceso. gracias ",Manolo Martínez,"19.371344699999998,-99.5850845",Sauces,Villas Santín I
8824,Pendiente,2026-03-10 16:46:53,2026-03-13 12:13:47,Se detectó un bache en la vialidad de Andrés Quintana Roo (esquina con Marcelino Garcia Barragán)así también del tramo de Agustín Olachea hasta la Avenida Solidarida las Torres hay un aproximado de 20 a 30 baches),"Calle Andrés Quintana Roo Norte ","19.2655895,-99.6644201",Ocho Cedros,Villa Hogar
8823,Pendiente,2026-03-10 16:39:38,2026-03-13 12:10:58,Se detectó un bache en la vialidad de Marcelino Garcia Barragán (entre las calles de Lago Constanza y Lago Aral),"General Marcelino García Barragán ","19.265091299999998,-99.6641121",Ocho Cedros,Ocho Cedros I
8819,Pendiente,2026-03-10 16:22:26,2026-03-13 12:03:25,"Se detengo un bache en la vialidad de Marcelino Garcia Barragán (entre las calles de Lago Tanganica y Lago Constanza) ","General Marcelino García Barragán ","19.2649962,-99.6633377",Ocho Cedros,Ocho Cedros I
8816,Resuelto,2026-03-10 14:29:47,2026-03-13 12:01:15,"Hay demasiados baches, no hay ni por donde pasar desde  la calle 
ototocuitlapilco hasta  E la calle de Elsa 

","Calle Puebla ","19.272024003166926,-99.63818421145713",Santa María De Las Rosas,Nueva Santa María De Las Rosas
8815,Pendiente,2026-03-10 14:29:46,2026-03-13 11:59:27,"Hay demasiados baches, no hay ni por donde pasar desde  la calle ototocuitlapilco hasta  E la calle de Elsa ",Calle Sonia,"19.272024003166926,-99.63818421145713",Santa María De Las Rosas,Nueva Santa María De Las Rosas
8794,Resuelto,2026-03-09 13:10:48,2026-03-13 11:53:56,"Espacio de reporte fue reparado el drenaje y pasado no lo arreglaron bien y ahora ya se hizo un mega bache de 3×2 mts y en 
tiempo de lluvias se inunda y con un mal olor que puede ser un foco de infección para los asistentes a la lecheria ubicada ahi",Lago Guzmán,"19.2873314,-99.6951065",Adolfo López Mateos,Miguel Hidalgo (corralitos)
8786,Resuelto,2026-03-08 12:28:07,2026-03-13 11:50:39,buena tarde solicito se tapado un bache que lleva mucho tiempo aquí cerca del rastro de gallinas viejas. es hasta el fondo de la privda,Llano Chico,"19.2738801,-99.68869169999999",San Buenaventura,Pensador Mexicano
8785,Resuelto,2026-03-08 11:21:56,2026-03-13 11:48:07,"Frente a Notaría 41 y antes del Oxxo de Quintana Roo y Paseo Tollocan ",Calle Andrés Quintana Roo 802,"19.27660342597385,-99.66324959553388",Morelos,Morelos Segunda Sección
8778,Resuelto,2026-03-07 13:42:24,2026-03-13 11:04:02,"Sobre pedro ascencio a la altura de los jarochos son 3. baches grandes ","Calle Pedro Ascencio ","19.289434046165837,-99.65994494052492",Centro Histórico,La Merced (alameda)
8779,Resuelto,2026-03-07 13:42:24,2026-03-13 11:02:56,"Sobre pedro ascencio a la altura de los jarochos son 3. baches grandes ","Calle Pedro Ascencio ","19.289434046165837,-99.65994494052492",Centro Histórico,La Merced (alameda)
8775,Resuelto,2026-03-07 13:42:23,2026-03-13 11:01:58,"Sobre pedro ascencio a la altura de los jarochos son 3. baches grandes ","Calle Pedro Ascencio ","19.289434046165837,-99.65994494052492",Centro Histórico,La Merced (alameda)
8776,Resuelto,2026-03-07 13:42:23,2026-03-13 11:00:25,"Sobre pedro ascencio a la altura de los jarochos son 3. baches grandes ","Calle Pedro Ascencio ","19.289434046165837,-99.65994494052492",Centro Histórico,La Merced (alameda)
8777,Resuelto,2026-03-07 13:42:23,2026-03-13 11:01:10,"Sobre pedro ascencio a la altura de los jarochos son 3. baches grandes ",Calle Pedro Ascencio,"19.289434046165837,-99.65994494052492",Centro Histórico,La Merced (alameda)
8774,Resuelto,2026-03-07 13:42:22,2026-04-13 10:39:00,"Sobre pedro ascencio a la altura de los jarochos son 3. baches grandes (M.D. 19.289296, -99.659969)","Calle Pedro Ascencio ","19.289434046165837,-99.65994494052492",Centro Histórico,La Merced (alameda)
8762,Resuelto,2026-03-06 10:39:09,2026-04-20 13:57:03,Calle con bache grandes sin reparar desde hace dos años,Vía Láctea,"19.39655594277104,-99.64627312613531",San Pablo Autopan,Galaxia Toluca
8761,Resuelto,2026-03-06 10:36:51,2026-04-20 13:59:36,"La avenida de acceso al fraccionamiento Galaxia Toluca está llena de baches grandes (M.D. 19.394692, -99.644706)",134,"19.394341665402106,-99.64440523593477",San Pablo Autopan,Real De San Pablo
8760,Resuelto,2026-03-06 10:33:41,2026-04-20 14:00:44,"La calle está llena de baches desde hace dos años (M.D. 19.394989, -99.640066)",134,"19.394726407824766,-99.63894498852531",San Pablo Autopan,Galaxia Toluca
8751,Resuelto,2026-03-05 20:31:11,2026-03-13 10:08:46,200,Calle Subida de Los Álamos 109,"19.2962986444825,-99.64896778554069",Árbol De Las Manitas,Lomas Altas
8750,Resuelto,2026-03-05 20:31:10,2026-03-13 10:08:19,200,Calle Subida de Los Álamos 109,"19.2962986444825,-99.64896778554069",Árbol De Las Manitas,Lomas Altas
8749,Resuelto,2026-03-05 20:31:04,2026-03-13 10:07:44,200,Calle Subida de Los Álamos 109,"19.2962986444825,-99.64896778554069",Árbol De Las Manitas,Lomas Altas
8748,Resuelto,2026-03-05 20:31:03,2026-03-18 12:51:30,200,"Subida de Los Álamos ","19.2962986444825,-99.64896778554069",Árbol De Las Manitas,Lomas Altas
8747,Resuelto,2026-03-05 20:26:15,2026-03-11 19:31:48,"A 50 metros de
La caada delubicada en Paseo Matlazincas y bajada de los Alamos","Calle Bajada de Los Álamos ","19.295645836500793,-99.65019447332854",Árbol De Las Manitas,Zopilocalco Norte
8739,Pendiente,2026-03-05 13:29:36,2026-03-05 13:41:59,"calle central de la colonia y en general la colonia (M.D. 19.258203, -99.657080)","Bosque de Pirules ","19.2576468,-99.65688089999999",Moderna De La Cruz,Bosques De Colón
8736,Resuelto,2026-03-05 10:06:48,2026-03-05 13:35:37,"En medio de la calle ha un hoyo de un metro y está cada vez más profundo
",Calzada de San Miguel 134,"19.296613654464544,-99.66333329565275",Barrios Tradicionales,San Miguel Apinahuizco
8735,Pendiente,2026-03-05 10:06:41,2026-03-05 13:33:45,"En medio de la calle ha un hoyo de un metro y está cada vez más profundo
","Calzada de San Miguel ","19.296613654464544,-99.66333329565275",Barrios Tradicionales,San Miguel Apinahuizco
8718,Resuelto,2026-03-04 11:08:36,2026-03-18 14:40:24,"muchos baches de distintos Tamaños juntos ni como evadirlos y uno significativamente grande ","Ignacio Allende ","19.281681499999998,-99.655585",Centro Histórico,Francisco Murguía (el Ranchito)
8717,Pendiente,2026-03-04 10:38:36,2026-03-05 12:40:54,"El hoyo está en la mera esquina ",Doroteo Arango,"19.293465478353244,-99.59121539633173",Santa Maria Totoltepec,El Carmen Totoltepec
8693,Pendiente,2026-03-03 11:14:47,2026-03-05 12:36:01,"8 baches localizados en avenida rio papaloapan desde esquina isidro fabela hasta la calle mil cumbres el bache mas grande esta ubicado en la intersección de rio suchiate esquina rio papaloapan an lado del tope  en la colonia 3 caminos Soy el representante de la colonia dejo mi número 7226013543 como referencia el oxxo de trescaminos (M.D. 19.315427, -99.650925)",Río Papaloapan,"19.3160025,-99.6513188",Santiago Miltepec,Miltepec Centro
8681,Resuelto,2026-03-02 16:04:47,2026-03-18 12:37:28,"La calle presenta varios baches demasiado grandes, como se ve en la imagen abarcan prácticamente todo el ancho de la calle, necesita reparación urgente debido a que es paso principal y además se están haciendo muy profundos y está afectando más partes de la calle ","Calle Cuauhtémoc Sur ","19.2706949,-99.6939383",San Buenaventura,Alameda 2000
8677,Resuelto,2026-03-02 13:58:49,2026-03-03 09:42:06,"el bache se encuentra enfrente ddk hotel Puerta del sol, en el 1er carril bajando el puente que conecta a alfredo del mazo",Via Alfredo del Mazo 902,"19.313885,-99.6389171",Santa Cruz Atzcapotzaltongo,Ex Hacienda La Magdalena (barrio San Juan De La Cruz)
8675,Pendiente,2026-03-02 12:19:13,2026-03-03 09:37:39,"Quiero solicitar la reparación de un socavón en la calle de Fernando Moreno 402. En la colonia San Sebastián. Entre la calle de Gomes Farías y Santos Villa a una cuadra de Isidro Fabela.Cin un diámetro de 35 CM cúbicos. y con una profundidad de 59 CM . Cada día se está abriendo más y se ve claramente que se está uniendo la calle. La comunidad les pedimos que se realice la reparación de  este socavón para evitar futuras complicaciones. De antemano agradezco mucho la atención a esta petición. ","Fernando Moreno ","19.2861413,-99.6406049",San Sebastian,San Sebastián Y Vértice
8664,Resuelto,2026-03-01 16:20:44,2026-03-03 09:34:00,Esta calle tiene baches que dañan los vehículos,Topógrafos,"19.316708124899673,-99.65277593599355",Santa Cruz Atzcapotzaltongo,Santa Cruz Norte
8665,Resuelto,2026-03-01 16:20:44,2026-03-03 09:32:34,Esta calle tiene baches que dañan los vehículos,"Topógrafos ","19.316708124899673,-99.65277593599355",Santa Cruz Atzcapotzaltongo,Santa Cruz Norte
8663,Resuelto,2026-03-01 16:20:40,2026-03-03 09:30:24,"Esta calle tiene baches que dañan los vehículos (M.D. 19.316752, -99.652531)","Topógrafos ","19.316708124899673,-99.65277593599355",Santa Cruz Atzcapotzaltongo,Santa Cruz Norte
8662,Resuelto,2026-03-01 16:16:07,2026-03-03 09:27:41,"El tope se está deshaciendo y al pasar los vehículos las piedras salen disparadas pidiendo ocasionar un accidente ","Calle Río Grijalva ","19.31658762099587,-99.65229773065107",Santiago Miltepec,Miltepec Centro
8661,Resuelto,2026-03-01 16:12:23,2026-03-03 09:20:56,Esta calle tiene muchos hoyos y baches profundos.,"Calle Río Grijalva ","19.31634295994061,-99.65242215539999",Santiago Miltepec,Miltepec Centro
8653,Resuelto,2026-02-28 12:44:40,2026-03-03 09:16:42,"falta poe bachear la calle Emilio Campa solo han trabajado la mitad y dejado incompleta la calle  falta a partir de la bodega aurrera en adelante ,por los camiones que vienen casi a diario nuestra calle esta intransitable ",Emilio Campa,"19.2609587,-99.6668845",Ocho Cedros,Ocho Cedros Ii
8635,Resuelto,2026-02-26 21:23:00,2026-05-13 09:56:38,"están haciendo puras cochinadas de trabajos con el bacheo en esta colonia.  ",Tenango 707,"19.2953994,-99.6680604",Sánchez,Sector Popular
8634,Resuelto,2026-02-26 21:21:03,2026-05-13 09:58:31,Toda la calle de Tenango está llena de baches,Tenango 605,"19.294838,-99.66815439999999",Sánchez,Sector Popular
8633,Resuelto,2026-02-26 21:19:19,2026-05-13 10:00:51,"No puedo creer que tapen solo 1 de cada 3 baches. ",Tenango 605,"19.294749499999998,-99.6680545",Sánchez,Sector Popular
8632,Resuelto,2026-02-26 21:18:05,2026-05-13 10:02:47,"otro bache ",Tenango 506,"19.2941492,-99.6679403",Sánchez,Sector Popular
8631,Resuelto,2026-02-26 21:16:55,2026-05-13 10:04:39,Toda la calle de Tenango está llena de Baches,Tenango 510,"19.2943461,-99.66785850000001",Sánchez,Sector Popular
8612,Resuelto,2026-02-26 08:43:04,2026-02-26 10:31:49,"urge reparar estos  baches existentes hace años (M.D. 19.278084, -99.668014)",Revolución de 1910,"19.278155599999998,-99.6679228",Morelos,Federal (adolfo López Mateos)
8611,Resuelto,2026-02-26 08:37:36,2026-02-26 10:29:09,"hace falta reparar 2 socavones que que dejaron después de tapar 2 fugas de agua (M.D. 19.278128, -99.668099)",Guillermo Rojas,"19.2780994,-99.6678314",Morelos,Federal (adolfo López Mateos)
8610,Resuelto,2026-02-25 22:08:45,2026-05-13 10:06:21,"Toda la calle de Tenango está llena de Baches ",Tenango 707,"19.2953994,-99.6680604",Sánchez,Sector Popular
8609,Resuelto,2026-02-25 22:07:31,2026-05-13 10:08:47,"Bache en calle Tenango ",Tenango 701,"19.295238899999998,-99.6681084",Sánchez,Sector Popular
8608,Resuelto,2026-02-25 22:06:22,2026-05-13 10:11:17,bache enorme en calle Tenango,Tenango 609,"19.294977,-99.6680645",Sánchez,Sector Popular
8595,Resuelto,2026-02-25 06:10:40,2026-04-20 14:02:55,"frente al garis (M.D. 19.353234, -99.642185)","5 de Mayo ","19.3533066,-99.6421057",San Pablo Autopan,Pueblo Nuevo I
8590,Resuelto,2026-02-24 18:29:03,2026-04-20 14:05:04,"urge mantenimiento (M.D. 19.347381, -99.643725)","Manuel Buendía Téllez Girón ","19.347857899999997,-99.6405856",San Pablo Autopan,Pueblo Nuevo I
8589,Resuelto,2026-02-24 18:27:08,2026-04-20 14:06:17,"calle con años sin mantenimiento (M.D. 19.346391, -99.643817)",Manuel Buendía Tellez Girón 852,"19.3353164,-99.64175929999999",San Cristobal Huichochitlan,San Salvador I
8582,Pendiente,2026-02-24 16:03:03,2026-02-26 09:47:53,"toda la calle chapultepec presenta problemas enormes de baches. 
se necesita atención urgentemente ",Chapultepec 116,"19.3609695,-99.65089379999999",San Pablo Autopan,Santa María Tlachaloyita
8557,Resuelto,2026-02-22 16:36:42,2026-05-12 16:36:09,entrando por calle guerrero (calle La Era esquina con calle Tierra Colorada),"La Era ","19.251431999999998,-99.70307679999999",Cacalomacan,Del Centro
8556,Resuelto,2026-02-22 16:34:04,2026-05-12 17:21:45,entrando por 3B,La Era 101,"19.2513048,-99.70365179999999",Cacalomacan,Del Centro
8555,Resuelto,2026-02-22 16:29:27,2026-05-12 17:24:27,"entrando por 3B (modificar coordenada, calle La Era)",Calle La Era,"19.2517699,-99.70407639999999",Cacalomacan,Del Centro
8553,Resuelto,2026-02-22 16:25:57,2026-05-12 17:26:59,"calle guerrero por tortillería (M.C. 19.251708, -99.704135)",Av. Vicente Guerrero,"19.247136299999998,-99.7077224",Cacalomacan,Sagrado Corazón
8537,Abierto,2026-02-21 13:11:38,2026-04-17 12:54:40,"SE HAN ENVIADO LOS SIGUIENTES REPORTES A OBRAS PÚBLICAS PARA SU ATENCIÓN Y NO SE HAN ATENDIDO Y SON LOS SIGUIENTES: REPORTE NÚMERO 7563 EL 15 DE DICIEMBRE DE 2025 , REPORTE NÚMERO 8059 DEL 26 DE ENERO DEL 2026 REFERENTE A LA REPARACIÓN DE LA BANQUETA, EN LA ESQUINA DE LA AVENIDA SAUCES, UNO ESQUINA CON ABETOS INDICÁNDONOS, EL SEÑOR ALFREDO QUE LE DARÍAN SEGUIMIENTO, SIN EMBARGO ACUDIÓ EL SEÑOR RODRIGO HUMBERTO VARGAS GONZÁLEZ, QUIÉN ES EL DICTAMINADOR DE LA DIRECCIÓN GENERAL, EL MEDIO AMBIENTE Y DE LA DIRECCIÓN JURÍDICA E INSPECCIÓN AMBIENTAL QUIÉN DIO FEA LA DENUNCIA. SEGUIMOS EN ESPERA DE QUÉ SE RESUELVA DICHO TEMA PUES ES URGENTE.  ",AV SAUCES I mz12 lte16 102,"19.354715810531356,-99.59574515195973",Sauces,Sauces I
8508,Pendiente,2026-02-20 19:02:52,2026-02-23 10:39:40," toda la calle de Miguel Barragán  de Felipe berriozábal a Heriberto Enriquez cuenta con varios baches por lo que solicito el bacheo general en esta calle  por favor (M.C. 19.267610, -99.645672)","Calle General Marcelino García Barragán ","19.2679015,-99.6456276",Santa María De Las Rosas,Emiliano Zapata
8503,Resuelto,2026-02-20 14:55:37,2026-02-23 10:43:50,"frente a restaurante la shunquita 
pasan camiones y cimbra las casas (M.C. 19.286136, -99.648296)",Instituto Literario 423 Ote,"19.2860422,-99.64777889999999",Centro Histórico,5 De Mayo
8484,Resuelto,2026-02-19 15:57:21,2026-02-23 10:47:57,"hay varios baches ",Calle Texcoco 605,"19.292846300000004,-99.667452",Sánchez,Sor Juana Inés De La Cruz
8475,Resuelto,2026-02-19 08:55:11,2026-05-12 17:29:23,"la joya esquina primer privada la joya (M.C. 19.246159, -99.710931)","3era Cda. De la Joya ","19.246235,-99.7106025",Cacalomacan,Sagrado Corazón
8474,Resuelto,2026-02-19 08:46:12,2026-05-12 17:31:20,"capillita Guadalupe (M.C. 19.248176, -99.708455)","La Joya (bifurcación) ","19.2481221,-99.70796519999999",Cacalomacan,Sagrado Corazón
8473,Resuelto,2026-02-19 08:39:03,2026-05-12 17:33:15,"por campo uno más arriba esq. calle cedros (M.C. 19.248323, -99.707870)",Del Salto,"19.2514655,-99.70707089999999",Cacalomacan,Del Centro
8413,Resuelto,2026-02-13 15:15:45,2026-02-16 09:07:22,"entrando por calle guerrero tienda 3 B segunda cerrada calle xinantecatl ",Calle Xinantécatl xinaltecal nueva,"19.2508962,-99.7028047",Cacalomacan,Del Centro
8369,Abierto,2026-02-11 12:17:42,2026-04-17 12:56:14,"se visiualiza un orificio de aproximadamente 15 o 20 centímetros de diámetro sobre la calle revolución al ",Revolución 109,"19.2934949,-99.59143170000002",Santa Maria Totoltepec,El Carmen Totoltepec
8354,Resuelto,2026-02-10 12:19:11,2026-05-12 17:35:17,"Está en medio de la calle, un hoyo muy grande, que necesita taparse, porque siempre le echan tierra encima y se vuelve a hacer",Calle Emiliano Zapata 1,"19.24804006912742,-99.7056114996557",Cacalomacan,Sagrado Corazón
8353,Resuelto,2026-02-10 12:16:36,2026-05-12 17:37:13,"Están del lado derecho izquierdo de la calle, se necesita retapizar toda la calle, por tanto paso de pipa de agua y camiones. Siempre se vuelven a abrir cuando tapan los baches",Calle José María Morelos y Pavón,"19.24817688910915,-99.70515115608193",Cacalomacan,Sagrado Corazón
8352,Resuelto,2026-02-10 12:15:01,2026-05-12 17:39:18,"Se necesita retapizar la calle entera por tanto, paso de pipas de agua y siempre se vuelven a abrir. Los baches, están pegados del lado derecho de la calle y de la izquierda",Calle José María Morelos y Pavón,"19.247738433242294,-99.7050358207801",Cacalomacan,Sagrado Corazón
8351,Resuelto,2026-02-10 12:13:22,2026-05-12 17:41:08,"Hay como 5 baches que se hacen por tanto tráfico de pipas de agua y camiones se necesita retapiAr la calle porque cuando tapan los baches vuelven a hacer ya los ha tapado y se sigue abriendo ",Calle José María Morelos y Pavón,"19.248148513742418,-99.70500647728758",Cacalomacan,Sagrado Corazón
8345,Resuelto,2026-02-10 10:33:18,2026-02-10 14:00:56,Lago del sol  entre lago Sayula y lago coyuca,Calle Lago del Sol 199,"19.2675883586604,-99.68049092609377",Seminario 2 De Marzo,Seminario Cuarta Sección I
8332,Cancelado,2026-02-09 12:33:12,2026-02-10 13:54:11,"Sobre bosques de flamboyanes fuera de la casa #153 esquina bosque de pino ",Calle Bosque de Flamboyanes 152,"19.25666887505292,-99.65664035630513",Capultitlán,San Isidro Labrador
8331,Pendiente,2026-02-09 12:33:09,2026-02-10 13:52:55,"Sobre bosques de flamboyanes fuera de la casa #153 esquina bosque de pino ",Calle Bosque de Flamboyanes 152,"19.25666887505292,-99.65664035630513",Capultitlán,San Isidro Labrador
8330,Resuelto,2026-02-09 12:28:11,2026-02-10 13:49:00,En medio de la calle de Agustín Olachea. Muy cerca está un Oxxo,Privada de Andrew 1403,"19.26449341987631,-99.66566051799897",Ocho Cedros,Ocho Cedros I
8321,Resuelto,2026-02-08 15:11:59,2026-02-10 10:15:53,"La avenida de Manuel buen día 
Presenta serios problemas de baches. 

Frente a taller de motos Italika. 
","Manuel Buen dia S/N dsquina 5 de mayo , pueblo nuevo","19.3502695,-99.6436068",San Pablo Autopan,Pueblo Nuevo Ii
8320,Pendiente,2026-02-08 09:57:44,2026-02-10 10:10:35,"El bache se encuentra justo en medio de la calle con un diámetro de más de 3 metros y la demás parte de la calle se está llenando de más baches ",Emiliano Zapata 108,"19.2707131,-99.6944238",San Buenaventura,Alameda 2000
8305,Resuelto,2026-02-07 17:18:38,2026-02-10 10:07:09,"toda la calle guerrero se encuentra en mal estado , se encuentra entre calle fray Servando y Francisco I madero ",Guerrero,"19.3217101,-99.5898055",San Mateo Otzacatipan,La Canaleja
8304,Cancelado,2026-02-07 12:17:57,2026-02-10 09:55:21,Baches en toda la calle,Paseo Vicente Lombardo Toledano 62,"19.306660925928046,-99.59968223428666",San Mateo Otzacatipan,Vicente Lombardo
8303,Resuelto,2026-02-07 12:17:50,2026-02-10 13:43:33,Baches en toda la calle,Paseo Vicente Lombardo Toledano 62,"19.306660925928046,-99.59968223428666",San Mateo Otzacatipan,Vicente Lombardo
8286,Cancelado,2026-02-06 15:33:45,2026-02-10 09:53:38,Enfrente del arco de vienvinidad,Calle José María Morelos y Pavón,"19.32215241741609,-99.60294857275568",San Mateo Otzacatipan,La Crespa
8285,Resuelto,2026-02-06 15:33:43,2026-05-12 14:42:25,Enfrente del arco de vienvinidad (ESQUINA CALLE JOSÉ MARÍA MORELOS Y PAVÓN),"Calle Fray Servando Teresa de Mier ","19.32215241741609,-99.60294857275568",San Mateo Otzacatipan,La Crespa
8284,Pendiente,2026-02-06 15:20:36,2026-02-10 09:46:48,"metí reportes cuando estaba trabajando en la calle paralela a esta (ayuntamiento) me dijeron se arreglaría en cuanto tuvieran el reporte d sus jefes..ya se retiraron todos los trabajadores desde Diciembre, y nunca vinieron ni a revisar...es la única calle se toda la unidad ,q esta en pésimo estado...serian tan amables de decirme a donde tenemos q  ir  para q nos den solución. ya metí reportes a COCICOVI y no me.dan respuesta!!! que tengo q hacer? es la única calle.en pésimas condiciones en la unidad!! tenemos línea d gas natural...la cual falta poco para q esos tramos se dañe !!!",REFORMA Número 2211 506,"19.317894,-99.5938479",San Mateo Otzacatipan,La Floresta
8230,Pendiente,2026-02-04 13:52:25,2026-02-04 17:11:52,Se encuentra a un costado del súper barato entre la calle principal paseo toltepec y 5 de nov toltepec la calle está llena de baches enormes (CALLE LÁZARO CÁRDENAS),Lázaro Cárdenas,"19.359506268931263,-99.70434409819434",San Martin Toltepec,San Martín
8216,Cancelado,2026-02-03 19:32:17,2026-02-04 17:07:20,"Meets gente a la cochera y se está formando una grieta continua que consecuentemente se hará bache ",Calle Valentín Gómez Farías 505,"19.285202536860677,-99.65731594797207",Centro Histórico,Francisco Murguía (el Ranchito)
8215,Resuelto,2026-02-03 19:32:14,2026-04-20 12:09:45,"Meets gente a la cochera y se está formando una grieta continua que consecuentemente se hará bache ",Calle Valentín Gómez Farías 505,"19.285202536860677,-99.65731594797207",Centro Histórico,Francisco Murguía (el Ranchito)
8214,Resuelto,2026-02-03 17:17:19,2026-04-20 14:16:43,"hay un bache y cada vez es más grande ",Calle los Pinos 124,"19.2548359,-99.67085949999999",Capultitlán,Los Pinos
8213,Resuelto,2026-02-03 17:12:10,2026-04-20 14:17:35,bache grande,Calle los Pinos 125,"19.2547468,-99.67107639999999",Capultitlán,Los Pinos
8208,Resuelto,2026-02-03 11:56:09,2026-04-20 14:18:46,"varios baches sobre la calle los pinos,",Calle los Pinos 125,"19.2547468,-99.67107639999999",Capultitlán,Los Pinos
8207,Resuelto,2026-02-03 11:33:33,2026-02-24 11:53:26,Se detectó dos baches profundos en la calle de Roque González Garza (uno esta en la calle de Lago Tanganica y el Segundo en la calle de Arcadio Henkel),Calle General Roque González G. 631,"19.258208099999997,-99.6668936",Ocho Cedros,Ocho Cedros Ii
8206,Resuelto,2026-02-03 11:09:18,2026-02-03 11:15:57,calle con múltiples baches,Tercera Cerrada Ex-Hda de Tlalpan 13A,"19.2941187,-99.69566189999999",San Mateo Oxtotitlan,San Jorge
8184,Resuelto,2026-02-01 13:09:58,2026-02-03 11:13:33,Baches en calle ex hacienda San Jorge enfrente de la 2 y 3 privada (porton de policarbonato blanco),Ex-hda. de Tlalpan 23A,"19.294278,-99.69490049999999",San Mateo Oxtotitlan,San Jorge
8175,Pendiente,2026-01-31 18:39:57,2026-02-03 11:17:35,"toda la  calle se encuentra en mal estado con terracería ",Juan Fernández Albarrán 188,"19.3404933,-99.5875069",San Mateo Otzacatipan,San José Guadalupe Otzacatipan
8169,Pendiente,2026-01-31 11:26:10,2026-02-03 11:23:34,"Esta entrando a la avenida principal de referencia de lado izquierdo está la secundaria Andrés Molina Enríquez y del lado derecho en la esquina está un puesto de carnitas ,urge que lo tapen los carros caen ahi",Las Palomas 31,"19.247667699999997,-99.632673",Metropolitana,Las Margaritas
8158,Pendiente,2026-01-30 15:07:12,2026-02-03 11:28:26,"Está ubicado enfrente de Ozonoterapia y gasolinería en construcción ",Manuel Ma. Contreras Interior Sn,"19.284809199999998,-99.63596629999999",San Sebastian,San Sebastián Y Vértice
8126,Pendiente,2026-01-29 11:44:29,2026-02-03 11:29:57,"esta en frente de un negocio de comida y a un lado de la secundaria Andrés Molina ",Las Palomas 11,"19.2476688,-99.63256709999999",Metropolitana,Las Margaritas
8112,Resuelto,2026-01-28 19:47:38,2026-05-12 11:07:10,"avenida eucaliptos aún enfrente de la panadería luna (ENTRE CALLE AMATES Y TAMARINDOS, CALLE EUCALIPTOS, CORREGIR COORDENADA)",Camelinas 56-102,"19.3544052,-99.593493",Sauces,Sauces Ii
8086,Resuelto,2026-01-28 08:00:38,2026-03-18 14:46:39,"Frente al fraccionamiento Villas Fontana 800C. Representa un peligro y obstruye un carril a la circulación ",Calle Dolores Hidalgo 1824,"19.296230298262124,-99.63741422715492",Independencia,Independencia
8048,Resuelto,2026-01-25 14:04:30,2026-01-28 10:08:16,"Toda la calle San Pablo se encuentra llena de baches, hay varios locales como el oxxo, farmacias similares, entre otras
",San Gabriel 200,"19.3728573,-99.58105549999999",Sauces,Villas Santín I
8047,Resuelto,2026-01-25 11:42:38,2026-01-26 17:47:11,Frente a tiendas 3 B,Calle 2 de Abril 66B,"19.2819202,-99.616337",Santa Ana Tlapaltitlan,Santa María Norte
8046,Resuelto,2026-01-25 11:05:12,2026-01-26 17:24:00,"FRENTE A LA PASTELERIA, JUNTO AL SALON DE FIESTAS INFANTILES. ",Calle 2 de Abril 70,"19.282244,-99.6156092",Santa Ana Tlapaltitlan,Santa María Norte
8040,Resuelto,2026-01-24 19:51:17,2026-01-26 15:32:36,"Coladera hundida y Baches justo donde se encuentra el semáforo 

Quiero reportar que la calle General Manuel González se encuentra en muy mal estado, especialmente en:
– La esquina con Colón
– La esquina con Jesús Carranza
En ambos puntos hay baches grandes que ya representan un riesgo para coches y peatones. En general, toda la calle está bastante deteriorada, por lo que solicitamos de favor que se considere la reparación completa de esta vialidad.
Agradecemos mucho su apoyo para que puedan revisarlo y darle pronta solución.
Gracias.
Bere Cuellar",General Manuel González 808,"19.259356399999998,-99.66188849999999",Moderna De La Cruz,Moderna De La Cruz Ii
8039,Resuelto,2026-01-24 19:46:02,2026-01-26 15:16:46,"En la esquina hay un Hospital y frente se ve un BBVA

Quiero reportar que la calle General Manuel González se encuentra en muy mal estado, especialmente en:
– La esquina con Colón
– La esquina con Jesús Carranza
En ambos puntos hay baches grandes que ya representan un riesgo para coches y peatones. En general, toda la calle está bastante deteriorada, por lo que solicitamos de favor que se considere la reparación completa de esta vialidad.
Agradecemos mucho su apoyo para que puedan revisarlo y darle pronta solución.
Gracias.
Bere Cuellar",General Manuel González 808,"19.259356399999998,-99.66188849999999",Moderna De La Cruz,Moderna De La Cruz Ii
8038,Resuelto,2026-01-24 17:31:46,2026-01-26 15:08:17,"Frente a mi casa ubicada en puebla #123 colonia Santa María de las Rosas; los baches están cada vez más profundos y el deterioro de la calle está  los Rosas lis baches ",Calle Puebla 123,"19.271301225420594,-99.64645408657087",Santa María De Las Rosas,Santa María De Las Rosas
8037,Resuelto,2026-01-24 17:30:48,2026-01-26 14:23:11,"Calle Puebla 123 Colonia Santa María de las rosas, toda la calle se encuentra deteriorada con baches de ",Calle Puebla 123,"19.27130410696835,-99.64645547615999",Santa María De Las Rosas,Santa María De Las Rosas
8025,Cancelado,2026-01-24 10:47:12,2026-01-26 14:21:11,"Toda la calle puebla se encuentra deteriorada, siendo una de las vías más transitadas de la colonia. 
Conecta con con Heriberto Enríquez y Pinosuarez. En esta misma calle se encuentra un módulo de policías para acudir a un un módulo de policía. ",Calle Puebla 123,"19.27129802638764,-99.64650801767054",Santa María De Las Rosas,Santa María De Las Rosas
8024,Resuelto,2026-01-24 10:46:55,2026-01-26 14:07:28,"Toda la calle puebla se encuentra deteriorada, siendo una de las vías más transitadas de la colonia. 
Conecta con con Heriberto Enríquez y Pinosuarez. En esta misma calle se encuentra un módulo de policías para acudir a un un módulo de policía. ",Calle Puebla 123,"19.27129802638764,-99.64650801767054",Santa María De Las Rosas,Santa María De Las Rosas
8015,Pendiente,2026-01-23 13:50:21,2026-01-26 13:44:33,Bache en medio de la calle  en Fernando Quiroz  casi esq con constitución de 1857,Fernando Quiroz 308,"19.280714,-99.66607839999999",Morelos,Morelos Primera Sección
8012,Pendiente,2026-01-23 13:21:12,2026-01-26 13:05:02,"hay un bache muy grande donde caen muchos coches, el bache se encuentra enfrente del parque que está enfrente de la primaria Miguel alemán 

",Boulevard Isidro Fabela 204,"19.2917909,-99.64130039999999",Independencia,Reforma Y Ferrocarriles Nacionales (san Juan Bautista)
8004,Pendiente,2026-01-23 08:57:23,2026-01-26 12:51:45,"Bache debido a reparación de fuga de agua, frente a la casa ubicado en obreros de Cananea 115 Col a Guadalupe ",Calle Obreros de Cananea 115,"19.308867119662143,-99.64187107214842",La Maquinita,"Guadalupe, Club Jardín Y La Magdalena"
7948,Pendiente,2026-01-20 12:44:19,2026-01-22 09:53:52,"Este bache lleva años en esta calle, en general la calle está pésima y se necesita un bacheo total ",Calle Ignacio Allende 9,"19.306074650891105,-99.57033180033399",San Pedro Totoltepec,Del Centro
7941,Resuelto,2026-01-19 15:31:18,2026-01-22 11:52:16,"calle prolongación paseo totoltepec norte, cerca de bodega Aurrerá Lombardo toledano en la intersección de prolongación paseo totoltepec y Lombardo toledano, la calle ya se encuentra en un estado intransitable, se está sumiendo haciendo que transitar sea complicado más es temporada de lluvia, se necesita reencarpetar la calle y hacer banquetas para el tránsito peatonal,",Calle Prolongación Paseo Totoltepec 302,"19.314465700000003,-99.5850758",San Pedro Totoltepec,Del Panteón
7920,Cancelado,2026-01-17 12:30:21,2026-01-22 11:44:41,"bache enfrente de la pastelería madres ",Sor Juana Inés de La Cruz 107,"19.2498836,-99.66367029999999",Capultitlán,San Isidro Labrador
7919,Pendiente,2026-01-17 12:24:13,2026-01-22 11:31:08,baches frente a pastelería Maurens,Sor Juana Inés de La Cruz 107,"19.2498836,-99.66367029999999",Capultitlán,San Isidro Labrador
7917,Cancelado,2026-01-17 11:33:09,2026-01-22 11:03:54,"casi frente a negocio de venta de  carnitas ",Calle Parque de Guadalupe 100,"19.2838752,-99.6975471",Adolfo López Mateos,Parques Nacionales Ii
7916,Cancelado,2026-01-17 11:30:15,2026-01-22 10:59:45,"Casi esquina con nevado de toluca  calle que conecta a la estación  del tren interurbano ",Calle Parque de Guadalupe 100,"19.2838752,-99.6975471",Adolfo López Mateos,Parques Nacionales Ii
7915,Resuelto,2026-01-17 11:27:20,2026-04-13 15:44:59,"casi frente a tie da de abarrotes calle que conecta a la estación del tren interurbano ",Calle Parque de Guadalupe 100,"19.2838752,-99.6975471",Adolfo López Mateos,Parques Nacionales Ii
7906,Resuelto,2026-01-16 14:02:14,2026-05-12 14:05:58,"en la calle Miguel Hidalgo en san Pedro Totoltepec, no tiene mucho que nos arreglaron la calle y los de agua y saniamiento han venido desde el año pasado hacer reparaciones en la calle que ya estaba arreglada y dejan abierto, tenemos como 8 hoyos ya, y para evitar que se siga dañando la avenida que no puedan apoyar en bachar lo que ya han abierto ",Avenida M. Hidalgo Sur N,"19.315850599999997,-99.57255389999999",San Pedro Totoltepec,Geovillas
7856,Resuelto,2026-01-13 12:35:09,2026-01-14 17:49:44,"Se detectó un bache profundo, de material de concreto Hidráulico",Calle Lago Victoria 900,"19.2576483,-99.6638804",Ocho Cedros,Ocho Cedros Ii
7832,Resuelto,2026-01-12 08:47:30,2026-01-21 09:53:20,Trabajo de agua y saneamiento no concluido. Lleva 1 semana sin tapar el hoyo,Metepec Calle naultcantepec col. Xinantecatepetl,"19.2874137,-99.6472562",Centro Histórico,5 De Mayo
7815,Resuelto,2026-01-10 16:22:50,2026-01-14 18:41:30,"SUBIDA DEL PANTEON DE SAN MIGUEL APINAHUISCO CASI AL LLEGAR AL DEPÓSITO DE AGUA POTABLE ""LA TERESONA"" POR EL CAMINO VIEJO A SANTIAGO TLAXOMULCO ",Camino Viejo a Santiago Tlaxomulco 340,"19.302703299999997,-99.66647019999999",Barrios Tradicionales,San Luis Obispo
7797,Resuelto,2026-01-09 11:39:59,2026-01-14 18:33:31,"100metros después de iniciada la carretera que conecta san Felipe tlalmimilolpan y capultitlan, sentido san Felipe tlalmimilolpan, la calle está en muy mal estado, hoyos muy pronunciados y se dañan los autos.",Carretera de San Felipe Tlalmimilolpan 120,"19.246268699999998,-99.65865000000001",Capultitlán,San Judas Tadeo
7744,Pendiente,2026-01-07 08:30:55,2026-01-14 17:23:43,"enfrente d ella papelería Toluca, entre Tenango y Cuautitlan toda la calle está llena de hoyos",Calle Otumba 409,"19.2913194,-99.6683887",Sánchez,Sor Juana Inés De La Cruz
7729,Resuelto,2026-01-05 22:10:10,2026-05-13 10:13:05,Baches horribles por toda la calle,Tenango 712,"19.2956288,-99.6679297",Sánchez,Sector Popular
7726,Pendiente,2026-01-05 19:04:34,2026-01-06 10:36:34,"Manuel Ma. Contreras esq. con Paseo Tollocan ",Manuel Ma. Contreras 217,"19.2849212,-99.6358772",San Sebastian,San Sebastián Y Vértice
7711,Pendiente,2026-01-03 10:06:52,2026-01-05 10:27:13,"En la esquina está el cajero de Banamex , toda la calle está dañda",Calle Nabor Carrillo Flores 221,"19.2848741412189,-99.63725436225947",San Sebastian,San Sebastián Y Vértice
7703,Abierto,2026-01-02 11:33:32,2026-01-02 11:33:32,"la situación del bache está entre las calles lucas alaman y fray Servando, ahora están arreglando, pero que por situación de mapeo ese tramo no se va a reparar, no se me hace correcto que se brinquen una área que si nesecita reparación, hacemos incapié para recibir justa reparación, agradezco al ayuntamiento tome cartas en el asunto gracias feliz 2026",Calle Mariano Matamoros 1422,"19.3146467,-99.5874137",San Mateo Otzacatipan,La Floresta
7694,Pendiente,2025-12-31 17:37:20,2026-01-06 10:48:15,"Frente a unos departamentos con fachada naranja y portón blanco ",Laguna de Tixtla 506,"19.2768658,-99.6716836",Ciudad Universitaria,Vicente Guerrero
7689,Resuelto,2025-12-31 09:31:41,2025-12-31 13:35:22,"problema a lo largo de toda la calle 

cerca del salón gemma
detrás del archivo judicial 
y en la esquina del kinder Miguel aleman",Chapultepec 56,"19.3609919,-99.653452",San Pablo Autopan,Santa María Tlachaloyita
7684,Resuelto,2025-12-30 14:49:00,2025-12-31 13:39:32,"desde hace 6 meses vinieron a abrir por qué había fuga de agua , cambiaron toda la tubería , pero NUNCA pusieron el concreto. y ayer pusieron concreto a dos cuadras donde igual taparon una fuga. y aqui NADA.
ojalá nos pudieran apoyar... gracias ","Alamo 910José Luis ","19.278414899999998,-99.6685116",Morelos,Federal (adolfo López Mateos)
7683,Cancelado,2025-12-30 12:45:23,2025-12-31 13:45:59,"Empedrado acceso a zonas abitacional ",Mz 2 Lt 2,"19.362745416956436,-99.585603318266",Sauces,Sauces Ii
7681,Resuelto,2025-12-29 20:33:24,2025-12-30 11:44:26,"sobre Lombardo Toledano, a la altura de Bodega Aurrera, a un costado de la lavandería Aquamatic",Avenida Paseo Totoltepec 3412,"19.2885749,-99.5863705",Santa Maria Totoltepec,Paseo Totoltepec
7657,Resuelto,2025-12-23 16:39:09,2026-03-17 16:30:42,"En toda la calle GUILLERMO MARCONI EXISTEN BACHES HA LL POR TOODS LOS VEICNIS QUE HEMOS YENIDO HASTA PERCANCES POR INVADIR EL CARRIL CONTRARIO URGE LLEVA AÑOS ASÍ PORFAVOR 

",Calle Guillermo Marconi 1002,"19.305623968742992,-99.63213681801409",Independencia,Las Torres (científicos)
7655,Resuelto,2025-12-23 16:39:07,2026-03-17 16:30:12,"En toda la calle GUILLERMO MARCONI EXISTEN BACHES HA LL POR TOODS LOS VEICNIS QUE HEMOS YENIDO HASTA PERCANCES POR INVADIR EL CARRIL CONTRARIO URGE LLEVA AÑOS ASÍ PORFAVOR 

",Calle Guillermo Marconi 1002,"19.305623968742992,-99.63213681801409",Independencia,Las Torres (científicos)
7656,Resuelto,2025-12-23 16:39:07,2026-03-17 16:29:39,"En toda la calle GUILLERMO MARCONI EXISTEN BACHES HA LL POR TOODS LOS VEICNIS QUE HEMOS YENIDO HASTA PERCANCES POR INVADIR EL CARRIL CONTRARIO URGE LLEVA AÑOS ASÍ PORFAVOR 

",Calle Guillermo Marconi 1002,"19.305623968742992,-99.63213681801409",Independencia,Las Torres (científicos)
7654,Resuelto,2025-12-23 16:38:57,2026-03-18 14:35:41,"En toda la calle GUILLERMO MARCONI EXISTEN BACHES HA LL POR TOODS LOS VEICNIS QUE HEMOS YENIDO HASTA PERCANCES POR INVADIR EL CARRIL CONTRARIO URGE LLEVA AÑOS ASÍ PORFAVOR ",Calle Guillermo Marconi 1002,"19.305623968742992,-99.63213681801409",Independencia,Las Torres (científicos)
7632,Pendiente,2025-12-20 15:50:19,2025-12-22 11:59:15,"Existe un baje y ya está lleno de agua 
Es peligro ya no se puede transitar ",Circuito San Martín,"19.386081612835092,-99.64811890945798",San Pablo Autopan,San Diego Linares
7616,Pendiente,2025-12-18 14:33:42,2025-12-20 13:53:23,bacheo,Francisco Javier Mina 218,"19.314723,-99.5894836",San Mateo Otzacatipan,La Floresta
7607,Resuelto,2025-12-17 16:37:24,2025-12-28 14:52:11,"llevamos años en malas condiciones y asi quieren q paguemos verificación es un asco de calles llevamos años reportando y no nos escuchan Ricardo Moreno solo nos mintió ",Calle Ignacio López Rayón 13,"19.3111656,-99.585617",Santa María Totoltepec,Arboledas
7604,Resuelto,2025-12-17 15:16:40,2026-02-27 19:05:36,"En la esquina del sanatorio de Cristo 
",General Manuel González 1218,"19.259681699999998,-99.6627098",Ocho Cedros,Ocho Cedros Ii
7591,Resuelto,2025-12-17 09:34:04,2025-12-30 16:48:13,"Buen día. Agradecemos el bacheo de nuestra calle, más sin embargo no terminaron la misma, faltará el final donde ya se generaron más profundos los baches, además de que con los trabajos se generó una fuga de agua. De la manera más atenta solicitamos terminar por completo el trabajo. Muchas gracias",Calle Melchor Y Ortega 115,"19.285822972476655,-99.6703188589898",Ciudad Universitaria,San Bernardino
7521,Pendiente,2025-12-11 20:10:04,2025-12-12 13:47:33,"a lado de Oxxo ",Avenida José María Morelos Poniente 957-989,"19.2877702,-99.6640031",Centro Histórico,La Merced (alameda)
7499,Pendiente,2025-12-10 14:32:47,2025-12-11 10:42:50,"En la calle Manuel María Contreras. Casi en la esquina con Paseo Tollocan, en medio de la calle. Entre un edificio amarillo y una gasolinera que no han abierto. El bache está tan profundo que golpean los carros al caer en el.
Toda la calle Manuel María Contreras presenta baches grandes",Avenida Paseo Tollocan Calle Manuel Ma. Contreras,"19.2842578,-99.6360897",San Sebastian,San Sebastián Y Vértice
7460,Resuelto,2025-12-08 15:52:12,2026-03-18 11:58:06,"bache de unos 15cm de profundidad amplio em medio de la Vialidad ",Horacio Zúñiga 211,"19.2811718,-99.6634205",Morelos,Morelos Primera Sección
7458,Pendiente,2025-12-08 15:16:39,2025-12-10 10:58:13,"Ya había mandado el reporte hace algunas semanas
Espero ahora si puedan localizar
Gracias",Calle Industria Automotriz 98,"19.297862391243697,-99.62648506434708",San Lorenzo Tepaltitlan,El Mogote
7456,Cancelado,2025-12-08 15:16:31,2025-12-10 11:03:40,"Ya había mandado el reporte hace algunas semanas
Espero ahora si puedan localizar
Gracias",Calle Industria Automotriz 98,"19.297862391243697,-99.62648506434708",San Lorenzo Tepaltitlan,El Mogote
7457,Cancelado,2025-12-08 15:16:31,2025-12-10 11:03:59,"Ya había mandado el reporte hace algunas semanas
Espero ahora si puedan localizar
Gracias",Calle Industria Automotriz 98,"19.297862391243697,-99.62648506434708",San Lorenzo Tepaltitlan,El Mogote
7454,Pendiente,2025-12-08 12:08:20,2025-12-10 11:14:54,"bache muy grande justo en medio de la intersección de Ignacio allende y Rafael M. Hidalgo ",Ignacio Allende 501,"19.283918099999998,-99.6556167",Centro Histórico,Francisco Murguía (el Ranchito)
7449,Resuelto,2025-12-08 07:04:29,2026-02-26 16:47:54,"Al iniciar la calle Guillermo Rojas esquina con Revolución de 1910 hay 2 baches es el acceso a las escuelas la Normal y Preparatoria así como la sec 5 (M.D. 19.278128, -99.668100)",Guillermo Rojas,"19.2791273,-99.6677338",Morelos,Federal (adolfo López Mateos)
7441,Resuelto,2025-12-07 10:33:36,2026-05-13 10:15:07,"Baches en toda la calle de Ixtlahuaca que no se han atendido. ",Ixtlahuaca 704,"19.294067,-99.6667722",Sánchez,Sector Popular
7429,Cancelado,2025-12-05 20:59:43,2025-12-11 10:20:31,"Buenas noches
Me gustaría reportar esta calle que esta en condiciones deplorables, es imposible pasar sin caer en uno de los muchos baches
Agradezco si pueden arreglar esta calla, por favor
Quedo atenta, linda noche",SIN NOMBRE Número 466 17,"19.2578344,-99.6409297",,
7428,Resuelto,2025-12-05 20:37:14,2026-02-24 12:59:43,"Se detecto de tres a cuatro baches profundos en la calle de Abelardo Rodríguez ",General Abelardo Rodríguez 301,"19.2627161,-99.6736554",Ocho Cedros,"Ocho Cedros, Segunda Sección"
7417,Pendiente,2025-12-05 15:02:57,2025-12-08 11:12:47,esta llena de baches la parte d la salida d los niños...los autos quieren esquivar y pasan por parte de la banqueta de mi casa....esta la conexión de gas natural!!!,Reforma 511,"19.31806,-99.59363959999999",San Mateo Otzacatipan,La Floresta
7416,Pendiente,2025-12-05 14:59:23,2025-12-08 11:17:02,"toda la cuadra esta llena d hoyos...la llenan de piedras pero no es suficiente...son más de 20 hoyos los q se encuentran en la calle...ayuda por favor ",Reforma 513,"19.3179897,-99.5937093",San Mateo Otzacatipan,La Floresta
7410,Resuelto,2025-12-05 09:56:45,2026-01-08 18:10:18,"Bache peligroso ",Calle Leonardo Rodríguez Alcaine 119,"19.27607937402379,-99.63482881437366",San Sebastian,Comisión Federal De Electricidad
7404,Resuelto,2025-12-04 16:47:44,2025-12-08 11:38:26,"avenida intransitable, Vicente Lombardo Toledano a la altura del fraccionamiento misiones de santa esperanza. desde el garis hasta el bodega Aurrerá.",Cuitláhuac 154,"19.308156699999998,-99.59188220000001",Santa Maria Totoltepec,Del Centro
7403,Resuelto,2025-12-04 16:22:21,2025-12-08 11:42:15,"prácticamente intransitable la avenida presidente Vicente Lombardo Toledano desde el garis hasta el bodega Aurrerá ",Paseo Vicente Lombardo Toledano 408,"19.3089396,-99.59015749999999",Santa María Totoltepec,Arboledas
7365,Pendiente,2025-11-30 17:59:15,2025-12-01 10:40:57,"Enfrente del panteon en esquina casi camino real, enfrente de locales en construcción  segun ya atendieron mis dos reportes anteriores y no han pavimentafo nunca",Calle del Panteón 139,"19.261107689499738,-99.71589937009392",San Antonio Buenavista,Camino Real
7352,Cancelado,2025-11-28 13:28:49,2025-12-01 10:35:54,"Doble bache

Ya lleva mucho tiempo",Calle Profesor Jesús González Ortega,"19.29565638590575,-99.62671851109596",Santa Ana Tlapaltitlan,Buena Vista
7351,Cancelado,2025-11-28 13:28:45,2025-12-01 10:31:58,"Doble bache

Ya lleva mucho tiempo",Calle Profesor Jesús González Ortega,"19.29565638590575,-99.62671851109596",Santa Ana Tlapaltitlan,Buena Vista
7339,Pendiente,2025-11-27 14:06:22,2025-12-01 10:21:17,"VARIOS BACHES DENTRO DE CALLE PREVISTA ",Avenida Independencia Esq. Prevista,"19.3140459,-99.59521099999999",San Mateo Otzacatipan,La Floresta
7332,Cancelado,2025-11-26 21:06:49,2025-12-29 17:53:19,"Baches en la calle 15 de Mayo esquina Miguel Negrete. Abarcan como 20 mts de la calle, asfalto completamente dañado. Están frente a domicilios en tres esquina y hace esquina con un terreno baldío, solicitando su apoyo para solucionarlo. 
y se pide el apoyo de un tope en esta zona ya que pasan muy rápido los automóviles sin dar paso a peatón o a los que vivimos aquí de salir de nuestra casa con nuestro vehículo.",Miguel Negrete 7,"19.264818599999998,-99.68247889999999",San Buenaventura,Del Deporte
7330,Resuelto,2025-11-26 20:43:03,2026-02-24 12:54:48,"Se han detectado un aproximado de 50 a 60 baches en la calle de Lago Peten (A partir de la calle de Eduardo Hernández Chazaro y Plateros), variando la profundidad y el ancho.",Lago Petén 802,"19.264008,-99.66979049999999",Ocho Cedros,"Ocho Cedros, Segunda Sección"
7308,Pendiente,2025-11-25 18:11:01,2025-11-26 10:19:38,"baches varios en Crisantemos entre paseo de las flores ",Crisantemos 630,"19.3125358,-99.63162299999999",San Lorenzo Tepaltitlan,Las Flores
7307,Pendiente,2025-11-25 18:03:10,2025-11-26 10:24:17,baches varios en Crisantemos y paseo de las flores,Crisantemos 648,"19.313075599999998,-99.6315139",San Lorenzo Tepaltitlan,Las Flores
7306,Pendiente,2025-11-25 17:58:50,2025-11-26 10:28:32,baches varios en Crisantemos entre paseo de las flores y prolongacion Morelia,Crisantemos 656,"19.313339600000003,-99.6314743",San Lorenzo Tepaltitlan,Las Flores
7305,Pendiente,2025-11-25 17:55:35,2025-11-26 10:34:18,baches varios en Crisantemos esquina paseo de las flores,Crisantemos 703,"19.3135725,-99.6316258",San Lorenzo Tepaltitlan,Las Flores
7304,Pendiente,2025-11-25 17:46:31,2025-11-26 10:40:11,baches varios en paseo de las flores esquina pensamientos,Paseo de las Flores 345C,"19.313215,-99.63011379999999",San Lorenzo Tepaltitlan,Las Flores
7303,Pendiente,2025-11-25 17:44:12,2025-11-26 10:45:19,baches varios entre pensamientos y paseo de las flores,Paseo de las Flores 345,"19.3131503,-99.63021359999999",San Lorenzo Tepaltitlan,Las Flores
7302,Pendiente,2025-11-25 17:41:24,2025-11-26 10:48:26,"paseo de las flores esquina claveles ",Claveles 446,"19.3131068,-99.6303265",San Lorenzo Tepaltitlan,Las Flores
7301,Pendiente,2025-11-25 17:38:12,2025-11-26 10:55:43,"paseo de las flores esquina nardos, en el crucero ",Bugambilias Parque de las Flores,"19.312936999999998,-99.63061900000001",San Lorenzo Tepaltitlan,Las Flores
7288,Pendiente,2025-11-25 11:33:34,2025-11-26 11:00:48,"Se detectó un bache al profundo en la calle de Andrés Quintana Roo, (entre las vialidades de Juan Andrew Almazan y Eduardo Hernández Chazaro) Delegación Ocho Cedros.",Calle Andrés Quintana Roo Norte 1513,"19.262777399999997,-99.66490739999999",Ocho Cedros,Ocho Cedros I
7286,Resuelto,2025-11-24 21:29:04,2026-05-12 18:28:23,"Toda la calle de Chalco está llena de baches. ",Chalco 362,"19.295213099999998,-99.6673386",Sánchez,Sector Popular
7255,Resuelto,2025-11-23 17:32:58,2026-03-03 16:35:22,"Varios Baches en la Calle Pablo Sidar entre Rafael M Hidalgo y Francisco Murguia ya presenta mucho deterioro la carpeta asfaltica  por ello varios baches en toda la calle 
los cuales representan un riesgo al circular por esta calle los automovilistas al tratar de esquivarlos han golpeado autoa estacionados",Pablo Sidar 111,"19.2804592,-99.653282",Universidad,Cuauhtémoc
7254,Resuelto,2025-11-23 13:40:40,2026-05-12 18:21:51,"Toda la calle de Toluca está llena de baches.  ",Calle Toluca 302,"19.293844099999998,-99.66511849999999",Sánchez,Sector Popular
7251,Pendiente,2025-11-23 11:02:09,2025-11-24 10:23:50,"hace tres semanas vinieron a bachear pero al levantar un pedazo del pavimento encontraron un hueco el cual sigue llevándose material y no lo pudieron tapar correctamente, solo con tierra provisionalmente, ya que comentaron que tenía que checarlo otro organismo, SAPAS. estamos en espera de que regresen, pero ya pasó mucho tiempo. agradeceremos la pronta revisión y solución de esto, ya que a futuro será un problema, más si el material se está llendo al drenaje directamente
",Jilotepec 202,"19.292629800000004,-99.664148",Sánchez,Sor Juana Inés De La Cruz
7250,Cancelado,2025-11-23 10:34:23,2025-11-24 10:36:08,"Calle con baches es una intersección imposible de transitar se hace mucho tráfico peligro para los peatones 
",Calle Venustiano Carranza 12,"19.295570953222057,-99.58914164614134",Santa Maria Totoltepec,El Carmen Totoltepec
7249,Cancelado,2025-11-23 10:34:16,2025-11-24 10:45:13,"Calle con baches es una intersección imposible de transitar se hace mucho tráfico peligro para los peatones 
",Calle Venustiano Carranza 12,"19.295570953222057,-99.58914164614134",Santa Maria Totoltepec,El Carmen Totoltepec
7245,Pendiente,2025-11-22 22:39:26,2025-11-24 10:50:30,"se bachearon calles paralelas a josué  Mirlo del tramo de Horacio Zuñiga a Venustiano Carranza, saltando exclusivamente la calle que estoy reportando, encontrandose esta en malas condiciones en este mismo tramo pues hay alrededor de 11 baches en josué Mirlo",Josué Mirlo 426,"19.282080000000004,-99.6689523",Morelos,Morelos Primera Sección
7236,Resuelto,2025-11-22 16:16:24,2026-05-12 12:58:15,"Sobre Juan Aldama. A un lado del hotel Radisson. ",Bahía de Todos Los Santos 56,"19.286486099999998,-99.62622209999999",Santa Ana Tlapaltitlan,Pino Suarez
7232,Pendiente,2025-11-22 08:55:37,2025-11-24 11:06:27,"Se está asfaltando el tramo entre estas dos calles, se requiere la colocación de los topes que existían antes de la reparación. se requieren tres topes por lado.",De Las Arboledas 98,"19.3074261,-99.6070062",San Mateo Otzacatipan,Jardines De La Crespa
7159,Pendiente,2025-11-18 08:42:32,2025-11-18 11:25:55,"En medio de la calle Tenancingo se ha ido haciendo un hoyo que los venidos han rellenado con tierra

",Calle Carlos Pichardo 123,"19.291932396291873,-99.67316778406071",Sánchez,Electricistas Locales
7152,Resuelto,2025-11-17 21:11:11,2026-02-18 16:36:43,"toda la calle de Ixtlahuaca está horrible y llena de baches. ",Calle Prol. Tenancingo 302,"19.2925722,-99.6652122",Sánchez,Sor Juana Inés De La Cruz
7150,Resuelto,2025-11-17 16:21:55,2025-12-10 12:21:39,"Cerca de la Cafetería RUDYS y del negocio de maderas y triplay. ",República de Venezuela 209A,"19.2838098,-99.64238759999999",San Sebastian,San Sebastián Y Vértice
7146,Pendiente,2025-11-16 13:01:46,2025-11-18 11:33:35,"Este bache esta sobre la calle Rodolfo Sanchez  que esta a un costado del Sanatorio Toluca ",Rodolfo Sánchez 615,"19.2755931,-99.6666734",Morelos,Morelos Segunda Sección
7145,Pendiente,2025-11-16 12:56:40,2025-11-18 11:35:27,Bache sobre la calle Rodolfo Sanchez está a un lado del Sanatorio Toluca,Rodolfo Sánchez 615,"19.2755931,-99.6666734",Morelos,Morelos Segunda Sección
7144,Pendiente,2025-11-16 12:50:26,2025-11-18 11:36:39,"El bache esta en la esquina de las  calles Noé Pérez y  Rodolfo Sanchez  (M.D. 19.275780, -99.666689)",Noe Pérez Pío Quintana 108,"19.2766152,-99.6666496",Morelos,Morelos Segunda Sección
7143,Resuelto,2025-11-16 10:44:33,2026-02-26 16:59:14,"Este bache esta en la esquina de Juan Rodriguez y la calle Eulalia Peñaloza, se está undiendo el pavimento ",Calle Juan Rodríguez 1560,"19.2770466,-99.6667464",Morelos,Morelos Segunda Sección
7138,Cancelado,2025-11-15 14:30:38,2025-12-29 18:28:05,"Frente a ""Jatsiri Olin"" y crepas ""Frenchie Crepas"" ",Independencia 49,"19.2407509,-99.64206349999999",San Felipe Tlalmimilolpan,Del Centro
7131,Pendiente,2025-11-15 10:42:32,2025-11-18 11:46:28,esquina tienda de frutas,Luis Procuna 100,"19.3707271,-99.5822159",Sauces,Villas Santín I
7126,Pendiente,2025-11-14 16:47:21,2025-11-15 09:43:57,"en medio de la calle,a un costado de la Delegación ,frente al tanque de agua de Sauces 5",Calle Hacienda de Enmedio 59A,"19.3667086,-99.586565",Sauces,Sauces V
7124,Resuelto,2025-11-14 16:13:28,2026-05-12 15:12:06,"Se encuentra ubicados cinco baches profundos dentro de la calle que es de ambos sentidos ",Paseo de La Luz 49,"19.3278605,-99.63872029999999",San Cristobal Huichochitlan,San Salvador Ii
7116,Resuelto,2025-11-13 21:40:28,2026-05-13 10:17:08,"Baches en toda la cuadra de Tenango, entre Tlalnepantla y Chalco. ",Tenango 707,"19.2953994,-99.6680604",Sánchez,Sector Popular
7114,Pendiente,2025-11-13 21:14:24,2025-11-14 10:54:33,"calle principal para el hospital Adolfo López Mateos a un costado de purificadora Dimas ",Ganadería 138,"19.3187557,-99.6307156",Santa Cruz Atzcapotzaltongo,Ex Hacienda La Magdalena (barrio San Juan De La Cruz)
7102,Pendiente,2025-11-13 18:08:37,2025-11-14 10:38:15,varios baches en toda la calle Garcia Moreno entre Juan Alvarez y Arteaga de un tamaño considerable generando un rieago para los automivilistas debilo al considerable deagaste de la carpeta asafaltica,Ingeniero Rafael García Moreno 206-228,"19.283127399999998,-99.6506175",Universidad,Cuauhtémoc
7101,Pendiente,2025-11-13 18:04:51,2025-11-14 10:37:56,Varuos Baches en todo el tramo de la calle Garcia Moreno entre Juan Alvarez y Arteaga de un tamaño considerable que representan un riesgo debido al desgaste de la carpeta asfaltica en este tramo de calle,Ingeniero Rafael García Moreno 206-228,"19.283127399999998,-99.6506175",Universidad,Cuauhtémoc
7098,Resuelto,2025-11-13 16:49:34,2026-05-12 14:51:29,"baches en la calle adolfo lopez mateos san jose gualaupe otzacatipan frente a herreria 
",Adolfo López Mateos 137,"19.3400118,-99.59603249999999",San Mateo Otzacatipan,San José Guadalupe Otzacatipan
7097,Resuelto,2025-11-13 16:47:09,2025-12-09 13:53:32,estan bacheando la calle paseo de las flores y se saltaron estos baches que muy pronto estarán muy grandes y queremos evitarlos,Paseo de las Flores 901,"19.3136402,-99.6320317",San Lorenzo Tepaltitlan,Las Flores
7096,Resuelto,2025-11-13 16:47:04,2026-05-12 14:54:38,"baches sobre la calle adolfo lopez mateos comunidad san jose guadalupe otzacatipan toluca 
",Adolfo López Mateos 151,"19.3395828,-99.59532999999999",San Mateo Otzacatipan,San José Guadalupe Otzacatipan
7095,Resuelto,2025-11-13 16:40:45,2026-02-16 10:50:54,BACHE UBICADO EN BOCACALLE ENTRE ALTAMIRANO BENITO JUAREZ Y CONSTITUYENTES APROXIMADAMENTE 8 BACHES,Calle Benito Juárez G. 253,"19.2963176,-99.69116919999999",San Mateo Oxtotitlan,Tierra Y Libertad
7093,Resuelto,2025-11-13 16:35:27,2025-12-09 13:56:00,se bacheo la cuadra y se quedo pendiente estos baches que en muy poco tiempo estarán enormes a la primera lluvia y no valdrá la pena rl trabajo de bacheo,Azaleas 848,"19.3134181,-99.6318595",San Lorenzo Tepaltitlan,Las Flores
7092,Resuelto,2025-11-13 16:29:26,2025-12-09 13:54:49,"estan bacheando en paseo de las Flores, se saltan estos baches que consideramos en muy poco tiempo se van a hacer mucho mas grandes, consideramos se deben bachear para que lo ya reparado no se levante 
",Crisantemos 703,"19.3135725,-99.6316258",San Lorenzo Tepaltitlan,Las Flores
7090,Resuelto,2025-11-13 14:32:17,2025-11-14 10:07:07,"Al ir circulando sobre av san Rafael pase un bache y libre la llanta delantera pero la trasera no y se reventó ",Del Parque 52004,"19.3012432,-99.52685869999999",,
7089,Pendiente,2025-11-13 14:08:32,2025-11-13 17:18:42,Calle donde se encuentra el pozo de agua de Sauces 5 y las instalaciones de la delegación Sauces,Calle Hacienda de Enmedio 63,"19.36690423841662,-99.5866011021737",Sauces,Sauces V
7087,Pendiente,2025-11-13 14:08:31,2025-11-13 17:18:33,Calle donde se encuentra el pozo de agua de Sauces 5 y las instalaciones de la delegación Sauces,Calle Hacienda de Enmedio 63,"19.36690423841662,-99.5866011021737",Sauces,Sauces V
7088,Pendiente,2025-11-13 14:08:31,2025-11-13 17:18:38,Calle donde se encuentra el pozo de agua de Sauces 5 y las instalaciones de la delegación Sauces,Calle Hacienda de Enmedio 63,"19.36690423841662,-99.5866011021737",Sauces,Sauces V
7086,Pendiente,2025-11-13 14:08:29,2025-11-13 17:17:51,Calle donde se encuentra el pozo de agua de Sauces 5 y las instalaciones de la delegación Sauces,Calle Hacienda de Enmedio 63,"19.36690423841662,-99.5866011021737",Sauces,Sauces V
7084,Pendiente,2025-11-13 13:47:34,2025-11-13 17:01:52,"Enfrente de la panadería las palmas, sobre la calle que está a un costado de donde se paga el agua de Toluca , a un costado de la primaria Jaime Nuño",7a. Mz Lt 24,"19.354043956016724,-99.59623244072898",Sauces,Sauces I
7083,Pendiente,2025-11-13 13:47:31,2025-11-13 16:59:01,"Enfrente de la panadería las palmas, sobre la calle que está a un costado de donde se paga el agua de Toluca , a un costado de la primaria Jaime Nuño",7a. Mz Lt 24,"19.354043956016724,-99.59623244072898",Sauces,Sauces I
7082,Pendiente,2025-11-13 13:47:19,2025-11-13 16:50:43,"Enfrente de la panadería las palmas, sobre la calle que está a un costado de donde se paga el agua de Toluca , a un costado de la primaria Jaime Nuño",7a. Mz Lt 24,"19.354043956016724,-99.59623244072898",Sauces,Sauces I
7078,Resuelto,2025-11-13 11:45:45,2025-12-29 19:38:06,Toda la calle Miguel Hidalgo Sur está en mal estado,Calle Benito Juárez 23,"19.307175905284836,-99.57163562076127",San Pedro Totoltepec,Del Centro
7077,Resuelto,2025-11-13 10:22:20,2025-12-09 13:05:35,En sauces 4 x la glorieta en la parada del caminante a un costado del restaurante las cazuelas d mamichi en contra eskina del modelorama,Hda. de Zumpango L6-C-B,"19.366293799999998,-99.5881275",Sauces,Sauces Iv
7067,Pendiente,2025-11-12 13:46:24,2025-11-13 12:12:18,"frente a la harinera donde finaliza la ciclovía de Isidro Fabela dirección a palmillas ",Isidro Fabela Norte 859,"19.305211999999997,-99.6442184",La Maquinita,Los Ángeles
7066,Resuelto,2025-11-12 10:52:12,2026-03-18 12:31:05,"frente a restaurante ",Calle Lago de Patzcuaro 313,"19.2766619,-99.6758181",Seminario Las Torres,Seminario Segunda Sección
7065,Resuelto,2025-11-12 10:46:27,2025-12-12 13:23:12,esquina Dif toluca,Calle la Palma 2,"19.311754099999998,-99.58446070000001",Santa María Totoltepec,Arboledas
7064,Resuelto,2025-11-12 08:44:55,2025-12-29 19:37:37,"la ubicación de los baches es sobre la calle Manuel Bernal, entre Benito Juárez e Insurgentes en Capultitlan. Hoy 12 de noviembre están bacheando sobre Benito Juárez; tuve la oportunidad de hablar con él ingeniero a cargo del bacheo y me comentó que hiciera mi reporte para que le autorizaran el bacheo de la calle que reporto. ",Manuel Bernal 919,"19.2489478,-99.6717991",Capultitlán,Los Pinos
7063,Pendiente,2025-11-12 08:24:02,2025-11-12 12:48:15,las personas por evadir el bache se meten a la ciclovía de Isidro Fabela casi frente a la tienda color cril,Isidro Fabela Norte 859,"19.305211999999997,-99.6442184",La Maquinita,Los Ángeles
7061,Pendiente,2025-11-12 08:18:35,2025-11-12 12:49:05,frente al restaurante la maquinita,Isidro Fabela Norte 859,"19.305211999999997,-99.6442184",La Maquinita,Los Ángeles
7060,Pendiente,2025-11-12 08:16:16,2025-11-12 12:49:30,Bache frente a la gasolinera G500,Isidro Fabela Norte 859,"19.305211999999997,-99.6442184",La Maquinita,Los Ángeles
7059,Pendiente,2025-11-12 08:14:10,2025-11-12 12:49:51,los autos invaden la ciclovía de Isidro Fabela por esquivar los baches frente al minicar,Boulevard Isidro Fabela 857,"19.3054216,-99.64402249999999",La Maquinita,Los Ángeles
7045,Resuelto,2025-11-11 15:41:56,2025-12-12 12:36:48,"Vienieron a bechear , pero dejaron varios hoyos todavía , incl",Calle Temascaltepec 104,"19.29544417461975,-99.66748016903311",Sánchez,Sector Popular
7039,Pendiente,2025-11-11 12:02:15,2025-11-11 17:20:07,"toda la vialidad que lleva a las direcciones San Mateo otz y san Lorenzo tepaltitlan está con varios baches que resolver ",San Mateo 800,"19.3201157,-99.6119459",San Lorenzo Tepaltitlan,San Angelín
7036,Resuelto,2025-11-11 07:13:36,2026-02-13 13:56:52,Frente a capilla,Jesús Reyes Heroles 133,"19.2696319,-99.6973596",San Buenaventura,Alameda 2000
7035,Resuelto,2025-11-11 07:07:12,2025-12-27 14:04:40,"Junto a glorieta Centro Cultural ",Avenida Eduardo Monroy Cárdenas 6,"19.2675412,-99.7024811",San Buenaventura,Alameda 2000
7034,Resuelto,2025-11-11 07:02:06,2025-12-08 13:27:43,"Frente a Unidad deportiva Tec. de Monterrey ",Jose Maria Heredia 211,"19.2667769,-99.70068309999999",San Buenaventura,Alameda 2000
7031,Resuelto,2025-11-10 21:54:24,2026-02-27 18:56:52,Sanatorio de Cristo,General Manuel González 907,"19.259393499999998,-99.6621493",Moderna De La Cruz,Moderna De La Cruz Ii
7028,Resuelto,2025-11-10 17:50:31,2026-05-12 17:43:19,"Zona de baches en el tramo de la calle Constituyentes desde ayuntamiento a Aquiles Serdán frente a diferentes negocios en calle principal. ",Cda Constituyentes 33,"19.2541925,-99.707448",Cacalomacan,Del Centro
7026,Resuelto,2025-11-10 17:46:10,2025-12-29 20:06:36,"Exactamente abajo del puente peatonal de la central de abastos ",Vialidad José López Portillo San José Guadalupe,"19.343059399999998,-99.59804319999999",San Mateo Otzacatipan,San José Guadalupe Otzacatipan
7024,Resuelto,2025-11-10 17:39:29,2026-02-13 13:17:47,"Taparon un bache y me dejaron frente a mi casa todo el escombro, por favor para que lo recojan ",Calle Francisco Márquez 107,"19.299781405219353,-99.69295351939675",San Mateo Oxtotitlan,Niños Héroes I
7021,Resuelto,2025-11-10 10:12:55,2026-04-13 15:48:27,"frente a un zaguan blanco, al lado de una polleria. los baches estan cerca de la banqueta.",Enrique Olascoaga 324,"19.298713,-99.660793",Barrios Tradicionales,Unión
7020,Cancelado,2025-11-10 10:09:03,2025-11-10 10:33:34,frente a una casa cafe y un lote baldio. casi en la esquina,Enrique Olascoaga 337,"19.298543199999997,-99.6609051",Barrios Tradicionales,Unión
7019,Resuelto,2025-11-10 09:55:28,2025-11-18 15:03:39,"frente al salón de fiestas y jardín de niños ",Calle Primero de Mayo 204,"19.2542026,-99.6612796",Capultitlán,San Isidro Labrador
7018,Resuelto,2025-11-10 09:46:51,2025-11-18 15:02:10,"Aún costado del Jardín de Niños ""Niños Héroes""",Calle Primero de Mayo 206,"19.2541717,-99.6612545",Capultitlán,San Isidro Labrador
7017,Resuelto,2025-11-10 09:32:55,2026-04-13 15:50:01,"frente al parque y al costado de Primaria azul. Son varios baches. ",Enrique Olascoaga 309,"19.2980288,-99.659784",Barrios Tradicionales,Unión
7016,Cancelado,2025-11-10 09:29:29,2025-11-10 10:48:36,"son 6 baches frente primaria Ford 42. casi para llegar al parque. justo donde esta el tope, sobre Enrique Olascoaga. ",Aztecas 216,"19.297959499999997,-99.66005539999999",Barrios Tradicionales,Unión
7011,Resuelto,2025-11-09 20:12:54,2025-11-18 14:45:23,"calle con muchos baches y tráfico vehicular ",Fco. Villa 120,"19.254808399999998,-99.6740841",Capultitlán,Los Pinos
7010,Resuelto,2025-11-09 20:12:51,2025-11-18 14:43:49,"calle con muchos baches y tráfico vehicular 
",Fco. Villa 130,"19.2548449,-99.6739719",Capultitlán,Los Pinos
7009,Resuelto,2025-11-09 20:11:25,2025-12-01 17:56:09,"calle con muchos baches y tráfico vehicular 
",Fco. Villa 130,"19.2548449,-99.6739719",Capultitlán,Los Pinos
7008,Resuelto,2025-11-09 20:11:23,2025-11-18 14:42:35,"calle con muchos baches y tráfico vehicular ",Fco. Villa 120,"19.254808399999998,-99.6740841",Capultitlán,Los Pinos
7007,Pendiente,2025-11-09 20:07:59,2025-11-10 11:19:50,"calle con muchos baches y tráfico vehicular ",Emiliano Zapata #123 Colonia Capultitlán,"19.254907199999998,-99.67233759999999",Capultitlán,Los Pinos
7006,Pendiente,2025-11-09 20:03:10,2025-11-10 11:22:41,"calle con muchos baches y tráfico vehicular ",Fco. Villa 112,"19.254786300000003,-99.6723047",Capultitlán,Los Pinos
7005,Pendiente,2025-11-09 19:59:05,2025-11-10 11:26:12,"calle con muchos baches y tráfico vehicular 
",Emiliano Zapata 123,"19.2549436,-99.6723258",Capultitlán,Los Pinos
7004,Resuelto,2025-11-09 19:54:30,2025-11-18 14:41:14,"calle con muchos baches y tráfico vehicular ",Emiliano Zapata 113,"19.2555034,-99.67208839999999",Capultitlán,Los Pinos
7003,Pendiente,2025-11-09 19:53:35,2025-11-10 11:30:18,"calle con muchos baches y tráfico vehicular 
",Emiliano Zapata 123,"19.2549436,-99.6723258",Capultitlán,Los Pinos
7002,Pendiente,2025-11-09 19:51:09,2025-11-10 11:32:16,"calle con muchos baches y tráfico vehicular ",Fco. Villa 112,"19.254786300000003,-99.6723047",Capultitlán,Los Pinos
7001,Pendiente,2025-11-09 19:51:00,2025-11-10 11:51:58,"calle con muchos baches y tráfico vehicular ",Emiliano Zapata 123,"19.2549436,-99.6723258",Capultitlán,Los Pinos
7000,Resuelto,2025-11-09 19:36:30,2025-11-18 13:34:33,papelería sory,Calle Profesora Martha Rodríguez Valdes 105,"19.245556999999998,-99.6640565",Capultitlán,San Isidro Labrador
6999,Resuelto,2025-11-09 19:33:31,2025-11-18 13:37:39,"calle esquina con colon ",Calle Profesora Martha Rodríguez Valdes 106,"19.2454572,-99.6642364",Capultitlán,San Judas Tadeo
6998,Resuelto,2025-11-09 19:29:31,2025-11-18 14:09:21,enfrente del número 107,Calle Profesora Martha Rodríguez Valdes 90,"19.2454426,-99.6643787",Capultitlán,San Judas Tadeo
6997,Pendiente,2025-11-09 19:27:04,2025-11-10 12:46:10,calle con baches y mucho tráfico vehicular.,Calle Margarita Maza de Juárez 30,"19.254790699999997,-99.6716315",Capultitlán,Los Pinos
6996,Resuelto,2025-11-09 19:25:58,2025-11-18 13:39:10,"enfrente de mercado abandonado ",Calle Profesora Martha Rodríguez Valdes 90,"19.2454426,-99.6643787",Capultitlán,San Judas Tadeo
6995,Resuelto,2025-11-09 19:22:58,2025-11-18 14:05:53,"esquina con calle guerrero ",Calle Profesora Martha Rodríguez Valdes 55,"19.2456377,-99.6649836",Capultitlán,San Isidro Labrador
6994,Resuelto,2025-11-09 19:20:01,2025-11-18 14:16:05,"mercado abandonado ",Calle Profesora Martha Rodríguez Valdes 409,"19.245617,-99.66578419999999",Capultitlán,Guadalupe
6993,Resuelto,2025-11-09 19:17:29,2025-11-18 14:04:55,"recaudaría y abarrotes red cola ",Calle Profesora Martha Rodríguez Valdes 55,"19.2456377,-99.6649836",Capultitlán,San Isidro Labrador
6992,Resuelto,2025-11-09 19:15:19,2025-11-18 14:04:00,"frente a recaudaría Verito ",Calle Profesora Martha Rodríguez Valdes 55,"19.2456377,-99.6649836",Capultitlán,San Isidro Labrador
6991,Resuelto,2025-11-09 19:13:21,2025-11-18 13:40:20,"ferretería en la esquina ",Calle Profesora Martha Rodríguez Valdes 58,"19.245625099999998,-99.6655",Capultitlán,Guadalupe
6990,Resuelto,2025-11-09 19:11:58,2025-12-01 17:43:44,Calle con baches y mucho tráfico vehicular,Fco. Villa 28,"19.2546011,-99.67122789999999",Capultitlán,Los Pinos
6989,Resuelto,2025-11-09 19:11:38,2025-12-01 17:45:42,"calle con baches y mucho tráfico vehicular 
",Fco. Villa 1058,"19.2546629,-99.6713695",Capultitlán,Los Pinos
6988,Resuelto,2025-11-09 19:10:35,2025-11-18 17:27:09,enfrente de casa 208,Calle Profesora Martha Rodríguez Valdes 58,"19.245571599999998,-99.6655413",Capultitlán,Guadalupe
6987,Resuelto,2025-11-09 19:08:04,2025-11-18 14:17:21,"distribuidora de pollos ",Calle Profesora Martha Rodríguez Valdes 409,"19.245617,-99.66578419999999",Capultitlán,Guadalupe
6986,Resuelto,2025-11-09 19:05:30,2025-11-18 14:11:30,"frente a un callejón sin nombre ",Calle Profesora Martha Rodríguez Valdes 500,"19.2455381,-99.666767",Capultitlán,Guadalupe
6985,Resuelto,2025-11-09 19:02:58,2025-11-14 18:10:03,"zaguán verde grande ",Calle Profesora Martha Rodríguez Valdes 500,"19.2455381,-99.666767",Capultitlán,Guadalupe
6984,Resuelto,2025-11-09 18:58:26,2025-12-01 17:17:08,"terreno baldío ",Calle Profesora Martha Rodríguez Valdes 500,"19.2455381,-99.666767",Capultitlán,Guadalupe
6983,Resuelto,2025-11-09 18:56:02,2025-11-18 14:00:47,edificio 3 pisos frente al número 500,Manuel González Espinoza 102,"19.2452214,-99.6667875",Capultitlán,San Judas Tadeo
6982,Resuelto,2025-11-09 18:50:18,2025-11-18 13:35:59,"edificio blanco cerca ",Calle Profesora Martha Rodríguez Valdes 105,"19.245556999999998,-99.6640565",Capultitlán,San Isidro Labrador
6981,Resuelto,2025-11-09 18:40:28,2025-11-18 15:00:45,"calle con baches y mucho tráfico vehicular ",Fco. Villa 10,"19.2546937,-99.6698555",Capultitlán,Los Pinos
6980,Resuelto,2025-11-09 18:39:57,2025-11-18 14:55:14,"Calle con baches y abundante tráfico ",Fco. Villa 111,"19.254739,-99.6697578",Capultitlán,Los Pinos
6979,Resuelto,2025-11-09 18:38:06,2025-11-18 14:07:41,"frente a 3 cortinas de negocios color verde ",Calle Profesora Martha Rodríguez Valdes 313,"19.245739999999998,-99.66771849999999",Capultitlán,Guadalupe
6977,Cancelado,2025-11-09 18:05:15,2025-11-10 11:39:45,"A espaldas del Colegio Niños de México, frente a un terreno 
Baldío grande. ",Calle Francisco Villa 600,"19.3020110346219,-99.62952082387368",Independencia,San Juan Buenavista
6976,Resuelto,2025-11-09 18:05:12,2026-03-18 14:36:52,"A espaldas del Colegio Niños de México, frente a un terreno 
Baldío grande. ",Calle Francisco Villa 600,"19.3020110346219,-99.62952082387368",Independencia,San Juan Buenavista
6975,Cancelado,2025-11-09 18:05:09,2025-11-10 11:40:53,"A espaldas del Colegio Niños de México, frente a un terreno 
Baldío grande. ",Calle Francisco Villa 600,"19.3020110346219,-99.62952082387368",Independencia,San Juan Buenavista
6971,Resuelto,2025-11-09 14:22:58,2026-03-03 16:26:10,"varios.baches sobre la calle Altamirano entre Ramon Corona y Arteaga
asi como el cruce entre Altamirano y Artega 
ya se encuentra muy dañada la carpeta asfaltica y muy profundos los baches
geberando situacion de riesgo",Calle I. M. Altamirano 406A,"19.281466899999998,-99.651996",Universidad,Cuauhtémoc
6970,Resuelto,2025-11-09 14:15:33,2026-03-03 16:24:24,"varios baches  en la calle Altamirano  entre Francisco Murguia y Ramon Corona 
y estan profundos generando riesgo 
ya que los automivilistas en su afan de esquivarlos ocasionan situcaiones de riesgo",Calle I. M. Altamirano 406A,"19.281466899999998,-99.651996",Universidad,Cuauhtémoc
6969,Resuelto,2025-11-09 14:08:16,2026-03-03 16:44:31,"varios baches en la interseccion de Heriberto Enriquez y Altamirano
entre Rafael M Hidalgo y Francisvo Murguia
colonia cuauhtemoc
ya estan profundos
y empiezan a generar riesgo para los automovilistas",Avenida Profesor Heriberto Henriquez 504,"19.2806092,-99.6519946",Universidad,Cuauhtémoc
6967,Resuelto,2025-11-09 12:58:55,2026-05-12 16:06:39,"es en el cruce de Juárez y Reforma ",Calle Juarez 119,"19.2495888,-99.6623312",Capultitlán,San Isidro Labrador
6965,Resuelto,2025-11-09 12:00:40,2026-03-18 13:06:09,vaxbachhe frente a casa amarilla,Tarascos 117,"19.299256,-99.66061870000001",Barrios Tradicionales,Unión
6964,Resuelto,2025-11-09 11:56:40,2026-03-18 13:06:57,sandi vuelta en la calzada de San Luis Obispo hacia Tolotzin. frente a lote baldío,Tarascos 111,"19.2989431,-99.66068109999999",Barrios Tradicionales,Unión
6963,Pendiente,2025-11-09 11:54:45,2025-11-10 12:14:18,"baches en la calle Miguel Hidalgo junto templo testigos de Jehová y campos de fútbol juventus san cayetano Morelos Toluca Código postal 50295
",Miguel Hidalgo y Costilla 146,"19.4022985,-99.700248",San Cayetano Morelos,San Cayetano
6962,Resuelto,2025-11-09 11:53:33,2026-03-18 13:07:55,"justo frente a la tienda hay dos hoyos. ",Tarascos 100,"19.2987641,-99.66060399999999",Barrios Tradicionales,Unión
6961,Resuelto,2025-11-09 11:51:12,2026-03-18 13:08:38,esquina de Tolotzin y Enrique Olascoaga hay dos hoyos sobre tolotzin. antes de llegar a una tienda,Enrique Olascoaga 335,"19.298441,-99.66071889999999",Barrios Tradicionales,Unión
6960,Resuelto,2025-11-09 11:48:05,2026-03-18 13:09:38,"Justo en la esquina pasando la primaria Ford 42. ",Enrique Olascoaga 331,"19.298506,-99.6604414",Barrios Tradicionales,Unión
6959,Resuelto,2025-11-09 11:37:27,2026-03-18 13:10:56,frente al nicho de San Judas Tadeo,Andador de San Luis Obispo Jardin De La Unión,"19.2994611,-99.65976789999999",Barrios Tradicionales,Unión
6958,Resuelto,2025-11-09 11:34:40,2026-03-18 13:11:33,"bache ubicado entre el parque de san luis obispo y sec 14, por escaleras de toootzin.",Tolotzin 609,"19.2993852,-99.6603521",Barrios Tradicionales,Unión
6957,Resuelto,2025-11-09 11:20:41,2026-03-18 13:12:21,los baches estan justo en la esquina de tarascos y Tolotzin. A una cuadra del nicho de San Judas Tadeo y cerca de las escaleras de la puerta trasera de la sec. 14,Tarascos 103,"19.2993144,-99.66067559999999",Barrios Tradicionales,Unión
6951,Resuelto,2025-11-08 18:24:52,2026-03-18 13:13:25,"El bache está en esquina se Olmecas y Enrique Olascoaga,  hay una tienda en la esquina y cerca de una purificadora de agua. ",Olmecas 201,"19.2988499,-99.6610759",Barrios Tradicionales,Unión
6950,Resuelto,2025-11-08 18:19:30,2026-03-18 13:14:10,"eEEl lEl bache está justo enfrente del nicho de la Virgen de Guadalupe, sobre  Enrique Olascoaga esq. con Mixtecas",Mixtecas 100,"19.2989107,-99.66162759999999",Barrios Tradicionales,Unión
6947,Pendiente,2025-11-08 11:45:05,2025-11-10 12:17:07,En la entrada a la callé Martín Carrera aun costado de la iglesia de la misericordia calle Heriberto Enriquez,Calle Martin Carrera 369,"19.2655975,-99.6459548",Del Parque,Ampliación Lázaro Cárdenas
6946,Cancelado,2025-11-08 10:46:07,2025-11-10 15:31:48,"Calle con muchos baches urge reparar ",Cerrada de Tlatelolco,"19.30653457462283,-99.58437321805626",Santa Maria Totoltepec,Del Centro
6943,Resuelto,2025-11-08 08:46:37,2025-12-28 13:59:23,"El día de ayer mandaron a bachear las calles cuando realmente se necesita un reencarpetamiento de las calles y lo peor es que no lo hicieron bien dejaron los escombros a mitad de la calle, solicitamos un buen trabajo, no las porquerías que hucieron",Retorno 8 1,"19.3114839,-99.5639212",San Pedro Totoltepec,La Galia
6942,Resuelto,2025-11-08 08:34:31,2026-02-16 10:00:04,"Ayer vinieron a reparar el bache del reporte 3387, pero me dejaron el escombro 
",Calle Francisco Márquez 107,"19.299750409438847,-99.69296837388829",San Mateo Oxtotitlan,Niños Héroes I
6935,Pendiente,2025-11-07 20:49:31,2025-11-10 15:23:01,"varios baches entre la calle Manuel González y Vicente Guerrero 
",Calle Profesora Martha Rodríguez Valdes 409,"19.245617,-99.66578419999999",Capultitlán,Guadalupe
6934,Pendiente,2025-11-07 20:48:58,2025-11-10 15:15:40,"Calle con baches y alto tráfico vehicular ",Calle Profesora Martha Rodríguez Valdes 409,"19.245617,-99.66578419999999",Capultitlán,Guadalupe
6933,Pendiente,2025-11-07 20:47:31,2025-11-10 13:47:13,"dos baches muy ondos ",Calle Profesora Martha Rodríguez Valdes 409,"19.245617,-99.66578419999999",Capultitlán,Guadalupe
6932,Pendiente,2025-11-07 20:46:52,2025-11-10 15:24:59,Calle con baches ynalto tráfico vehícular,Calle Profesora Martha Rodríguez Valdes 409,"19.245617,-99.66578419999999",Capultitlán,Guadalupe
6931,Pendiente,2025-11-07 20:45:09,2025-11-10 15:40:10,"Calle con baches y alto tráfico vehicular ",Luis Donaldo Colosio 20,"19.245409199999997,-99.66659299999999",Capultitlán,San Judas Tadeo
6930,Pendiente,2025-11-07 20:43:02,2025-11-10 15:40:46,"la calle tiene unos baches enorme, no sé puede pasar bien ",Calle Profesora Martha Rodríguez Valdes 500,"19.2455381,-99.666767",Capultitlán,Guadalupe
6929,Pendiente,2025-11-07 20:41:40,2025-11-10 15:40:24,"Calle con baches y qlto tráfico vehícular ",Luis Donaldo Colosio 20,"19.245409199999997,-99.66659299999999",Capultitlán,San Judas Tadeo
6928,Pendiente,2025-11-07 20:40:37,2025-11-10 15:46:02,"Aún costado de negocio de pipas de agua ",Calle Profesora Martha Rodríguez Valdes 500,"19.2455381,-99.666767",Capultitlán,Guadalupe
6927,Pendiente,2025-11-07 20:36:16,2025-11-10 15:39:58,"Calle con baches y traficonpor ser libramiento ",Calle Profesora Martha Rodríguez Valdes 500,"19.2455381,-99.666767",Capultitlán,Guadalupe
6926,Pendiente,2025-11-07 20:35:44,2025-11-10 15:46:37,"frente a un edificio Color beige ",Calle Profesora Martha Rodríguez Valdes 500,"19.2455381,-99.666767",Capultitlán,Guadalupe
6925,Cancelado,2025-11-07 20:34:55,2025-11-10 15:54:16,grandes baches que afectan la circulación vial,Calle Reforma 205,"19.2463616,-99.67047860000001",Capultitlán,La Soledad
6924,Pendiente,2025-11-07 20:33:56,2025-11-10 15:39:37,"Calle co baches y alto  tránsito vehicular por ser libramiento ",Calle Profesora Martha Rodríguez Valdes 500,"19.2455381,-99.666767",Capultitlán,Guadalupe
6923,Pendiente,2025-11-07 20:31:25,2025-11-10 15:41:14,"Calle con baches y alto tránsito vehicular por ser libramiento ",Calle Profesora Martha Rodríguez Valdes 32,"19.245403,-99.6668672",Capultitlán,San Judas Tadeo
6922,Pendiente,2025-11-07 20:30:13,2025-11-10 15:47:12,"Los baches se encuentran frente a unos departamentos color beige ",Calle Profesora Martha Rodríguez Valdes 313,"19.245739999999998,-99.66771849999999",Capultitlán,Guadalupe
6921,Pendiente,2025-11-07 20:29:18,2025-11-10 15:42:03,"Calle con Baches y con alto transito por ser libramiento ",Calle Profesora Martha Rodríguez Valdes 32,"19.245403,-99.6668672",Capultitlán,San Judas Tadeo
6920,Pendiente,2025-11-07 20:27:53,2025-11-10 15:42:50,"Calle con baches y alto tránsito por ser libramiento ",Calle Profesora Martha Rodríguez Valdes 32,"19.245403,-99.6668672",Capultitlán,San Judas Tadeo
6919,Pendiente,2025-11-07 20:25:43,2025-11-10 15:43:50,"Calle con baches y alto grado de transito por ser libramiento ",Calle Profesora Martha Rodríguez Valdes 32,"19.245403,-99.6668672",Capultitlán,San Judas Tadeo
6918,Pendiente,2025-11-07 20:20:03,2025-11-10 15:44:27,"Calle con baches y alto grado de transito por ser libramiento ",Calle Profesora Martha Rodríguez Valdes 313,"19.245739999999998,-99.66771849999999",Capultitlán,Guadalupe
6917,Pendiente,2025-11-07 20:19:04,2025-11-10 15:55:39,"calle con muchos baches ",Calle Profesora Martha Rodríguez Valdes 313,"19.245739999999998,-99.66771849999999",Capultitlán,Guadalupe
6916,Pendiente,2025-11-07 20:16:01,2025-11-10 15:56:13,"calle con muchos  baches  ",Calle Profesora Martha Rodríguez Valdes 313,"19.245739999999998,-99.66771849999999",Capultitlán,Guadalupe
6915,Pendiente,2025-11-07 20:15:48,2025-11-10 15:47:52,"varios bachear en la calle Marta Rodríguez, entre reforma y Colón 
",Calle Profesora Martha Rodríguez Valdes 514,"19.2457024,-99.6699853",Capultitlán,Guadalupe
6914,Pendiente,2025-11-07 20:15:47,2025-11-10 15:44:56,Calle con baches y alto transito por ser libramiento,Calle Profesora Martha Rodríguez Valdes 313,"19.245739999999998,-99.66771849999999",Capultitlán,Guadalupe
6913,Resuelto,2025-11-07 20:09:11,2026-05-12 16:09:35,calle con muchos baches,Calle Reforma 28,"19.2488296,-99.66995879999999",Capultitlán,Los Pinos
6912,Resuelto,2025-11-07 19:56:50,2026-05-12 16:12:44,"calle con muchos baches es paso para escuelas ",Calle Juarez 634,"19.2495634,-99.6694182",Capultitlán,Guadalupe
6911,Resuelto,2025-11-07 19:46:32,2025-11-18 17:37:40,"Muchos baches, y profundos que es muy riesgoso pasar por ahí ",Privada 5 de Febrero 104,"19.2463686,-99.6656804",Capultitlán,Guadalupe
6910,Resuelto,2025-11-07 19:42:15,2025-11-18 13:31:25,hay un gran bache que abarca la mitad de calle,Segunda Privada Colón NORTE 386,"19.2455783,-99.663792",Capultitlán,San Isidro Labrador
6909,Resuelto,2025-11-07 19:37:21,2025-11-18 13:30:03,"es en el Cruze de la calle El palmar y Marta Rodriguez ",Segunda Privada Colón NORTE 386,"19.2455783,-99.663792",Capultitlán,San Isidro Labrador
6908,Resuelto,2025-11-07 19:34:13,2025-11-18 13:33:16,"En todo el tramo hay 50 baches aproximadamente ",Calle Profesora Martha Rodríguez Valdes 105,"19.245556999999998,-99.6640565",Capultitlán,San Isidro Labrador
6907,Resuelto,2025-11-07 18:36:30,2025-12-22 12:57:00,Varios Baches en todo el tramo de la calle Altamirano entre Arteaga y Juan Alvarez ya estan muy grandes y profundos generando mucha situacion de riego para los autos que transitan por la calle y para los que estan estacionados,Calle I. M. Altamirano 217,"19.2831351,-99.6519246",Universidad,Cuauhtémoc
6906,Pendiente,2025-11-07 18:27:49,2025-11-10 15:40:18,varios baches en la calle Sor Juana entre Arteaga y Ramon Corona ya estan muy profundos y al estar en una calle muy transitada como esta generan situacion de riesgo al tratar de esquivarlos,Calle Sor Juana I. de La C. 800,"19.2818534,-99.65134669999999",Universidad,Cuauhtémoc
6904,Resuelto,2025-11-07 18:12:20,2026-03-03 16:16:49,"varios baches sobre la calle Sor juana entre Ramon Corona y Francisco Murguia tiene aproximadamente 
2 meses que paso una cuadrilla bacheando pero los relaizaron con lluvia y no duraron se volvieron a generar ",Calle Sor Juana I. de La C. 802B,"19.2814124,-99.651274",Universidad,Cuauhtémoc
6903,Resuelto,2025-11-07 18:03:09,2026-03-03 14:17:32,Varios Baches que empiezan a ser profundos y generan mucho riesgo al ser esta calle de mucho transito vehicular y por su ubicacion en la calle hacen que los autos tengan que maniobrar,Calle Sor Juana I. de La C. 1103,"19.2794796,-99.65111329999999",Universidad,Cuauhtémoc
6902,Pendiente,2025-11-07 17:55:49,2025-11-10 15:37:05,frente a casa naranja,Lago de Chapala 98,"19.275126,-99.67007749999999",Seminario Las Torres,Seminario San Felipe De Jesús
6901,Resuelto,2025-11-07 17:52:59,2026-03-03 14:03:43,Dos Baches sobre la calle Carlos A Velez casi esquina con Venustiano Carranza esta al centro de la calle ya estan muy profundo generando riesgo al transitar por esta zona,Calle General Venustiano Carranza 20 Poniente 597,"19.2791714,-99.6498261",Universidad,Cuauhtémoc
6900,Resuelto,2025-11-07 17:48:26,2026-03-03 14:05:59,Varios Baches en la esquina de Carlos A Velez con Venustiano Carranza  es un tramo de la calle donde esta muy afectado el asfalto,Calle General Venustiano Carranza 20 Poniente 597,"19.2791714,-99.6498261",Universidad,Cuauhtémoc
6899,Resuelto,2025-11-07 17:38:56,2026-03-03 13:47:33,"Varios baches como 15 de diferentes tamaños
algunos muy grandes y profundos
se arreglaron hace 2 meses  en temporada de lluvias y se volvieron a levantar por una mala ejecucion ",Bulevar José María Pino Suárez 641,"19.2798341,-99.648679",Universidad,Cuauhtémoc
6896,Resuelto,2025-11-07 16:32:33,2026-02-16 12:51:04,"se encuentra a un costado del local antojitos mexicanos hay dos del lado derecho y lado izquierdo ",Calle Juan A. Mateos 94,"19.263416799999998,-99.67672879999999",Seminario 2 De Marzo,Héroes Del 5 De Mayo I
6895,Cancelado,2025-11-07 14:18:20,2025-11-10 13:49:32,"esto es una prueba Mobzilla ",Avenida Paseo Tollocan Avenida Paseo Tollocan,"19.284105201758777,-99.63619475007894",San Sebastian,San Sebastián Y Vértice
6890,Pendiente,2025-11-07 13:23:22,2025-11-10 15:51:49,la calle no se puede transitar urge esta en malas condiciones el gobierno nos pagara los daños a nuestros autos,Calle Prolongación Paseo Totoltepec MZ 029,"19.3116116,-99.58582949999999",Santa María Totoltepec,Arboledas
6889,Resuelto,2025-11-07 12:36:20,2026-05-12 16:14:31,"Varios baches en avenida principal ",Calle Benito Juárez 807,"19.249308199999998,-99.67058899999999",Capultitlán,Los Pinos
6887,Resuelto,2025-11-07 12:20:45,2026-03-18 14:42:25,"se registran varios baches consecutivos sobre la calle Enriqueta Aman, de el lado izquierdo de la acera donde se encuentran las casas más cercanas de color Azul con portón color negro, con señalamiento de discapacitado y otra casa color amarillo mostaza, y se encuentra también la preparatoria Estado de México. ",Enriqueta Aman 122,"19.283897,-99.66511589999999",Centro Histórico,Francisco Murguía (el Ranchito)
6886,Resuelto,2025-11-07 12:19:46,2026-05-12 16:16:37,"varios baches en la esquina de reforma y Juárez, frente al Oxxo 
",Calle Benito Juárez 636,"19.2494372,-99.66972179999999",Capultitlán,Los Pinos
6884,Resuelto,2025-11-07 12:13:16,2025-11-18 14:14:36,"El bache se encuentra en medio de la calle quetzales frente a la carnicería Gourmet y conga esquina con el puesto de papas, es el colmo que vayan bachando d",Paseo de Las Haciendas,"19.359288211926962,-99.59212999309915",Sauces,Sauces Iii
6882,Resuelto,2025-11-07 12:04:48,2025-11-07 13:53:53,Pruebas mobzilla,Juárez 214,"19.306824,-99.57499279999999",San Pedro Totoltepec,Manzana Sur
6881,Resuelto,2025-11-07 12:03:56,2025-11-07 13:53:46,Pruebas mobzilla,Calle Independencia 1246,"19.3279013,-99.5956044",San Mateo Otzacatipan,Oriente Ii
6878,Pendiente,2025-11-07 09:55:40,2025-11-11 11:31:29,"Baches en medio de la calle  como referencia enfrente de los domicilios 615 y 617
se estqn haciendo muy profundos generando riesgo para quienes transitan por esta calle 
que tiene demasiado transito",Calle Sor Juana I. de La C. 702,"19.2824903,-99.65140609999999",Universidad,Cuauhtémoc
6874,Resuelto,2025-11-07 06:42:12,2025-12-15 18:16:54,"Se sube por el panteón de san Miguel hacia el tanque de la Teresona el ",Camino viejo a Tlaxomulco,"19.303019996208246,-99.66664071130343",Sánchez,La Teresona Iii
6868,Resuelto,2025-11-06 14:47:10,2025-12-30 16:28:04,"Baches pendientes de reparar, ya había venido una cuadrilla pero dejaron esos
",Cerrada 2a. Ex Hacienda de Tlalpan,"19.295505772634677,-99.69550681521392",San Mateo Oxtotitlan,San Jorge
6867,Resuelto,2025-11-06 14:47:05,2025-12-30 16:23:53,"Baches pendientes de reparar, ya había venido una cuadrilla pero dejaron esos
",Cerrada 2a. Ex Hacienda de Tlalpan,"19.295505772634677,-99.69550681521392",San Mateo Oxtotitlan,San Jorge
6866,Pendiente,2025-11-06 14:23:01,2025-11-06 15:40:52,toda la calle de colima esta llena de baches grandes,Colima 222,"19.3060001,-99.6255735",San Lorenzo Tepaltitlan,El Mogote
6862,Resuelto,2025-11-06 13:22:09,2025-12-30 09:49:02,Se detecto un bache en la calle de Roque González (esquina con Laguna de Guzmán),Calle General Roque González G. 1500,"19.259032400000002,-99.6723552",Ocho Cedros,"Ocho Cedros, Segunda Sección"
6845,Resuelto,2025-11-06 08:21:35,2026-03-18 12:34:09,"baches con más de 8 meses, reportada anteriormente con el número de reporte 6072, mismo que me dicen ya está reparado, es burla? lo poco que se tapo con asfalto fui yo mismo quien lo compro y lo puso, no ninguna evidencia fotográfica por parte de ustedes donde digan que ya se cubrió el súper bache ",Pablo Sidar Parque Juán Fernández Albarran,"19.2771752,-99.6527545",Universidad,Universidad
6809,Resuelto,2025-11-05 13:33:54,2025-11-13 11:18:34,"Se detectó dos baches, en la calle Tanganica (entre Roque González y Manuel González)",Lago Tanganica 600,"19.261019299999997,-99.6640055",Ocho Cedros,Ocho Cedros I
6807,Resuelto,2025-11-05 12:02:55,2025-11-15 12:28:26,"Se detectó un bache en la calle de Roque González Garza (Hay una tienda cera), entre la vialidad de Arcadio Henkel y González y Pichardo ",Calle General Roque González G. 351,"19.2581976,-99.66659089999999",Ocho Cedros,Ocho Cedros Ii
6789,Cancelado,2025-11-04 19:49:24,2025-11-05 11:02:28,"Subiendo hacia el tanque de la Teresona por el panteón de san Miguel ",Camino viejo a Tlaxomulco,"19.30227562375089,-99.66636472686298",Sánchez,La Teresona Iii
6788,Resuelto,2025-11-04 19:49:22,2026-04-13 15:53:06,"Subiendo hacia el tanque de la Teresona por el panteón de san Miguel ",Camino viejo a Tlaxomulco,"19.30227562375089,-99.66636472686298",Sánchez,La Teresona Iii
6787,Cancelado,2025-11-04 19:49:08,2025-11-05 10:53:30,"en la subida para el tanque de agua barrio la Teresona ",Camino Viejo a Santiago Tlaxomulco 116,"19.3010707,-99.6657798",Barrios Tradicionales,San Luis Obispo
6786,Resuelto,2025-11-04 19:46:48,2026-04-13 15:41:18,"calle dirigida al tanque de la Teresona camino viejo a Santiago tlaxomulco ",Camino Viejo a Santiago Tlaxomulco 416,"19.3000251,-99.6654027",Barrios Tradicionales,San Miguel Apinahuizco
6769,Resuelto,2025-11-03 23:33:40,2025-11-18 18:43:50,Pasamos por la calle Héroes de Nacozari y estaba un bache muy profundo al no haber alumbrado ni luz caímos en el sufriendo daños en el auto en la parte de enfrente de la gavia,Av Miguel Hidalgo Ote 1339,"19.288858911918418,-99.63142758524998",Independencia,Reforma Y Ferrocarriles Nacionales (san Juan Bautista)
6762,Pendiente,2025-11-03 20:27:39,2025-11-04 13:00:56,"socavón de casi 1 metro de circunferencia y 80 cm aproximadamente de profundidad ubicada a mitad de la calle, con riesgo de caer una persona o vehículo, salida constante al ser entrada de más de 50 casas",Rosa Ma Sánchez Mendoza 52,"19.2948713,-99.5783178",Santa Maria Totoltepec,Héroes
6759,Pendiente,2025-11-03 17:08:15,2025-11-04 12:55:13,"Aún dejaron un bache de los que reporte con anterioridad, no entiendo al afán de no haberlo tapado",Calle Río Verdiguel 231–251,"19.309660200526935,-99.63770118461252",La Maquinita,Tlacopa
6756,Pendiente,2025-11-03 13:18:39,2025-11-03 13:33:49,"Privada Cerrada al final de la calle Rosa María Sánchez Mendoza y Fernando Aguilar Vilchis. Es un socavón que ya contiene grietas ",Calle Rosa María Sánchez Mendoza 1,"19.292032483172772,-99.57829681334533",Santa Maria Totoltepec,Héroes
6750,Pendiente,2025-11-03 10:10:48,2025-11-03 13:27:51,Se detectó de 8 a 15 baches en distintos puntos de la calle de Agustín Olachea (entre las vialidades de Lago Aral a Eduardo González y Pichardo),General Agustín Olachea A. 1207,"19.2643505,-99.66455529999999",Ocho Cedros,Ocho Cedros I
6749,Resuelto,2025-11-03 10:06:26,2026-05-12 18:40:58,"Se han detectado de 5 a 8 baches en distintos puntos de la calle de Agustín Olachea (Entre las vialidades de Paseo Colon a Lago Constanza) ",General Agustín Olachea A. 1006,"19.264353,-99.66363469999999",Ocho Cedros,Ocho Cedros I
6734,Cancelado,2025-11-02 17:52:18,2025-12-29 18:33:34,"calle de la iglesia san Diego de los padres derecho del campo y la primaria ",Naucalpan 113,"19.3645791,-99.597827",San Andrés Cuexcontitlán,San Diego De Los Padres I
6733,Cancelado,2025-11-02 17:49:53,2025-12-29 18:33:11,"calle principal derecho de la iglesia de san diego ",Naucalpan 170,"19.3636764,-99.5983224",San Andrés Cuexcontitlán,San Diego De Los Padres I
6732,Resuelto,2025-11-02 16:00:29,2026-05-08 17:39:49,"enfrente de la casa blanca numero 901 B 
",Isabel la Católica 906,"19.2834041,-99.6429493",San Sebastian,San Sebastián Y Vértice
6731,Resuelto,2025-11-02 15:59:12,2026-03-18 12:26:56,"bache enfrente de la casa 906 a mitad de la calle isabel la Católica en la parte izquierda de la calle y en medio 
",Isabel la Católica 906,"19.2834041,-99.6429493",San Sebastian,San Sebastián Y Vértice
6730,Pendiente,2025-11-02 15:56:55,2025-11-03 12:38:03,"Bache enfrente de un portón verde y enfrente del jardin león Guzmán sobre la calle isabel la Católica. al principio de la calle 
",Isabel la Católica 919,"19.282767099999997,-99.6426741",San Sebastian,San Sebastián Y Vértice
6728,Pendiente,2025-11-02 12:10:46,2025-11-03 12:14:38,la calle revolución que se encuentra frente a la escuela primaria Juan de la Barrera,Revolución MZ 031,"19.3614717,-99.59324509999999",San Mateo Otzacatipan,San Diego De Los Padres Otzacatipan
6716,Resuelto,2025-11-01 17:49:54,2025-12-08 12:40:04,"baches en la calle abel salazar  casi llegando a nezahualcoyotl  en frente de la torre de alta tensión. ",Abel Salazar 100B,"19.2810185,-99.6323973",San Sebastian,Salvador Sánchez Colín
6715,Resuelto,2025-11-01 17:47:04,2025-12-08 12:41:36,"Baches en el  comienzo de la calle abel salazar casi esquina con avenida nezahualcoyotl ,casi en frente de la prepa 2",Abel Salazar 100B,"19.2810185,-99.6323973",San Sebastian,Salvador Sánchez Colín
6713,Resuelto,2025-11-01 17:15:03,2026-05-11 11:29:52,"Al lado de la tienda. ",Rep. de Bolivia 305,"19.281256,-99.643575",Universidad,Américas
6712,Resuelto,2025-11-01 14:47:19,2025-12-30 11:49:56,"Son aproximadamente 7 baches los cuales se agrandan por el tráfico de pipas de agua que suministran a la empresa los Volcanes en la esquina de bahía de todos los santos y Benito Juárez ",Calle Licenciado Benito Juárez García Norte 308–450,"19.286360044159245,-99.62750406842571",Santa Ana Tlapaltitlan,Pino Suarez
6710,Resuelto,2025-11-01 14:41:52,2025-12-30 12:23:19,"Son aproximadamente 6 baches más, afuera de la bodega de materiales de Interceramic, provocados por el tráfico pesado de sus vehículos de carga y descarga ",Calle Bahía de Todos Los Santos 505A,"19.286519134932853,-99.62787175929333",Santa Ana Tlapaltitlan,Pino Suarez
6709,Pendiente,2025-11-01 14:38:10,2025-11-03 11:23:37,"Son 3 baches que se ubican frente al número 505-A en Santa Ana Tlapaltitlán donde está el área de descarga del Interceramic ",Calle Bahía de Todos Los Santos 505,"19.286418733931114,-99.6277892598646",Santa Ana Tlapaltitlan,Pino Suarez
6708,Pendiente,2025-11-01 14:34:14,2025-11-03 11:21:44,"Son aproximadamente 6 baches en la esquina de bahía de todos los santos y paseo tollocan, entre el Interceramic y el hotel Radisson",Calle Bahía de Todos Los Santos 1,"19.287110478568437,-99.62787794357183",Santa Ana Tlapaltitlan,Pino Suarez
6707,Resuelto,2025-11-01 13:54:32,2026-03-17 16:06:16,"Son aproximadamente 10 baches en la calle Juan Aldama esquina con bahía de todos los santos en la colonia Santa Ana Tlapaltitlán ",Calle Juan Aldama Norte 30,"19.286494319957008,-99.62606657609415",Santa Ana Tlapaltitlan,Pino Suarez
6706,Resuelto,2025-11-01 13:54:27,2026-03-17 16:05:49,"Son aproximadamente 10 baches en la calle Juan Aldama esquina con bahía de todos los santos en la colonia Santa Ana Tlapaltitlán ",Calle Juan Aldama Norte 30,"19.286494319957008,-99.62606657609415",Santa Ana Tlapaltitlan,Pino Suarez
6704,Resuelto,2025-11-01 13:54:23,2026-03-17 16:03:59,"Son aproximadamente 10 baches en la calle Juan Aldama esquina con bahía de todos los santos en la colonia Santa Ana Tlapaltitlán ",Calle Juan Aldama Norte 30,"19.286494319957008,-99.62606657609415",Santa Ana Tlapaltitlan,Pino Suarez
6705,Resuelto,2025-11-01 13:54:23,2026-03-17 16:05:04,"Son aproximadamente 10 baches en la calle Juan Aldama esquina con bahía de todos los santos en la colonia Santa Ana Tlapaltitlán ",Calle Juan Aldama Norte 30,"19.286494319957008,-99.62606657609415",Santa Ana Tlapaltitlan,Pino Suarez
6702,Resuelto,2025-11-01 13:54:22,2026-03-17 16:03:27,"Son aproximadamente 10 baches en la calle Juan Aldama esquina con bahía de todos los santos en la colonia Santa Ana Tlapaltitlán ",Calle Juan Aldama Norte 30,"19.286494319957008,-99.62606657609415",Santa Ana Tlapaltitlan,Pino Suarez
6703,Resuelto,2025-11-01 13:54:22,2026-03-17 16:02:51,"Son aproximadamente 10 baches en la calle Juan Aldama esquina con bahía de todos los santos en la colonia Santa Ana Tlapaltitlán ",Calle Juan Aldama Norte 30,"19.286494319957008,-99.62606657609415",Santa Ana Tlapaltitlan,Pino Suarez
6700,Resuelto,2025-11-01 13:54:21,2026-03-17 16:02:12,"Son aproximadamente 10 baches en la calle Juan Aldama esquina con bahía de todos los santos en la colonia Santa Ana Tlapaltitlán ",Calle Juan Aldama Norte 30,"19.286494319957008,-99.62606657609415",Santa Ana Tlapaltitlan,Pino Suarez
6701,Pendiente,2025-11-01 13:54:21,2025-11-03 11:13:46,"Son aproximadamente 10 baches en la calle Juan Aldama esquina con bahía de todos los santos en la colonia Santa Ana Tlapaltitlán ",Calle Juan Aldama Norte 30,"19.286494319957008,-99.62606657609415",Santa Ana Tlapaltitlan,Pino Suarez
6699,Resuelto,2025-11-01 13:54:20,2026-03-17 16:01:13,"Son aproximadamente 10 baches en la calle Juan Aldama esquina con bahía de todos los santos en la colonia Santa Ana Tlapaltitlán ",Calle Juan Aldama Norte 30,"19.286494319957008,-99.62606657609415",Santa Ana Tlapaltitlan,Pino Suarez
6698,Resuelto,2025-11-01 13:54:19,2026-03-17 16:00:19,"Son aproximadamente 10 baches en la calle Juan Aldama esquina con bahía de todos los santos en la colonia Santa Ana Tlapaltitlán ",Calle Juan Aldama Norte 30,"19.286494319957008,-99.62606657609415",Santa Ana Tlapaltitlan,Pino Suarez
6697,Resuelto,2025-11-01 13:53:55,2026-03-17 15:58:52,"Son aproximadamente 10 baches en la calle Juan Aldama esquina con bahía de todos los santos en la colonia Santa Ana Tlapaltitlán ",Calle Juan Aldama Norte 30,"19.286494319957008,-99.62606657609415",Santa Ana Tlapaltitlan,Pino Suarez
6696,Resuelto,2025-11-01 13:53:49,2026-03-17 15:56:05,"Son aproximadamente 10 baches en la calle Juan Aldama esquina con bahía de todos los santos en la colonia Santa Ana Tlapaltitlán ",Calle Juan Aldama Norte 30,"19.286494319957008,-99.62606657609415",Santa Ana Tlapaltitlan,Pino Suarez
6693,Pendiente,2025-11-01 08:36:42,2025-11-03 10:08:34,"calle con mucho daño 
urge bacheo",5 de Mayo 162,"19.3530574,-99.64205659999999",San Pablo Autopan,Pueblo Nuevo I
6691,Resuelto,2025-10-31 18:02:01,2026-02-24 11:48:27,Se detectó de cuatro a cinco baches en la calle de Andrés Quintana Roo (Entre la vialidad de Roque González y Ejido),Calle Andrés Quintana Roo Norte 4004,"19.258686700000002,-99.6658483",Ocho Cedros,Ocho Cedros Ii
6687,Resuelto,2025-10-31 13:13:50,2025-11-24 12:40:19,"sobre la calle manuel buendia tellez giron, esquina con moctezuma, enfrente y a un lado de la ferreteria la Estrellita.",Moctezuma 118,"19.312507699999998,-99.6455096",La Maquinita,"Guadalupe, Club Jardín Y La Magdalena"
6686,Resuelto,2025-10-31 12:43:55,2025-11-06 14:48:16,"está exactamente en los señalamientos de Ixtapan de la sal valle de bravo y Ciudad de México, está muy grande y está en el carril central",Carretera México - Toluca km 63.5,"19.28715,-99.62740980000001",Santa Ana Tlapaltitlan,Pino Suarez
6681,Resuelto,2025-10-31 11:02:28,2026-03-18 11:54:33,"A 10 metros de la escuela secundaria Baturoni se ubican dos baches sobre la calle de Lago del Oso, el primer bache con una medida de 1.50 mts cuadrados y el segundo de 80 x 90 cm.",Calle Gral Marcelino García Barragán & Calle Gran Lago del Oso,"19.265507,-99.666698",Ocho Cedros,Ocho Cedros I
6680,Pendiente,2025-10-31 10:39:27,2025-11-01 12:09:52,"por favor reparar baches en la calle Juan Aldama entre vialidad solidaridad las torres y gral. Felipe angeles colonia del parque, gracias.",Calle Juan Aldama 1400,"19.2667389,-99.65479309999999",Del Parque,Del Parque I
6679,Resuelto,2025-10-31 09:46:07,2025-11-25 14:21:00,"Al centro de la calle frente a privada de los pinos, son al rededor de tres baches continuos ",Camino a San Miguel,"19.244371792005218,-99.6991710824837",Cacalomacan,Rancho San Miguel Zacango
6675,Pendiente,2025-10-31 09:08:26,2025-11-01 11:50:43,por favor hacer trabajos de bacheo en la esquina de Heriberto enriquez y Martín carrera entre la iglesia de la nisericordia y el OXXO.gracias.,Gustavo Baz 142,"19.264751,-99.6342131",,
6673,Resuelto,2025-10-31 07:16:00,2025-12-29 19:36:55,"Numerosos baches profundos en toda la calle de Angel Maria Garibay desde hace años se requiere reencarpetamiento total de la calle, reporta 2a Delegada de la maquinita Dulce Rodríguez ",Isidro Fabela Norte Blvd,"19.304514299999997,-99.64367519999999",La Maquinita,Los Ángeles
6672,Pendiente,2025-10-31 07:11:27,2025-11-01 10:46:26,"numerosos baches profundos en calle Isidro Fabela perjudican el tránsito. reporta 2a delegada de la maquinita Dulce Rodríguez ",Isidro Fabela Norte 859,"19.305211999999997,-99.6442184",La Maquinita,Los Ángeles
6670,Resuelto,2025-10-30 22:17:20,2026-02-26 18:07:49,"Casa Frente a una casa azul, en la entrada se encuentra un hoyo con varios centímetros de profundidad en el pavimento, con posibilidad de abrirse por completo y afectar mi automóvil en el cual también se alcanza a ver una pequeña tubería",Calle Plutarco González 811,"19.288972133166087,-99.66844964097653",Ciudad Universitaria,San Bernardino
6669,Resuelto,2025-10-30 22:17:16,2026-02-26 18:09:24,"Casa Frente a una casa azul, en la entrada se encuentra un hoyo con varios centímetros de profundidad en el pavimento, con posibilidad de abrirse por completo y afectar mi automóvil en el cual también se alcanza a ver una pequeña tubería",Calle Plutarco González 811,"19.288972133166087,-99.66844964097653",Ciudad Universitaria,San Bernardino
6665,Resuelto,2025-10-30 15:57:50,2025-11-17 12:28:36,"Bache a lo ancho, abarca todo el espacio y lleva mucho tiempo sin arreglar",Francisco Villa 127,"19.2970433,-99.6295052",Independencia,San Juan Buenavista
6657,Cancelado,2025-10-30 10:41:54,2025-12-29 17:52:46,Se detectó dos baches en la calle de Gran Lago del Oso (entre la vialidad de Roque González y Ejido),Calle Gran Lago del Oso 1529,"19.2586375,-99.6680248",Ocho Cedros,Ocho Cedros Ii
6655,Resuelto,2025-10-30 10:38:30,2025-11-15 12:18:11,"Se detectó un bache, en la calle de Roque González (entre la vialidad Eduardo González y Pichardo y Gran Lago del Oso) como referencia hay un negocio de cochinita pibil.",Calle General Roque González G. 902,"19.258447099999998,-99.6674996",Ocho Cedros,Ocho Cedros Ii
6654,Resuelto,2025-10-30 10:34:24,2025-11-17 12:27:11,"Se detectó dos baches en la Calle de Roque González (Entre la vialidad de Arcadio Henkel y Eduardo González y Pichardo), como referencia hay una tienda y una purificadora de agua.",Calle General Roque González G. 351,"19.2581976,-99.66659089999999",Ocho Cedros,Ocho Cedros Ii
6652,Pendiente,2025-10-30 08:31:48,2025-10-30 12:12:01,"Es un bache pequeño que se ubica entre las calles privada de la Garza y Vela Camacho, sobre la calle de Eduardo González Pichardo y en la esquina de Gonzalez y Pichardo ya vi la Camacho, hay otro que se está haciendo grande",Calle Eduardo González y Pichardo 524B,"19.283206305674245,-99.66400866545878",Centro Histórico,Francisco Murguía (el Ranchito)
6651,Resuelto,2025-10-30 08:26:42,2026-03-18 14:44:53,"En la calle de Ávila, Camacho entre Gómez Farias y Gonzalez y Pichardo. Existen varios baches, uno grande y tres pequeños pero se han estando ahí y se está haciendo más grande, hay mucha circulación de vehículos y urge que reparen el bache",Calle General Manuel Ávila Camacho 211,"19.28455420598179,-99.66352519109748",Centro Histórico,Francisco Murguía (el Ranchito)
6634,Resuelto,2025-10-29 19:16:39,2025-11-06 09:47:44,"Es sobre plutarco González, casi free a la gloria
",Avenida Miguel Hidalgo 600,"19.2902596,-99.6630043",Centro Histórico,La Merced (alameda)
6632,Pendiente,2025-10-29 18:49:37,2025-10-30 12:06:22,"Bache que no permite pasar ni por la derecha ni por la izquierda, dado que todo el ancho de la calle está afectado, Francisco Villa esquina con Industria Minera",Francisco Villa 300,"19.302388699999998,-99.6295708",Independencia,San Juan Buenavista
6631,Pendiente,2025-10-29 18:44:09,2025-10-30 12:05:09,"Toda la calle de Francisco Villa, constituida por aproximadamente 4 calles cuenta con al menos 4 baches como este profundos, este está frente la entrada trasera de la Primaria Particular Niños de México.",Francisco Villa 600,"19.3021176,-99.6296151",Independencia,San Juan Buenavista
6629,Pendiente,2025-10-29 17:23:24,2025-10-30 12:03:34,"Otro bache en la Colonia favor de reparar ways maybe Hindi ",Calle General Felipe Ángeles 821C,"19.266742141591237,-99.6624441435277",Ocho Cedros,Villa Hogar
6620,Resuelto,2025-10-28 20:49:40,2026-04-13 16:13:54,"Numerosos baches en la zona, baches profundos, reporta Dulce Rodríguez 2a Delegada de la maquinita ",Calle Begonia 126,"19.3078652,-99.643419",La Maquinita,"Guadalupe, Club Jardín Y La Magdalena"
6611,Cancelado,2025-10-28 13:37:54,2025-10-28 14:56:50,"la malla vial de la calle, cada vez está en peor estado, por la noche no se ven los baches, que ya son socavones, y generan accidentes porque todos los quieren esquivar.",R de La Capilla 45,"19.3491318,-99.6117362",San Mateo Otzacatipan,Rancho San José
6610,Pendiente,2025-10-28 13:02:07,2025-10-28 14:53:51,"Cerca del Centro Educativo los Cedros se detectaron 8 baches con una medida aproximada de 80 centímetros de ancho por 50 centímetros de largo, cada uno",Calle Laguna de la Gavia 1022,"19.2612436,-99.6697056",Ocho Cedros,"Ocho Cedros, Segunda Sección"
6609,Resuelto,2025-10-28 12:48:44,2025-11-13 11:14:51,"En la intersección de la calle Lago Tanganica esquina con General Abelardo Rodríguez, colonia Ocho Cedros, en dónde habitualmente se coloca un tianguis, se detecto la presencia de 5 baches, el más grande con una dimensión aproximada de 3 metros cuadrados, el cual abarca casi en su totalidad la vialidad",Lago Tanganica 7,"19.2613307,-99.66375389999999",Ocho Cedros,Ocho Cedros I
6608,Resuelto,2025-10-28 12:41:34,2026-02-20 09:54:34,Frente al domicilio particular número 711 se detecto tres baches cada uno con una aproximada de un metro cuadrado,Calle Lago Victoria 812,"19.2592741,-99.6635436",Ocho Cedros,Ocho Cedros Ii
6606,Resuelto,2025-10-28 11:02:37,2025-12-29 20:11:13,"enfrente de una tienda y un local que vende plásticos ",Calle Niños Heroes 186,"19.316427,-99.5740101",San Pedro Totoltepec,Geovillas
6605,Resuelto,2025-10-28 10:59:40,2025-12-29 20:12:00,"casi enfrente de la miscelanea Hernández ",Calle Niños Heroes 38,"19.3164405,-99.574525",San Pedro Totoltepec,Geovillas
6601,Resuelto,2025-10-28 09:10:16,2025-12-30 11:04:59,"comonfort, justo en la intersección de av industria Automotriz y albert Einstein ",Avenida Industria Automotriz 265,"19.2970714,-99.6080865",Santa Ana Tlapaltitlan,Buena Vista
6572,Resuelto,2025-10-27 06:42:57,2026-03-18 14:45:46,bache exactamente en la intersección Humboldt,Alejandro Von Humbolt 306A,"19.2929471,-99.6486417",Centro Histórico,Santa Clara
6560,Resuelto,2025-10-26 14:01:44,2026-02-16 12:22:28,"gran bache frente a la farmacia similares casi esquina priv juan escutia ",Filiberto Navas 200,"19.2988286,-99.6942517",San Mateo Oxtotitlan,Niños Héroes I
6553,Cancelado,2025-10-26 09:33:11,2025-10-27 11:20:24,"TODA LA CUADRA ",Calle Eduardo González y Pichardo 302,"19.287475225416532,-99.66383545853017",Centro Histórico,La Merced (alameda)
6552,Cancelado,2025-10-26 09:31:02,2025-10-27 11:19:19,Frente al oxxo,Calle Eduardo González y Pichardo 300,"19.28777854845812,-99.6638559322265",Centro Histórico,La Merced (alameda)
6551,Resuelto,2025-10-26 09:31:00,2025-11-13 14:44:35,Frente al oxxo,Calle Eduardo González y Pichardo 300,"19.28777854845812,-99.6638559322265",Centro Histórico,La Merced (alameda)
6550,Resuelto,2025-10-26 09:27:56,2025-11-13 14:49:49,"TODA la cuadra, no hay duda",Calle Eduardo González y Pichardo 212,"19.28848107794628,-99.66385858139313",Centro Histórico,La Merced (alameda)
6549,Resuelto,2025-10-26 09:05:19,2026-03-18 12:55:39,"Frente a las tortas el Milaneson se encuentra la calle con vicios ocultos de pavimentación lo que está originando ele leva como loque  está ocurriendo es precisamente el Lolo o y percances con los vehículos ",Privada Doctor Juan N C Campos 110,"19.300085046521502,-99.64292595909525",Árbol De Las Manitas,Huitzila Y Doctores
6538,Cancelado,2025-10-25 15:34:45,2025-10-27 16:57:45,"rehabilitación de asfalto en la calle ",Río Balsas 45,"19.3278943,-99.5353631",El Cerrillo Vista Hermosa,El Embarcadero
6535,Resuelto,2025-10-25 15:17:52,2025-11-17 12:18:10,"Otro bache incluso se ve que los autos se tienen que pasar de lago está muy profundo y peligroso ",Calle Arcadio Henkel 1006,"19.264966312240322,-99.66539719149483",Ocho Cedros,Ocho Cedros I
6534,Resuelto,2025-10-25 15:15:23,2025-11-17 12:21:50,"Gigantesco conjunto de tres baches contiguos en la esquina de Arcadio Henkel y Marcelino Garcia Barragán favor de repar están enormes ",Calle Arcadio Henkel 1011,"19.264853549449665,-99.66525872806692",Ocho Cedros,Ocho Cedros I
6533,Resuelto,2025-10-25 15:11:03,2025-11-17 12:23:13,"Otro bache profundo en Arcadio Henkel ",Calle Arcadio Henkel 1011,"19.26483350217054,-99.66526515187539",Ocho Cedros,Ocho Cedros I
6532,Resuelto,2025-10-25 15:08:06,2025-11-17 12:25:44,"Otro bache más en Arcadio Henkel gracias por reparar ",Calle Arcadio Henkel 1011,"19.264822737694004,-99.66529451709074",Ocho Cedros,Ocho Cedros I
6528,Resuelto,2025-10-25 13:35:19,2026-02-24 13:02:25,se detectó un bache de aproximadamente 6 metros de diámetro.,Laguna de Tlachaloya 1026,"19.261577199999998,-99.66895559999999",Ocho Cedros,"Ocho Cedros, Segunda Sección"
6525,Resuelto,2025-10-25 12:49:22,2025-11-17 12:16:39,Se detectó seis baches en la calle de Arcadio Henkel (Como referencia está cerca una papelería Los pinos),Calle Andrés Quintana Roo Norte 15,"19.262980799999998,-99.6651172",Ocho Cedros,Ocho Cedros I
6507,Resuelto,2025-10-24 17:49:06,2025-11-05 12:51:17,"Se detectó de 7 a 10 baches en la calle de Lago Constanza, como negocios de referencia esta un restaurante de Birria y Una ferretería.",Lago Constanza 1018,"19.2572077,-99.66524989999999",Ocho Cedros,Ocho Cedros Ii
6506,Pendiente,2025-10-24 17:14:52,2025-10-27 09:59:42,"Avenida Zacango esquina calle del nogal en lo locales de cortina verde ",Calle del Nogal,"19.221091630543057,-99.65594886536813",San Juan Tilapa,El Durazno
6505,Pendiente,2025-10-24 15:37:08,2025-10-27 09:56:38,Múltiples baches que no permiten el acceso a la unidad,134,"19.394622506762634,-99.6431548414987",San Pablo Autopan,Galaxia Toluca
6497,Pendiente,2025-10-24 13:09:03,2025-10-24 13:46:51,toda la calle paseo de las flores que es la de entrada al fraccionamiento y en particular alheli llena de hoyos,Alhelí 620,"19.3140073,-99.6309086",San Lorenzo Tepaltitlan,Las Flores
6496,Resuelto,2025-10-24 12:37:03,2025-11-06 10:36:44,"Tres baches gigantes.
",Héroe de Nacozari 88,"19.288919099999998,-99.6303951",Independencia,Reforma Y Ferrocarriles Nacionales (san Juan Bautista)
6495,Resuelto,2025-10-24 12:33:49,2025-11-06 10:40:33,Baches gigante.,Héroe de Nacozari 88,"19.288919099999998,-99.6303951",Independencia,Reforma Y Ferrocarriles Nacionales (san Juan Bautista)
6482,Resuelto,2025-10-24 10:55:19,2026-02-17 10:12:31,"Bache y calle pésimas condiciones en la esquina de Arcadio Henkel y Agustín Olachea no se puede pasar por ahí ",Calle Arcadio Henkel 1109,"19.263999573850963,-99.66537691592936",Ocho Cedros,Ocho Cedros I
6480,Resuelto,2025-10-24 10:53:14,2026-02-17 10:10:31,"Otro bache bastante profundo favor de atender ya que daña los riñe los rines de los autos ",Calle Arcadio Henkel 102,"19.264250530093438,-99.66567444879169",Ocho Cedros,Ocho Cedros I
6477,Resuelto,2025-10-24 10:49:07,2025-11-05 14:53:49,"Bache inmenso ya lo cubrieron con arena pero no durará favor de reparar ",Calle Eduardo González y Pichardo 2013,"19.264484507402138,-99.66613638289171",Ocho Cedros,Ocho Cedros I
6475,Resuelto,2025-10-24 10:44:48,2025-11-05 14:56:02,"Otro bache inmenso en esta esquina no se ve y causa mucho daño a los vehículos además la coladera de. Al lado ya se sumió ",Calle Eduardo González y Pichardo 2613,"19.26441331710857,-99.66605424426037",Ocho Cedros,Ocho Cedros I
6474,Resuelto,2025-10-24 10:42:41,2025-11-17 12:10:38,"Otro bache bastante grande hay que pasar a un lado y con lluvia no se ve además la coladera de al lado ya se sumió ",Calle Eduardo González y Pichardo 2005,"19.26517287757019,-99.66588356765226",Ocho Cedros,Ocho Cedros I
6473,Resuelto,2025-10-24 10:38:16,2025-11-13 13:54:59,"Otro bache más que dificulta la circulación en la calle ",Calle Eduardo González y Pichardo 1705,"19.268756625841906,-99.66530482389477",Ocho Cedros,Villa Hogar
6472,Resuelto,2025-10-24 10:35:42,2025-11-13 12:51:46,"Bache sobre las torres y Pichardo , bastante profundo y causa daño a los rones de los autos fscor de reparar ",Calle Eduardo González y Pichardo 1600,"19.27033412429924,-99.6651082597386",Seminario Conciliar,Seminario Tercera Sección
6470,Resuelto,2025-10-24 09:36:48,2025-10-24 11:17:34,Pruebas mobzilla,L 10 384,"19.3111718,-99.5962503",San Mateo Otzacatipan,Geovillas Independencia
6468,Resuelto,2025-10-24 09:34:54,2025-10-24 11:18:05,Pruebas mobzilla,Calle José María Morelos y Pavón 884,"19.3028224,-99.6017947",San Mateo Otzacatipan,Vicente Lombardo
6452,Resuelto,2025-10-23 18:01:56,2025-11-13 14:00:18,"Inmenso y profundo bache con el que dañe la llanta de mi autos le salió chipotle donde puedo poner queja ? ",Calle Eduardo González y Pichardo 1719,"19.268083356578526,-99.66528586064621",Ocho Cedros,Villa Hogar
6450,Resuelto,2025-10-23 18:01:52,2025-11-13 14:01:26,"Inmenso y profundo bache con el que dañe la llanta de mi autos le salió chipotle donde puedo poner queja ? ",Calle Eduardo González y Pichardo 1719,"19.268083356578526,-99.66528586064621",Ocho Cedros,Villa Hogar
6451,Cancelado,2025-10-23 18:01:52,2025-10-23 18:05:42,"Inmenso y profundo bache con el que dañe la llanta de mi autos le salió chipotle donde puedo poner queja ? ",Calle Eduardo González y Pichardo 1719,"19.268083356578526,-99.66528586064621",Ocho Cedros,Villa Hogar
6448,Resuelto,2025-10-23 17:50:39,2026-03-18 13:00:12,frente al #106,Árbol de Las Manitas 152,"19.297613000000002,-99.6465968",Árbol De Las Manitas,Lomas Altas
6446,Resuelto,2025-10-23 17:44:32,2026-03-18 13:01:15,frente al 150 de arbol de las manitas,Árbol de Las Manitas 140,"19.2974024,-99.6469317",Árbol De Las Manitas,Lomas Altas
6427,Resuelto,2025-10-23 15:04:22,2025-10-29 18:30:26,"Frente a la Gasolinera de Pemex La Ruave a la altura de que se incorpora la lateras a la de alta en Tollocan ",Avenida Solidaridad Las Torres 608–658,"19.27037671879445,-99.6620372963135",Colón,Isidro Fabela Primera Sección
6417,Resuelto,2025-10-23 13:13:57,2025-11-15 12:22:33,Se detectó un bache en la calle de Roque González.,Calle General Roque González G. 431,"19.2580722,-99.6656699",Ocho Cedros,Ocho Cedros Ii
6416,Resuelto,2025-10-23 13:11:12,2025-12-29 22:59:45,"avenida presidente Vicente Lombardo Toledano ",Paseo Vicente Lombardo Toledano 484,"19.307947499999997,-99.5926154",San Mateo Otzacatipan,Vicente Lombardo
6415,Resuelto,2025-10-23 13:10:45,2025-11-05 14:36:55,Se detectó de 5 a 6 baches en la calle de Ejido (entre las vialidades de Andrés Quintana Roo y González y Pichardo),Arcadio Henkel 1502,"19.260302499999998,-99.666197",Ocho Cedros,Ocho Cedros Ii
6414,Resuelto,2025-10-23 12:11:33,2025-11-13 13:51:41,"La unión entre el asfalto de cada calle ya se está levantando lo que genera baches y desnivel en la calle por favor atender y reparar ",Calle prolongación General Juan Andrew Almazán Poniente 1701,"19.262873077033465,-99.66556867368355",Ocho Cedros,Ocho Cedros I
6412,Cancelado,2025-10-23 12:09:40,2025-10-23 14:47:21,"Bache bastante profundo lo rellenaron los vecinos con arena para evitar daños a llantas ",Calle Arcadio Henkel 1305,"19.263364505766503,-99.66554959961755",Ocho Cedros,Ocho Cedros I
6413,Cancelado,2025-10-23 12:09:40,2025-10-23 14:46:59,"Bache bastante profundo lo rellenaron los vecinos con arena para evitar daños a llantas ",Calle Arcadio Henkel 1305,"19.263364505766503,-99.66554959961755",Ocho Cedros,Ocho Cedros I
6410,Cancelado,2025-10-23 12:09:39,2025-10-23 14:46:33,"Bache bastante profundo lo rellenaron los vecinos con arena para evitar daños a llantas ",Calle Arcadio Henkel 1305,"19.263364505766503,-99.66554959961755",Ocho Cedros,Ocho Cedros I
6411,Cancelado,2025-10-23 12:09:39,2025-10-23 14:46:01,"Bache bastante profundo lo rellenaron los vecinos con arena para evitar daños a llantas ",Calle Arcadio Henkel 1305,"19.263364505766503,-99.66554959961755",Ocho Cedros,Ocho Cedros I
6409,Resuelto,2025-10-23 12:09:35,2025-11-05 13:10:05,"Bache bastante profundo lo rellenaron los vecinos con arena para evitar daños a llantas ",Calle Arcadio Henkel 1305,"19.263364505766503,-99.66554959961755",Ocho Cedros,Ocho Cedros I
6408,Resuelto,2025-10-23 12:04:41,2025-11-13 13:16:32,"Bache inmenso que ha causado averías a llantas, incluyendo mi llanta en estos días . Lo han tapado los vecinos con grava para que se pueda medio pasar por que está muy profundo gracias por reparar ",Calle Arcadio Henkel 1205,"19.262804798370244,-99.66565732879126",Ocho Cedros,Ocho Cedros I
6407,Cancelado,2025-10-23 12:00:55,2025-10-23 12:16:03,"Bache junto a la coladera, se llena de agua y no se ve ya he caído varias veces en el por favor atender gracias ",Calle Arcadio Henkel 1301,"19.26264693988685,-99.66566970969555",Ocho Cedros,Ocho Cedros I
6406,Cancelado,2025-10-23 12:00:54,2025-10-23 12:15:30,"Bache junto a la coladera, se llena de agua y no se ve ya he caído varias veces en el por favor atender gracias ",Calle Arcadio Henkel 1301,"19.26264693988685,-99.66566970969555",Ocho Cedros,Ocho Cedros I
6405,Resuelto,2025-10-23 12:00:53,2025-11-17 12:15:21,"Bache junto a la coladera, se llena de agua y no se ve ya he caído varias veces en el por favor atender gracias ",Calle Arcadio Henkel 1301,"19.26264693988685,-99.66566970969555",Ocho Cedros,Ocho Cedros I
6402,Cancelado,2025-10-23 11:47:59,2025-10-23 17:36:16,"Tres pequeños baches enfrente de un portón por desgastaste cada día se hacen más grandes favor reparar gracias ",Calle Arcadio Henkel 1205,"19.263067610737284,-99.66560496171901",Ocho Cedros,Ocho Cedros I
6403,Cancelado,2025-10-23 11:47:59,2025-10-23 12:11:13,"Tres pequeños baches enfrente de un portón por desgastaste cada día se hacen más grandes favor reparar gracias ",Calle Arcadio Henkel 1205,"19.263067610737284,-99.66560496171901",Ocho Cedros,Ocho Cedros I
6404,Cancelado,2025-10-23 11:47:59,2025-10-23 12:10:31,"Tres pequeños baches enfrente de un portón por desgastaste cada día se hacen más grandes favor reparar gracias ",Calle Arcadio Henkel 1205,"19.263067610737284,-99.66560496171901",Ocho Cedros,Ocho Cedros I
6401,Resuelto,2025-10-23 11:47:57,2025-11-13 12:24:33,"Tres pequeños baches enfrente de un portón por desgastaste cada día se hacen más grandes favor reparar gracias ",Calle Arcadio Henkel 1205,"19.263067610737284,-99.66560496171901",Ocho Cedros,Ocho Cedros I
6400,Resuelto,2025-10-23 11:41:20,2025-12-29 20:15:48,Es toda la calle duraznos es imposible pasar en toda la calle a un costado tenemos al Oxxo y al otra lado aceros ferrenevado pero ya es imposible pasar,Calle Duraznos 32,"19.288841,-99.5773648",Santa Maria Totoltepec,Coecillo
6399,Resuelto,2025-10-23 11:38:33,2026-05-12 18:00:37,"a unos pasos de la delegación ",Avenida V. Guerrero 60,"19.2523885,-99.704202",Cacalomacan,Del Centro
6368,Cancelado,2025-10-22 20:55:43,2025-10-23 11:25:33,1pruebas mobzilla,Gabino Vázquez 226,"19.3181556,-99.5811021",San Pedro Totoltepec,Del Panteón
6366,Resuelto,2025-10-22 20:26:09,2025-11-19 11:40:19,"Bache en la esquina de Garcia Moreno y Ramon Corona
se encuntra en el cruce a media calle  sobre garcia Moreno esta profundo enfrente de la Escuela Primaria Altamirano
cuando los autos dan vuelta caen en el bache y por trarar de esquivarlo a la hora de la salida y entrada de La Escuela generan mucho conflicto",Calle Prolongación Ramón Corona 500,"19.2819368,-99.6504604",Universidad,Cuauhtémoc
6365,Resuelto,2025-10-22 20:15:38,2025-11-12 22:30:43,"Bache al centro de la calle  afuera del domicilio # 301 y  # 303 
es un bache considerable que se encuentra en el el.paso de los autos generando que los autos caigan en el el generando desperfectos
esta a media cuadra de la Escuela Primaria Altamirano ",Calle Carlos A. Vélez 301,"19.281705199999998,-99.64987529999999",Universidad,Cuauhtémoc
6364,Resuelto,2025-10-22 20:05:02,2025-11-12 22:24:35,"Bache que abarca casi todo el ancho d la calle  tiene  4 meses  que esta 
esta enfrente del domicilio #408 y # 411
ya se encuentra profundo y muy visible 
generando que los autos tengan que maniobrar para pasar esquivarlo generando situacion de riesgo",Calle Carlos A. Vélez 408,"19.2803507,-99.6501196",Universidad,Cuauhtémoc
6355,Pendiente,2025-10-22 17:01:58,2025-10-23 10:20:36,"calle que sube por panteón de San Miguel al tanque de fierro de agua 
",Camino Viejo a Santiago Tlaxomulco 349,"19.3028287,-99.6666403",Sánchez,La Teresona Iii
6351,Resuelto,2025-10-22 15:31:35,2026-05-12 18:02:40,constituyentes esquina Juan Gómez enfrente está una cruz rumbo al panteon,Juan Gómez 2a,"19.2549627,-99.7016759",Cacalomacan,Del Centro
6338,Resuelto,2025-10-22 12:21:50,2026-02-16 12:46:11,"Al costado derecho un gimnasio al costado izquierdo  un taller mecánico ",General Abelardo Rodríguez 314,"19.2612712,-99.67365610000002",Ocho Cedros,"Ocho Cedros, Segunda Sección"
6313,Pendiente,2025-10-21 15:29:12,2025-10-23 09:59:07,contra esquina  de primaria 15 de septiembre agrego información  de este reporte  ed tipo socabon profundo!.,Plan de Texca 201,"19.2695343,-99.6385675",Santa María De Las Rosas,La Magdalena
6312,Pendiente,2025-10-21 15:28:28,2025-10-22 09:57:31,ya hagan algo,Fray Servando Teresa de Mier 20,"19.3151008,-99.5881887",San Mateo Otzacatipan,La Floresta
6303,Resuelto,2025-10-21 14:25:19,2025-12-29 20:22:36,"dos cráteres pegados, es una pena",Calle Prolongación Paseo Totoltepec 10,"19.309239599999998,-99.586027",Santa María Totoltepec,Arboledas
6278,Resuelto,2025-10-20 15:24:21,2025-11-12 17:29:37,"Solicito apoyo para componer dicho imperfecto de la calle
 En mención",Calle Luis G Urbina Sur 302,"19.280025451899615,-99.63391829300754",San Sebastian,Salvador Sánchez Colín
6275,Cancelado,2025-10-20 14:50:44,2025-10-20 16:11:53,toda la calle está en un estado deplorable,Calle Camino Viejo A Capultitlán 1959,"19.2508138,-99.6356783",San Felipe Tlalmimilolpan,La Curva
6268,Pendiente,2025-10-20 13:11:25,2025-10-20 14:03:22,gran bache frente a empresa AT&T,Calle Industria Minera Calle Industria Minera,"19.3020899,-99.616557",Santa Ana Tlapaltitlan,Buena Vista
6260,Resuelto,2025-10-20 11:23:41,2026-03-18 12:39:57,"Frente ala Facultad de Medicina UAEMex ",Calle Eduardo Monroy Cárdenas 100,"19.2796649,-99.69812119999999",San Buenaventura,Alameda 2000
6257,Resuelto,2025-10-20 10:04:26,2025-10-27 10:37:15,"Hay baches en toda la calle de Manuel Correa ",Manuel Correa 202,"19.2844056,-99.67196399999999",Morelos,Morelos Primera Sección
6243,Resuelto,2025-10-19 17:50:28,2025-11-12 17:25:01,Enfrente de casa blanca y a un costado de pozo de agua nuevo. Es un socavón.,Luis Gonzaga Urbina 302,"19.2798648,-99.6338749",San Sebastian,Salvador Sánchez Colín
6235,Cancelado,2025-10-19 13:50:07,2025-10-20 13:29:23,"Baches enormes sobre la avenida Albert Einstein y en el crucero con Vicente Lombardo, provocan tráfico lento en la zona.
",Boulevard Albert Einstein,"19.290162859497183,-99.61025748172523",Santa Ana Tlapaltitlan,Buena Vista
6236,Cancelado,2025-10-19 13:50:07,2025-10-20 13:28:55,"Baches enormes sobre la avenida Albert Einstein y en el crucero con Vicente Lombardo, provocan tráfico lento en la zona.
",Boulevard Albert Einstein,"19.290162859497183,-99.61025748172523",Santa Ana Tlapaltitlan,Buena Vista
6234,Cancelado,2025-10-19 13:47:35,2025-12-29 17:52:13,Baches en el crucero de la calle Industria Automotriz y Albert Einstein .,Boulevard Albert Einstein,"19.29025633056673,-99.61025748172523",Santa Ana Tlapaltitlan,Buena Vista
6233,Cancelado,2025-10-19 10:25:28,2025-10-22 14:07:03,"Calle con muchos baches escuela muy cerca muy mal la calle llena de baches ",5a. Mz Lt 13,"19.31109837817118,-99.58435697995519",Santa María Totoltepec,Arboledas
6228,Resuelto,2025-10-19 08:05:52,2025-12-29 19:54:02,"En la calle Pedro Moreno frente a los domicilios con número exterior 113,114,115 y 116 frente a casa de Piedra color rosa con teja Roja y casa beige con Zaguán Café. ",Calle Pedro Moreno,"19.2862423,-99.6720077",Ciudad Universitaria,San Bernardino
6226,Resuelto,2025-10-19 01:56:12,2025-12-29 18:59:34,"Baches de hasta un metro toda va las partidas con dirección al árbol ",Calle de Las Partidas,"19.337539304852115,-99.5547578627099",San Pedro Totoltepec,Guadalupe Totoltepec
6220,Resuelto,2025-10-18 17:10:53,2025-12-01 12:34:03,"Justo en medio de la calle, donde si lo tratas de evadir puedes chocar con quien venga en  contraflujo ",Calle Mariano Matamoros 1001-A,"19.2787693,-99.6561895",Universidad,Universidad
6216,Resuelto,2025-10-18 11:10:13,2025-12-23 10:41:53,"se necesita bacheonurgente, tomar en cuenta q pasan muchas pipas de agua y se tiene que pavimentar acorde a esta necesidad ",Calle Prolongación Paseo Totoltepec 5,"19.3116116,-99.58582949999999",Santa María Totoltepec,Arboledas
6195,Pendiente,2025-10-17 15:42:26,2025-10-20 09:52:08,"Frente a tienda de verduras. Están tapando baches con tierra lo que provoca lodo y polvo afectando la salud ",Calle Toluca 12,"19.382616,-99.63956710000001",San Pablo Autopan,San Diego
6191,Resuelto,2025-10-17 14:05:46,2025-12-29 18:49:22,"Ya es un problema transitar en esa calle, solicito de la manera más atenta la reparación, ya los vehículos se quedan atorados en los enormes baches 
",Miguel Hidalgo y Costilla 518,"19.3556156,-99.6330579",San Andrés Cuexcontitlán,Natividad
6186,Resuelto,2025-10-17 11:06:49,2025-11-28 17:11:55,Guillermo Marconi 456 colonia reforma frente a subestación de luz,Calle Guillermo Marconi 456,"19.29479606688432,-99.63156052819357",Independencia,Reforma Y Ferrocarriles Nacionales (san Juan Bautista)
6184,Resuelto,2025-10-17 09:50:37,2025-10-30 17:48:56,"por favor hacer trabajos de bacheo en calle Benito Juárez Garcia entre Felipe angeles y julio pardiñas colonia del parque, Toluca, México, frente abarrotes y semillas don Benny, a un costado del kinder, parque 18 de marzo ",Avenida Benito Juárez Garcia Sur 1412,"19.2657837,-99.6537377",Del Parque,Del Parque I
6170,Pendiente,2025-10-16 17:36:20,2025-10-17 13:52:07,"la calle presenta varios baches cercanos a los topes y no hay manera de evitarlos porque hay del lado derecho y en medio. Cuando uno pasa parece que los carros se hunden  ",Marie Curie 1210,"19.3042865,-99.6300539",Independencia,Las Torres (científicos)
6165,Resuelto,2025-10-16 15:05:39,2025-12-30 18:11:49,"Son en toda la calle de independencia ,desde la entrada en la vialidad López Portillo a el centro de san Lorenzo tepaltitlan ",Calle del Cedro Norte,"19.318539992264963,-99.62581540201741",San Lorenzo Tepaltitlan,El Charco
6158,Pendiente,2025-10-16 13:55:51,2025-10-16 16:38:17,Exactamente en la esquina de Lerma y Texcoco,Calle Norte Lerma 215–311,"19.292926758858528,-99.66968317913292",Sánchez,Electricistas Locales
6154,Resuelto,2025-10-16 13:22:38,2025-12-22 12:58:15,"Ambas cuadras de Rafael Garcia Moreno, desde Gomez Farias hasta José Ma. Arteaga tienen múltiples baches que afectan la circulación. por favor su atención para repararlos",Ingeniero Rafael García Moreno 108,"19.2844396,-99.65069009999999",Centro Histórico,5 De Mayo
6147,Resuelto,2025-10-16 10:51:05,2025-12-30 20:01:53,"Frente a 6 locales a un costado del restaurante ""los nogales"" existen 12 baches en diferentes tamaños que no existe mucha oportunida de evadir ",Juan Fernández Albarrán 304,"19.2776708,-99.6521732",Universidad,Universidad
6142,Resuelto,2025-10-16 08:49:30,2025-11-06 14:05:10,bache a la mitad de la calle en la esquina de montes altai y montes apalaches,Montes Apalaches 100,"19.275762,-99.63622679999999",San Sebastian,Valle Don Camilo
6141,Resuelto,2025-10-16 08:45:06,2025-11-06 14:14:50,"bache cada vez más grande a la.mitad de la calle ",Montes Apalaches LB,"19.2758458,-99.6374694",San Sebastian,Valle Don Camilo
6136,Cancelado,2025-10-15 21:06:25,2025-10-16 09:47:34,Pruebas mobzilla,Paseo Vicente Lombardo Toledano 5023,"19.307124599999998,-99.6034937",San Mateo Otzacatipan,La Crespa
6129,Resuelto,2025-10-15 18:37:51,2026-02-17 13:22:00,"Antes y bajo el semáforo de la calle Lerma y Texcoco ",Calle Norte Lerma 215–311,"19.29294565882923,-99.66970239673837",Sánchez,Electricistas Locales
6128,Cancelado,2025-10-15 18:35:49,2025-10-15 19:43:39,"Frente a centro podologico PEDIKA ",Calle Texcoco 807–905,"19.293030030627193,-99.66998024341235",Sánchez,Electricistas Locales
6127,Resuelto,2025-10-15 18:35:39,2025-12-30 19:26:03,"Frente a centro podologico PEDIKA ",Calle Texcoco 807–905,"19.293030030627193,-99.66998024341235",Sánchez,Electricistas Locales
6124,Cancelado,2025-10-15 18:18:59,2025-12-29 18:32:32,"atrás de fraccionamiento balcones de San Felipe ",Camino Viejo A Metepec 3,"19.2391224,-99.6380902",San Felipe Tlalmimilolpan,La Venta
6118,Resuelto,2025-10-15 16:44:56,2025-11-11 19:47:05,"Justamente frente a la entrada de emergencias del hospital médica San José
",Calle El Oro,"19.291701243859098,-99.66572503632898",Sánchez,Sor Juana Inés De La Cruz
6113,Resuelto,2025-10-15 11:21:59,2025-11-28 14:36:16,"A 5 metros de mi ubicación, frente a panadería y y toda la calles a ca ",Calle Thomas Alva Edison 211,"19.305722729764366,-99.63139125080876",Independencia,Las Torres (científicos)
6112,Resuelto,2025-10-15 11:21:54,2025-11-28 14:35:30,"A 5 metros de mi ubicación, frente a panadería y y toda la calles a ca ",Calle Thomas Alva Edison 211,"19.305722729764366,-99.63139125080876",Independencia,Las Torres (científicos)
6111,Resuelto,2025-10-15 11:21:45,2025-11-28 14:34:31,"A 5 metros de mi ubicación, frente a panadería y y toda la calles a ca ",Calle Thomas Alva Edison 211,"19.305722729764366,-99.63139125080876",Independencia,Las Torres (científicos)
6080,Resuelto,2025-10-14 15:44:47,2025-10-29 17:59:01,"tenemos varios baches que se están haciendo cada vez más grandes ... ese sería un problema el segundo problema es que esta saliendo agua del pavimento empezó en una grieta y ahora ya son tres esperamos que puedan venir a checar cuanto antes ya que los baches se han tapado con piedras los baches están en Mariano Matamoros donde hay un local en medio de la carretera y el otro casi llegando a Marcelino garcia ... esperamos cuanto antes alguna solución... oh mínimo que puedan venir a checar como esta la situación de antemano muchas gracias ",Calle Mariano Matamoros 1806,"19.264898799999997,-99.65701879999999",Moderna De La Cruz,Moderna De La Cruz I
6078,Pendiente,2025-10-14 15:36:38,2025-10-14 18:14:18,"Toda la calle esta fea urge bacheo o mejor dicho reencarpetar ",Libertad 110,"19.2220311,-99.6706214",Santiago Tlacotepec,El Calvario
6076,Cancelado,2025-10-14 13:17:47,2025-10-14 13:32:52,Calle,Calle Prolongación Paseo Totoltepec 5,"19.3116116,-99.58582949999999",Santa María Totoltepec,Arboledas
6075,Resuelto,2025-10-14 13:16:08,2025-12-15 18:16:37,"Calle ",Calle Prolongación Paseo Totoltepec 5,"19.3116116,-99.58582949999999",Santa María Totoltepec,Arboledas
6072,Resuelto,2025-10-14 09:00:19,2025-10-29 19:12:26,"baches con más de 6 meses frente al 410 de Pablo sudar echo por agua y sana lento de Toluca ",Pablo Sidar 410,"19.277110699999998,-99.6534525",Universidad,Universidad
6052,Resuelto,2025-10-13 19:26:39,2025-12-30 18:01:23,"Desde la Gasolinera hasta el semáforo de la entrada a las Margaritas hay muchos baches en todo el ancho de la vía ",Camino a Ocotitlán 182,"19.251086,-99.63493299999999",San Felipe Tlalmimilolpan,La Curva
6016,Resuelto,2025-10-13 10:55:35,2025-11-06 14:03:27,"calle en esquina acon baches muy grandes y profundos desde hace mucho ",Pascual Orozco 101,"19.2725349,-99.6398658",Santa María De Las Rosas,Nueva Santa María De Las Rosas
6000,Resuelto,2025-10-12 14:47:31,2025-12-30 11:19:14,"a lado del oxxo villas Santín ",San Gabriel 202,"19.372923,-99.5810293",Sauces,Villas Santín I
5999,Resuelto,2025-10-12 14:40:59,2025-12-30 11:18:54,"frente oxxo Villas Santin, entrada a Villas Santin y lavanderia",San Andrés 124,"19.3726302,-99.5810005",Sauces,Villas Santín I
5998,Resuelto,2025-10-12 14:37:08,2025-12-30 11:15:17,frente a Dental harth y Restaurante la Patrona,San Alfonso 124,"19.3722863,-99.5812284",Sauces,Villas Santín I
5997,Resuelto,2025-10-12 14:17:02,2025-12-30 11:09:17,"Baches ubicados en la esquina de calle del manzanar y calle camino de los huertos, justo enfrente de edificio 214. ",Del Manzanar 10,"19.3121962,-99.60535379999999",San Mateo Otzacatipan,Jardines De La Crespa
5996,Resuelto,2025-10-12 12:29:06,2025-10-16 12:51:54,"casi al llegar a la esquina de Hidalgo ",Isabel la Católica 103,"19.2903369,-99.64322539999999",Independencia,Reforma Y Ferrocarriles Nacionales (san Juan Bautista)
5988,Resuelto,2025-10-11 17:45:24,2025-10-30 12:46:37,"Calle afectada de acera a acera sobre la calle Abelardo Rodriguez entre las calles Privada de ABalrdo Rodríguez y Lago Omeg, al par",Privada Abelardo L Rodríguez 201,"19.262657835449563,-99.67336980186865",Ocho Cedros,"Ocho Cedros, Segunda Sección"
5987,Resuelto,2025-10-11 16:50:06,2025-11-05 14:48:33,toda la calle de Jesús Carranza desde Adolfo Lopes Mateos hasta Antonio Bernal se encuentra en estado de baches,Calle Independencia 300,"19.2509817,-99.6607778",Capultitlán,San Isidro Labrador
5986,Resuelto,2025-10-11 15:50:45,2025-10-16 15:27:48,"Frente a la gasolinera hay un hoyo profundo me fui y se poncho se ponrompio mi llanta ",Calle Solidaridad las Torres 1383–1399,"19.270907273061734,-99.66633508136698",Seminario Conciliar,Seminario Tercera Sección
5983,Resuelto,2025-10-11 11:18:07,2025-11-13 14:33:21,Calle dllrna de baches,Calle Eduardo González y Pichardo 503A,"19.284903108195937,-99.66385057179679",Centro Histórico,Francisco Murguía (el Ranchito)
5981,Resuelto,2025-10-11 10:09:40,2025-12-01 14:01:46,"frente a locales ",Lago de Salazar 204,"19.274314699999998,-99.6711117",Seminario Las Torres,Seminario San Felipe De Jesús
5980,Resuelto,2025-10-11 09:22:56,2025-12-30 11:08:48,"La calle es Prolongación Santos Degollado 916 A
Colonia doctores. Enfrente de Tortas El Milaneson 
Antes de llegar a Ponte Pizza de Isidro Fabela. ",Avenida Oriente Santos Degollado 909A,"19.301279205693763,-99.64353855523605",La Maquinita,Los Ángeles
5979,Cancelado,2025-10-11 09:22:54,2025-12-30 14:15:44,"La calle es Prolongación Santos Degollado 916 A
Colonia doctores. Enfrente de Tortas El Milaneson 
Antes de llegar a Ponte Pizza de Isidro Fabela. ",Avenida Oriente Santos Degollado 909A,"19.301279205693763,-99.64353855523605",La Maquinita,Los Ángeles
5968,Resuelto,2025-10-10 18:46:05,2025-12-30 11:08:25,frente a un zaguán azul,Sonia 164,"19.2721365,-99.63792199999999",Santa María De Las Rosas,Nueva Santa María De Las Rosas
5965,Resuelto,2025-10-10 16:45:55,2025-12-30 11:07:59,"Se están abriendo varios baches sobre la calle, y cada vez son más profundos",Cedral del Centro 12B,"19.309052299999998,-99.6055789",San Mateo Otzacatipan,Jardines De La Crespa
5959,Resuelto,2025-10-10 14:38:11,2025-11-28 14:31:45,"es justo sobre la calle Guillermo Marconi 
frente a un Gimnasio 
y enfrente a un camellon ",Guillermo Marconi 119,"19.3053339,-99.63257",Independencia,Las Torres (científicos)
5958,Cancelado,2025-10-10 14:30:24,2025-12-29 17:51:33,calle necesita bacheo esta muy deteriorada,Calle Tláloc 29,"19.245602100000003,-99.6345363",Metropolitana,Rancho De Maya
5953,Cancelado,2025-10-10 13:40:27,2025-12-29 17:50:50,"frente a priv Santa Elena 1000-A y recaudaría ",Fraccionamento Bugambilias 138,"19.307375399999998,-99.6149401",San Lorenzo Tepaltitlan,Rincón De San Lorenzo
5950,Cancelado,2025-10-10 10:50:19,2025-12-29 17:23:15,toda la calle pensador mexicano está llena de baches,Calle Pensador Mexicano 204,"19.314387099999998,-99.62488119999999",San Lorenzo Tepaltitlan,El Charco
5948,Cancelado,2025-10-10 09:07:05,2025-12-30 14:15:30,"Calle Toluca, conjunto urbano San Diego en la Delegación San Diego Linares, C.P. 50295; Toluca Estado de Mexico. Es la calle principal del Conjunto Urbano, como referencia esta la tienda de verduras que se observa en una de las fotos.",Calle Toluca Calle Toluca,"19.382758799999998,-99.63898739999999",San Pablo Autopan,San Diego
5937,Resuelto,2025-10-09 16:59:56,2025-12-31 10:52:57,"varios baches enfrente de la carniceria ",Paseo de las Flores 701,"19.3136123,-99.631792",San Lorenzo Tepaltitlan,Las Flores
5936,Resuelto,2025-10-09 16:56:18,2025-12-31 11:05:23,"en toda la cuadra existen baches, la referencia es frente a la farmacia ",Azaleas 848,"19.3134425,-99.6319037",San Lorenzo Tepaltitlan,Las Flores
5933,Resuelto,2025-10-09 14:24:23,2025-10-13 10:59:17,"La avenida está en muy mal estado desde misiones Santa Esperanza hasta San Pedro Totoltepec 
",Prolongación Paseo Totoltepec 15D,"19.306874978977135,-99.586208928728",Santa Maria Totoltepec,Del Centro
5932,Cancelado,2025-10-09 13:52:47,2025-12-30 14:14:51,calle con diferentes  baches que afectan a la  comunidad estudiantil,Nicolás Bravo 1,"19.223568099999998,-99.66642150000001",Santiago Tlacotepec,Cristo Rey
5931,Cancelado,2025-10-09 13:45:27,2025-12-30 14:14:30,calle con baches que dificulta el  tránsito vehicular,Doctor Alfonso Alarcón Esquivel 38,"19.2232084,-99.66778540000001",Santiago Tlacotepec,El Calvario
5926,Resuelto,2025-10-09 11:48:15,2025-12-31 11:33:22,"calle sin pavimentar, con problema al llover, frente a casa amarilla de 3 pisos, esquina un hojalatero  ",Chapultepec 227,"19.3019902,-99.69647859999999",San Mateo Oxtotitlan,Niños Héroes Ii
5922,Cancelado,2025-10-09 10:47:58,2025-12-30 14:13:33,"Frente al parque unión ",Prolongación Cerrada de 2a. Zapotecas,"19.30011321797267,-99.66333464412925",Barrios Tradicionales,Unión
5921,Cancelado,2025-10-09 10:44:59,2025-12-30 14:13:23,"Frente al campo de fútbol ",Calle Privada de Prolongación Enrique Olascoaga 207,"19.299849599614117,-99.6628716360895",Barrios Tradicionales,Unión
5920,Cancelado,2025-10-09 10:39:44,2025-12-30 14:12:57,"En la esquina de olmecas y Enrique Olascoaga ",Calle Olmecas 107–109,"19.29862917906227,-99.66102128021842",Barrios Tradicionales,Unión
5919,Cancelado,2025-10-09 10:35:33,2025-12-30 14:12:40,"Frente a la escuela Ford ",Calle Enrique Olascoaga 307,"19.297981890468204,-99.65966439644897",Barrios Tradicionales,Unión
5918,Cancelado,2025-10-09 06:19:01,2025-12-30 14:12:26,"desde elektra, garis hasta san Andrés ",5 de Mayo 164,"19.3532895,-99.6413115",San Pablo Autopan,Pueblo Nuevo I
5900,Cancelado,2025-10-08 14:31:18,2025-12-30 14:12:13,"Av Toluca en el fraccionamiento San Diego Linares ",Tepozotlan 2,"19.383211499999998,-99.6383481",San Pablo Autopan,San Diego
5896,Cancelado,2025-10-08 12:37:35,2025-12-30 14:11:43,"calle Ignacio Mariscal y San Pablo guelatao a 100 metros de la estación del tren insurgente estación Toluca centro ",Ignacio Mariscal 209,"19.268806599999998,-99.64211429999999",Santa María De Las Rosas,Nueva Santa María
5894,Resuelto,2025-10-08 11:29:13,2025-12-30 11:07:31,"Se relleno el problema del drenaje colgado, a lo que me refiero que se haga reporte o petición de manera rápida a aplicar el asfalto, desde el 24 de septiembre hasta ahora no se ha hecho ningún tipo de trabajo de asfalto, le menciono que es C.Quintana Roo N.204 De La Crespa 50228 antes de llegar a la iglesia de cristo rey",Quintana Roo 112,"19.305609,-99.59737709999999",San Mateo Otzacatipan,Vicente Lombardo
5889,Resuelto,2025-10-08 09:02:30,2025-12-30 11:07:11,los baches se encuentran sobre la calle juan de la Barrera esquina Niño Artillero,Niño Artillero 702,"19.304983999999997,-99.69112659999999",San Mateo Oxtotitlan,Niños Héroes I
5887,Resuelto,2025-10-08 08:27:05,2025-12-30 11:05:41,"Todo el tramo mencionado esta en muy malas condiciones ",Ignacio Zaragoza No. 16,"19.2839064,-99.62879319999999",Santa Ana Tlapaltitlan,Pino Suarez
5886,Resuelto,2025-10-08 07:33:53,2025-12-30 11:05:12,"entre paseo Totoltepec y c floresta sobre calle mariano Matamoros , antes de llegar al instituto Metepec viniendo de prolongación paseo Totoltepec ",Francisco Javier Mina 218,"19.3152568,-99.58915669999999",San Mateo Otzacatipan,La Floresta
5885,Resuelto,2025-10-08 06:38:59,2025-12-31 12:01:17,Subiendo hacia el tanque de agua la Teresona,Camino viejo a Tlaxomulco,"19.30281362253928,-99.66657341464634",Sánchez,La Teresona Iii
5876,Resuelto,2025-10-07 16:55:36,2025-12-30 19:17:53,"Se encuentra enfrente del modulo de COPACI, en la salida del fraccionamiento a 30 Metros de la entrada de la escuela primaria Revolución. Antes de la primer calle Paloma Capuchina, del lado derecho. ",Las Palomas 100,"19.2475435,-99.6351842",San Felipe Tlalmimilolpan,Los Alamos
5875,Resuelto,2025-10-07 14:43:16,2025-10-28 12:02:06,calle  azares con baches,Dalias 104D,"19.2491472,-99.6346721",Metropolitana,Las Margaritas
5874,Resuelto,2025-10-07 14:36:43,2025-12-30 11:04:20,calle con baches que afectan al tránsito vehicular,Dalias 3,"19.2484817,-99.6362844",San Felipe Tlalmimilolpan,Los Alamos
5865,Resuelto,2025-10-07 11:59:42,2025-12-08 13:14:43,"es la entrada y salida principal de la colonia donde muchas personas dd diferentes colonias llegan a paga el agua ",Paseo de los Sauces casa,"19.3529785,-99.59728899999999",Sauces,Sauces I
5864,Resuelto,2025-10-07 11:55:40,2025-12-08 13:15:54,"el bache es enorme y esta en ka salida principal de av sauces ",Paseo de los Sauces 79,"19.3533185,-99.5970553",Sauces,Sauces I
5860,Resuelto,2025-10-07 09:44:21,2025-12-31 12:03:45,Está enfrente de una tienda y enfrente hay un baldío  y  un costado dos privada,Cuauhtémoc 59A,"19.2212207,-99.6663189",San Juan Tilapa,Lázaro Cárdenas
5859,Resuelto,2025-10-07 09:10:46,2025-12-08 13:13:26,"se reporta bacheo y recarpamiento en la avenida Téllez Girón esquina con la capilla Calle Plutarco González ",Jicaltepec 849,"19.370735399999997,-99.6444339",San Pablo Autopan,Jicaltepec Autopan
5855,Resuelto,2025-10-07 08:06:10,2025-10-08 10:58:29,"Todo el tramo en ambos sentidos se encuentra en pésimo estado, con las lluvias se agrava el problema ",Jesús Reyes Heroles 240,"19.269613,-99.6975095",San Buenaventura,Alameda 2000
5854,Cancelado,2025-10-07 07:57:48,2025-10-08 11:02:01,Frente a la tienda de verduras.,Teotihuacan 1,"19.3814107,-99.6380257",San Pablo Autopan,San Diego
5853,Resuelto,2025-10-07 07:12:22,2025-12-31 12:08:29,"La calle desde hace 8 años es intransitable, con la lluvia se hicieron ya muchos baches, lo que ha provocado daños en los carros y en temporada de lluvias es imposible transitarla ",Miguel Hidalgo y Costilla 518,"19.3556472,-99.6330673",San Andrés Cuexcontitlán,Natividad
5852,Resuelto,2025-10-07 07:07:11,2025-12-30 11:03:53,a media cuadra está lleno de baches grandes la calle,Melchor Y. Ortega 110,"19.2859533,-99.67051839999999",Ciudad Universitaria,San Bernardino
5808,Resuelto,2025-10-06 17:23:29,2025-11-24 12:31:13,"30 metros de tramo Calle frente a la taqueria las brasas se encuentra intransitable provocando molestia a los vecinos ya qué se utilizan las banquetas para transitar, cuando llueve no se notan los baches y causan daño a los automóviles ",Manuel Buendía Tellez Girón 117,"19.311909000000004,-99.6455113",La Maquinita,"Guadalupe, Club Jardín Y La Magdalena"
5807,Resuelto,2025-10-06 16:11:38,2025-10-08 11:09:51,"Bache de más de la mitad de la calle , aproximadamente 50 metros adelante de la entrada al fraccionamiento ahuehuetes ",Prolongación Paseo Totoltepec 7,"19.288959988490824,-99.58640175758254",Santa Maria Totoltepec,Paseo Totoltepec
5803,Resuelto,2025-10-06 14:23:07,2025-10-06 14:29:24,el bache se encuentra en carriles centrales de paseo Tollocan justamente en la salida para la vialidad de Vicente Guerrero enfrente de este bache se encuentra una gasolinería de la compañía Pemex,Avenida Paseo Tollocan 1002,"19.274296,-99.6664093",Morelos,Morelos Segunda Sección
5801,Resuelto,2025-10-06 13:03:53,2025-12-12 13:29:18,"Buena tarde
Solicitamos su apoyo, ya que, toda, si toda nuestra calle Melchor Y. Ortega se encuentra en muy malas condiciones, no es un bache, son demasiados que ya imposibilitan el manejar , además de que es una vía importante alterna a pesar de que no es grande la calle, esto derivado de que muchas personas la toman para incorporarse a Constituyentes o a Moreslos, en esta calle la mayoría de las personas son de la tercera edad y obviamente no pueden transitar cómodamente,!además, por las lluvias los autos no han las casas y están también deplorando los portones, en días de partido de futbol, es incómodo para los visitantes pasar por ella, solicitamos atentamente el apoyo para reencarpetar toda la calle que es pequeña contamos con más evidencia y también estamos dispuestos a colaborar, ya que no es posible que estemos en estas condiciones en una ciudad capital.
Agradezco el apoyo brindado ",Calle Melchor Y Ortega 111,"19.28597775777142,-99.67030324483214",Ciudad Universitaria,San Bernardino
5799,Resuelto,2025-10-06 12:56:25,2025-10-27 13:16:04,"calle Juan Fernández albarán esquina con  Ignacio Manuel altamirano,  a unos pasos del local ""la casa de la catrina""",Juan Fernández Albarrán 503,"19.2777217,-99.65196139999999",Universidad,Universidad
5798,Resuelto,2025-10-06 12:54:39,2025-10-27 13:18:02,"calle Juan Fernández Albarracín esquina con Ignacio Manuel altamirano, a unos pasos del local ""la casa de la catrina""",Juan Fernández Albarrán S/N,"19.277867699999998,-99.6519395",Universidad,Universidad
5796,Resuelto,2025-10-06 12:07:59,2025-12-30 11:03:22,"En la calle el nevado toda la calle es un tremendo bache que abarca una cuadra enfrente de la tortillería y panadería.
Hay varios locales comerciales a los cuales afecta y también el paso de transporte público ya que es la avenida donde transita .
El problema se ubica de el nevado esquina Melchor Ocampo hacia el nevado esquina Morelos ",La Palma 3A,"19.2499486,-99.70881089999999",Cacalomacan,Sagrado Corazón
5792,Resuelto,2025-10-06 11:00:37,2025-10-29 18:32:40,"En la Glorieta Francia para salir del carril de baja e incorporarse a la de alta,ese bache provoca llantas ponchadas, a diario se pueden ver entre 3 a 8 autos parqueados en la Glorieta Francia esperando al de las talachas, ya tiene una profundidad importante y se está haciendo más grande cada día, por ahí pasan todos los autobuses y unidades de carga pesada, por eso se pide el apoyo ",Avenida Paseo Tollocan 1619,"19.2841623,-99.68081049999999",Nueva Oxtotitlán,Nueva Oxtotitlán I
5788,Cancelado,2025-10-06 10:43:57,2025-10-06 10:53:58,"calle  Adolfo López Mateos con múltiples baches ",16 de Sept. 101,"19.2235519,-99.6706427",Santiago Tlacotepec,El Calvario
5787,Resuelto,2025-10-06 10:33:48,2025-12-30 11:02:14,calle con múltiples baches de diferentes dimensiones,16 de Sept. 113,"19.2235537,-99.6706426",Santiago Tlacotepec,El Calvario
5786,Resuelto,2025-10-06 10:28:27,2025-12-30 11:01:33,calle con múltiples baches de diferentes dimensiones,Libertad 49,"19.2255406,-99.67081329999999",Santiago Tlacotepec,El Calvario
5785,Resuelto,2025-10-06 10:15:14,2025-10-06 11:06:42,son dos baches que se encuentran justo en la entrada del hospital 220 del IMSS a 5 metros de la entrada de urgencias,Avenida Paseo Tollocan MZ 038,"19.2834793,-99.6394445",San Sebastian,Progreso
5781,Resuelto,2025-10-06 09:17:00,2025-12-30 11:00:43,Baches en,Calle Moctezuma Xocoyotzin 200-4,"19.307715199423736,-99.58438849230443",Santa Maria Totoltepec,Del Centro
5777,Resuelto,2025-10-06 08:38:53,2025-12-30 10:59:52,"calle eduardo monroy, destruida, sale al centro cultural de un lado, y a las torres ",Jesús Reyes Heroles 302,"19.2734601,-99.7025896",San Buenaventura,Alameda 2000
5775,Resuelto,2025-10-06 08:13:51,2025-12-30 10:56:41,Todo el ancho de la calle de los 2 carriles está llena de baches en este tramo,Calle Alberto Einstein 391,"19.3057025,-99.6049711",Santa Ana Tlapaltitlan,Buena Vista
5771,Cancelado,2025-10-05 13:40:11,2025-12-29 18:50:57,"desde los billares la herradura hasta el semáforo, se encuentra lleno de baches, cada año en temporada de lluvias, es imposible transmitas por la calle, solo los vecinos colocan escombro para que se pueda pasar. solicitamos una visita a la calle o bien una máquina para emparejar ",Miguel Hidalgo y Costilla 2452,"19.3556609,-99.6343352",San Andrés Cuexcontitlán,Santa Rosa
5767,Resuelto,2025-10-05 11:00:01,2025-10-27 10:07:26,"Urgente tiene más de un año que se está reportando ",Calle Pedro de Gante 211,"19.28684877069902,-99.6720105713604",Ciudad Universitaria,San Bernardino
5766,Resuelto,2025-10-05 10:59:58,2025-10-27 10:10:55,"Urgente tiene más de un año que se está reportando ",Calle Pedro de Gante 211,"19.28684877069902,-99.6720105713604",Ciudad Universitaria,San Bernardino
5765,Cancelado,2025-10-05 10:32:33,2025-10-06 12:06:39,Calle llena de baches,Prolongación Paseo Totoltepec 8,"19.306917910166362,-99.5858077426437",Santa Maria Totoltepec,Del Centro
5764,Cancelado,2025-10-05 10:30:39,2025-10-06 12:16:16,"Toda la calle está llena de baches ",Prolongación Paseo Totoltepec 8,"19.306824340003196,-99.5858077426437",Santa Maria Totoltepec,Del Centro
5763,Cancelado,2025-10-05 10:30:36,2025-10-06 12:46:33,"Toda la calle está llena de baches ",Prolongación Paseo Totoltepec 8,"19.306824340003196,-99.5858077426437",Santa Maria Totoltepec,Del Centro
5762,Resuelto,2025-10-05 10:26:24,2025-10-06 12:52:58,"Una calle llena de baches ",Prolongación Paseo Totoltepec 8,"19.306904727863124,-99.5858077426437",Santa Maria Totoltepec,Del Centro
5761,Resuelto,2025-10-05 09:57:50,2025-10-06 12:56:23,crucero Lombardo Toledano y paseo Totoltepec es indigno,Paseo Vicente Lombardo Toledano 345,"19.309071400000004,-99.5855856",Santa Maria Totoltepec,Del Centro
5755,Resuelto,2025-10-05 08:07:04,2025-11-13 14:17:18,Por antojitos mexicanos La suiza,Calle Eduardo Gonzalez y Pichardo 1977,"19.263519799999997,-99.6662175",Ocho Cedros,Ocho Cedros I
5732,Resuelto,2025-10-03 19:30:53,2025-12-30 10:56:11,"Está sobre la calle de constituyentes entre la calle de Silviano Garcia y Pedro Ascencio, a mitad de calle, hay tres baches muy grandes",Calle Pedro Ascencio 410,"19.285869671358782,-99.65984992595473",Centro Histórico,La Merced (alameda)
5729,Resuelto,2025-10-03 13:27:21,2025-10-29 10:02:58,"Frente a una estética y un zaguán color gris claro , pasando la famosa panadería San José de lado izquierdo está el bache y toda la calle entre la panadería y antes de llegar a la esquina el pavimento se está levantando.",Calle Prol. Tenancingo 203A,"19.2924962,-99.6643259",Sánchez,Sor Juana Inés De La Cruz
5728,Cancelado,2025-10-03 13:03:27,2025-10-06 13:38:49,"solicitamos qué se nos rencarpetamiento Alfonso Alarcón entre 16 de Septiembre y Vicente Guerrero ",Via Alfredo del Mazo 608,"19.308075799999997,-99.63069349999999",San Lorenzo Tepaltitlan,El Mogote
5725,Resuelto,2025-10-03 09:26:36,2025-12-08 13:23:52,"la calle Mariano Matamoros, es muy peligrosa porque los baches estàn muy grande y no hay luz",Mariano Matamoros # 223,"19.354029999999998,-99.6002535",San Mateo Otzacatipan,San José Guadalupe Otzacatipan
5723,Resuelto,2025-10-03 07:54:24,2025-11-27 16:48:17,"Al menos la mitad de la calle está casi intransitable debido a la cantidad y profundidad de los baches. El de la foto es solo uno. Mayor referencia es la zona detrás de la Pepsi de Av. Filiberto Gómez. Todo el cuadro rodeado por las calles José Marti, Rio Verdiguel, Isidro Fabela  y Alfredo del Mazo. Gracias por su  atender a esta solicitud ciudadan. ",Calle José Martí 45 Oriente 102,"19.30251578982664,-99.63893048474529",Independencia,Independencia
5720,Cancelado,2025-10-02 21:35:01,2025-12-30 14:09:50,"frente a la secretaria de seguridad publica, donde estacionan las ambulancias",Manuel Sandoval Vallarta 143,"19.2862752,-99.6361034",San Sebastian,San Sebastián Y Vértice
5715,Resuelto,2025-10-02 19:29:37,2025-12-30 19:12:12,"Buenas noches,ya ni les mando foto porque ya tienen muchas,cuando van a venir arreglar la calle? ya ví que andan en otras que a penas y tienen baches y a esta que está horrible,no la vienen arreglar ya se cayeron 4 carros por los baches,y si es su responsabilidad arreglar calles pero no que esperan que de verdad ya sea imposible pasar por las calles? que tengamos que usar una sola avenida en doble sentído uy y no hablar de la calzada San Mateo dirección San Lorenzo Tepatitlán y San Mateo otzacatipan porque igual están horribles,y no me digan que van a checar un mapeo y no se que ya les mandé muchas fotos que mas quieren de verdad ya hagan algo por esta colonia ",Alberto Einstein 182,"19.3167555,-99.61282829999999",San Lorenzo Tepaltitlan,La Cruz Comalco
5710,Resuelto,2025-10-02 16:16:49,2025-12-30 18:29:24,"Baches frente a la casa marcada con el número 171 Lt 11 Casa de Dos pisos Color Gris Tenue un solo portón Café claro. El bache está cerca de una tubería de agua potable que de romperse generaría fuga (desperdicio) de agua. Agradezco su atención a esta solicitud. ",Trueno 17,"19.306502599999998,-99.63907019999999",La Maquinita,Tlacopa
5706,Resuelto,2025-10-02 13:36:54,2025-10-06 14:14:39,"frente a cocina económica ",Calle Libertad 39,"19.296197799999998,-99.61486389999999",Santa Ana Tlapaltitlan,Buena Vista
5705,Cancelado,2025-10-02 12:01:22,2025-12-30 14:09:11,"Baches ubicados en la calle Jose Vicente Villada entre la calle 5 de mayo y casi esquina con Independencia, frente a la barbería ",Calle Jose Vincente Villada 68,"19.3115484,-99.6259389",San Lorenzo Tepaltitlan,Del Centro
5701,Resuelto,2025-10-02 10:07:10,2025-12-30 19:07:38,"Bache ubicado entre calle industria automotriz  y robert Bosch hay múltiples baches y están ocasionando daños en los autos, se quedó atascado uno y está en espera de apoyo de su aseguradora
",Calle Robert Bosch 405,"19.296627539531045,-99.61984141421739",Santa Ana Tlapaltitlan,Buena Vista
5699,Resuelto,2025-10-02 09:52:35,2025-10-06 14:37:38,Bache en la esquina de Robert Bosch e industria automotriz 2 metros de ancho por 7 metros de largo,Calle Robert Bosch,"19.294534177880458,-99.61975506309594",Santa Ana Tlapaltitlan,Buena Vista
5698,Cancelado,2025-10-02 09:52:18,2025-10-06 14:38:26,Bache en la esquina de Robert Bosch e industria automotriz 2 metros de ancho por 7 metros de largo,Calle Robert Bosch,"19.294534177880458,-99.61975506309594",Santa Ana Tlapaltitlan,Buena Vista
5697,Cancelado,2025-10-02 09:36:36,2025-12-30 14:04:45,"está llena de hoyos desde la vialidad a valle de Bravo (prolongación I Fabela y la calle Moctezuma ",Manuel Buendía Tellez Girón 62,"19.311409599999998,-99.6456674",La Maquinita,Carlos Hank Y Los Frailes
5696,Cancelado,2025-10-02 08:13:08,2025-12-30 14:04:13,"toda la calle de navor carrillo presenta baches, en la esquina de tollocan para dar vuelta de igual manera hay baches, en la esquina hay un banamex, la calle sale a gomez farias",Nabor Carrillo F. 221,"19.284734,-99.6371322",San Sebastian,San Sebastián Y Vértice
5695,Cancelado,2025-10-02 08:06:05,2025-12-30 14:03:57,"Bache en primero de mayo en la esquina donde está el pozo municipal ",Avenida Primero de Mayo 1501,"19.2911838,-99.6315484",Independencia,Reforma Y Ferrocarriles Nacionales (san Juan Bautista)
5694,Cancelado,2025-10-02 07:56:04,2025-10-06 15:05:38,"La calle De la Barranca del Barrio de Tlacopa se encuentra casi intransitable debido a la cantidad de baches y  su profundidad. Consideremos que si José Marti está cerrada por el tren, está esta es la única vía debido acceso. Para más referencias considerar que es toda el áreas que está entre Rio Verdiguel, Alfredo del Maxo, José Marti e Isidro Fabela. . También se puede tomar como referencia toda la zona detrás de la Pepsi de Av López Mateos. Gracias ",Calle Doctor Eduardo Navarro 111,"19.299607422753468,-99.64027353235244",Independencia,Independencia
5693,Cancelado,2025-10-02 07:56:02,2025-10-06 15:07:00,"La calle De la Barranca del Barrio de Tlacopa se encuentra casi intransitable debido a la cantidad de baches y  su profundidad. Consideremos que si José Marti está cerrada por el tren, está esta es la única vía debido acceso. Para más referencias considerar que es toda el áreas que está entre Rio Verdiguel, Alfredo del Maxo, José Marti e Isidro Fabela. . También se puede tomar como referencia toda la zona detrás de la Pepsi de Av López Mateos. Gracias ",Calle de La Barranca 104,"19.302371044927657,-99.64027353235244",La Maquinita,Tlacopa
5690,Cancelado,2025-10-02 07:09:22,2025-10-06 15:01:31,"Bueno aquí este no manchen como piden este entre qué calle y qué calles hay calles que no conocemos, luego no inventes, no conocemos todas las colonias o sea como que SAP la verdad deja mucho que desear es muy difícil estar llenando tantos datos como estar tomando la foto de manera inmediata, la verdad deberían de adecuar su AP para que fueron forma más sencillaporque la verdad uno no conoce ni todas las colonias ni todas las calles y uno reportan los baches de donde va pasando uno precisamente porque de plano ustedes deberían de hacer un abrigado para estar recorriendo y reparando",Privada Azafrán 100C,"19.25036965389243,-99.63454160840554",Metropolitana,Las Margaritas
5689,Cancelado,2025-10-02 07:09:15,2025-12-30 14:07:37,"Bueno aquí este no manchen como piden este entre qué calle y qué calles hay calles que no conocemos, luego no inventes, no conocemos todas las colonias o sea como que SAP la verdad deja mucho que desear es muy difícil estar llenando tantos datos como estar tomando la foto de manera inmediata, la verdad deberían de adecuar su AP para que fueron forma más sencillaporque la verdad uno no conoce ni todas las colonias ni todas las calles y uno reportan los baches de donde va pasando uno precisamente porque de plano ustedes deberían de hacer un abrigado para estar recorriendo y reparando",Privada Azafrán 100C,"19.25036965389243,-99.63454160840554",Metropolitana,Las Margaritas
5687,Cancelado,2025-10-02 07:09:13,2025-10-08 11:52:38,"Bueno aquí este no manchen como piden este entre qué calle y qué calles hay calles que no conocemos, luego no inventes, no conocemos todas las colonias o sea como que SAP la verdad deja mucho que desear es muy difícil estar llenando tantos datos como estar tomando la foto de manera inmediata, la verdad deberían de adecuar su AP para que fueron forma más sencillaporque la verdad uno no conoce ni todas las colonias ni todas las calles y uno reportan los baches de donde va pasando uno precisamente porque de plano ustedes deberían de hacer un abrigado para estar recorriendo y reparando",Privada Azafrán 100C,"19.25036965389243,-99.63454160840554",Metropolitana,Las Margaritas
5688,Cancelado,2025-10-02 07:09:13,2025-10-08 11:51:52,"Bueno aquí este no manchen como piden este entre qué calle y qué calles hay calles que no conocemos, luego no inventes, no conocemos todas las colonias o sea como que SAP la verdad deja mucho que desear es muy difícil estar llenando tantos datos como estar tomando la foto de manera inmediata, la verdad deberían de adecuar su AP para que fueron forma más sencillaporque la verdad uno no conoce ni todas las colonias ni todas las calles y uno reportan los baches de donde va pasando uno precisamente porque de plano ustedes deberían de hacer un abrigado para estar recorriendo y reparando",Privada Azafrán 100C,"19.25036965389243,-99.63454160840554",Metropolitana,Las Margaritas
5686,Resuelto,2025-10-02 07:01:50,2025-12-31 12:50:48,"Esa calle tiene un montón de baches con su aplicación y uno viene manejando, no da tiempo de estar llenando por cada bache, como ustedes quieren, entonces la verdad deberían de innovar otro tipo de reporte para que uno pueda enviar las fotos de manera más rápida porque no inventes, no se puede llenar todo, cuando uno va pasando por los baches",Calle Mextli 114,"19.257897944326952,-99.64316781894564",San Felipe Tlalmimilolpan,Jardines De San Pedro
5672,Resuelto,2025-10-01 19:18:52,2025-12-31 10:51:30,frente a la primaria y es toda la calle,Avenida Cuauhtémoc 78,"19.3000643,-99.59379949999999",Santa Maria Totoltepec,El Olimpo
5671,Cancelado,2025-10-01 19:16:30,2025-12-30 14:02:49,"Baches por todos lados, han ocasionado golpes con otros coches al salir y daños a llantas",Encino 104,"19.2990228,-99.5927603",Santa Maria Totoltepec,El Olimpo
5665,Cancelado,2025-10-01 14:43:41,2025-12-30 14:02:38,"en la esquina de plan de Apatzingán y plan de Ayala justo en la intersección está lleno de baches, atrás de Súper Kompras Pino Suarez",Plan de Apatzingán 101,"19.2680507,-99.63766799999999",Santa María De Las Rosas,La Magdalena
5660,Cancelado,2025-10-01 12:56:26,2025-12-29 18:25:37,"Crucero de la Cruz, a un costado de la casa verde de la esquina",Calle Moctezuma Ilhuicamina 10,"19.3057004,-99.5863545",Santa Maria Totoltepec,Del Centro
5659,Resuelto,2025-10-01 12:41:21,2025-10-08 14:38:29,"frente a una bodega, de hecho donde se paren habrá un bache, pónganse las pilas y tapen todos. ",Totoltepec 257,"19.2944702,-99.5863083",Santa Maria Totoltepec,Paseo Totoltepec
5658,Resuelto,2025-10-01 12:37:56,2025-12-29 18:59:06,"todo paseo Totoltepec esta dañado, desde Tollocan hasta Lombardo Toledano, hagan algo ya",Calle Prolongación Paseo Totoltepec 168,"19.2976174,-99.5864726",Santa Maria Totoltepec,Paseo Totoltepec
5657,Resuelto,2025-10-01 12:34:24,2025-12-29 18:58:36,"me arrepiento de haber votado por Delfina y Ricardo Moreno, av, Cuauhtémoc toda completa es un bache tercermundista",Avenida Cuauhtémoc 31,"19.3034177,-99.5896804",Santa Maria Totoltepec,Del Centro
5656,Resuelto,2025-10-01 12:31:31,2025-10-16 14:50:23,"Zona de desastre, toda la av Cuauhtémoc, no importa cual bache pero vengan y tapenlos",Avenida Cuauhtémoc 25,"19.3034684,-99.5893238",Santa Maria Totoltepec,Del Centro
5655,Resuelto,2025-10-01 12:25:56,2025-12-30 20:14:06,"Sólo recorran av Cuauhtémoc, identifiquen los baches más grandes y tapenlos! ",Avenida Cuauhtémoc 24,"19.3036444,-99.58925479999999",Santa Maria Totoltepec,Del Centro
5654,Resuelto,2025-10-01 12:22:58,2025-12-30 19:20:04,"en serio, ya tapen esos baches, en Lombardo Toledano, paseo Totoltepec, av Cuauhtémoc esta lleno, en donde se paren hay un bache",Paseo Vicente Lombardo Toledano 10,"19.3083575,-99.5903034",Santa Maria Totoltepec,Del Centro
5653,Resuelto,2025-10-01 12:19:28,2025-12-30 19:19:29,"cerca de carnitas Rafa, si vienen, yo les invito unos tacos!! 
",Paseo Vicente Lombardo Toledano 26-A,"19.3086889,-99.5878694",Santa Maria Totoltepec,Del Centro
5652,Resuelto,2025-10-01 12:16:28,2025-12-30 19:18:37,"en toda la avenida Lombardo Toledano hay cráteres, donde gusten tapar
los esta bien ",Paseo Vicente Lombardo Toledano 398,"19.3082042,-99.5912506",Santa Maria Totoltepec,Del Centro
5651,Cancelado,2025-10-01 12:10:50,2025-12-30 14:01:20,"crucero de la Cruz - a donde vayan hay un bache
",Calle Moctezuma Ilhuicamina 10,"19.3057004,-99.5863545",Santa Maria Totoltepec,Del Centro
5650,Resuelto,2025-10-01 12:08:32,2025-10-28 11:02:07,"calle cristobal olmedo,  cerca de las calles Ignacio ramirez y Alfredo chavero, cerca está el tutelar de menores, a un costado de una casa azul y cerca de una tienda de regalos ",Calle Cristóbal Olmedo 134,"19.294722999999998,-99.66123499999999",Barrios Tradicionales,San Miguel Apinahuizco
5649,Resuelto,2025-10-01 12:06:38,2025-10-28 11:01:22,"calle Cristóbal olmedo, casi esquina con igancio ramirez, a un costado hay una casa azul, cerca hay una tienda de regalos ""marce"" y tienda de abarrotes ",Calle Cristóbal Olmedo 129,"19.294716299999997,-99.66140519999999",Barrios Tradicionales,San Miguel Apinahuizco
5648,Resuelto,2025-10-01 12:04:35,2025-10-28 10:59:58,"Cristóbal olmedo 138 esquina Ignacio ramirez, cerca hay una tienda de abarrotes y junto a una casa azul con el número 139 ",Calle Cristóbal Olmedo 134,"19.294722999999998,-99.66123499999999",Barrios Tradicionales,San Miguel Apinahuizco
5647,Resuelto,2025-10-01 12:02:10,2025-10-28 10:58:57,"calle cristobal olmedo 129 cerca de la tienda y la calle Ignacio ramirez, donde esta la llave de agua ",Calle Cristóbal Olmedo 129,"19.294716299999997,-99.66140519999999",Barrios Tradicionales,San Miguel Apinahuizco
5645,Cancelado,2025-10-01 11:07:24,2025-10-01 11:38:54,"Se id edificó un bache enfrente de una casa con portón gris ",Avenida Vicente Guerrero 99,"19.249967492587892,-99.70387754462047",Cacalomacan,Del Centro
5644,Cancelado,2025-10-01 11:07:21,2025-10-01 11:44:10,"Se id edificó un bache enfrente de una casa con portón gris ",Avenida Vicente Guerrero 99,"19.249967492587892,-99.70387754462047",Cacalomacan,Del Centro
5642,Cancelado,2025-10-01 07:52:27,2025-10-01 10:46:31,"Bache que se encuentra a la mitad de la calle exactamente en la esquina de José Maria Morelos y Acatempan en la colonia Independencia, exactamente detrás de la secundaria No. 12. ",Calle José Martí 45 Oriente 202A,"19.300639360022977,-99.64052136996727",Independencia,Independencia
5641,Cancelado,2025-10-01 07:52:21,2025-10-01 10:47:44,"Bache que se encuentra a la mitad de la calle exactamente en la esquina de José Maria Morelos y Acatempan en la colonia Independencia, exactamente detrás de la secundaria No. 12. ",Calle José Martí 45 Oriente 202A,"19.300639360022977,-99.64052136996727",Independencia,Independencia
5630,Resuelto,2025-09-30 18:56:17,2025-12-30 10:55:46,baches grandes en pavimento más de 5 en la misma zona,Francisco León 103,"19.272505199999998,-99.6406655",Santa María De Las Rosas,Nueva Santa María De Las Rosas
5629,Resuelto,2025-09-30 18:55:01,2025-12-30 10:54:56,"baches grandes que tienen más de dos años sobre calle son 6 baches juntos en la misma zona ",Puebla 510,"19.2714777,-99.6401537",Santa María De Las Rosas,Nueva Santa María De Las Rosas
5628,Resuelto,2025-09-30 18:52:50,2025-12-31 13:17:01,se hizo un bache de lado a lado de la calle porque abrieron los del organismo de agua y no cerraron el pavimento,Puebla 601,"19.271662000000003,-99.639718",Santa María De Las Rosas,Nueva Santa María De Las Rosas
5627,Resuelto,2025-09-30 17:55:40,2025-12-22 12:50:31,El bache enorme se encuentra en la esquina derecha de J.A Torres llegando a Tollocan. Está frente a una llantera,J.Antonio Torres 222,"19.2723701,-99.6498919",Universidad,Universidad
5626,Resuelto,2025-09-30 17:51:24,2025-12-22 12:59:50,Se encuentra en la esquina derecha sobre J.A Torres y Francisco Villa,General Francisco Villa 113,"19.2740303,-99.64987459999999",Universidad,Universidad
5625,Resuelto,2025-09-30 17:29:08,2025-10-30 13:53:13,"la calle Arcadio Henkel entre Juan Andrew y Abelardo Rodríguez CP 50170 esto en Toluca estado de México se. encuentra llena de baches los cuales ya tienen más de medio año sin ser reparados, la profundidad es tal que se almacena mucha agua de la lluvia y provoca daños a los trancigentes y a los autos que circulan, así como a las casa de las orillas de estás ya que toda el agua sucia almacenada en estos salpica a paredes.

en general la colonia está horrible ya, se necesita su ayuda de bacheos en la zona ",Arcadio Henkel 1303,"19.2623888,-99.6656718",Ocho Cedros,Ocho Cedros I
5624,Resuelto,2025-09-30 16:49:47,2025-12-30 10:53:50,"En la calle de emiliano zapata en la colonia universidad, el tramo que va de benito Juárez hasta Lopez Rayón hay grandes baches, esto en ambos sentidos de la calle, ( en realidad todo emiliano zapata tiene baches desde Matamoros hasta Heriberto Enriquez) ",General Emiliano Zapata 103,"19.275330699999998,-99.65351659999999",Universidad,Universidad
5623,Resuelto,2025-09-30 16:29:13,2025-10-25 11:42:31,"esta en la calle de Tenancingo,  casi esquina con quintana roo, a un costado está un edificio alto, blanco con negro ",Calle Prol. Tenancingo 102,"19.292746599999997,-99.6631046",Sánchez,Sor Juana Inés De La Cruz
5620,Resuelto,2025-09-30 13:43:15,2025-12-30 10:53:25,"baches en toda la avenida riesgo de accidente , socavon sige creciendo ",Calle Industria Minera 609,"19.3024071,-99.6125502",Santa Ana Tlapaltitlan,Buena Vista
5618,Resuelto,2025-09-30 12:59:55,2025-10-01 12:10:24,se encuentra frente a la gasolinera sobre boulevard aeropuerto entrando por sendero y en dirección Toluca santin,7CVR+9R,"19.2934147,-99.55802539999999",,
5617,Resuelto,2025-09-30 11:50:38,2025-12-29 18:52:02,"tenemos muchos años estos baches ya nadie viene a trabajar aquí entre san Felipe y la delegación de capultitlan nadie hace nada ",Carretera de San Felipe Tlalmimilolpan 114,"19.2466065,-99.65920589999999",Capultitlán,San Judas Tadeo
5616,Resuelto,2025-09-30 11:37:44,2025-12-30 10:53:03,Agradezco su pronta atención. Y te todos los baches desaparezcan. No queremos en Toluca accidentes que lamentar,Calle Independencia Norte 70,"19.318336494090435,-99.6259973763767",San Lorenzo Tepaltitlan,El Charco
5615,Resuelto,2025-09-30 11:37:05,2025-10-29 19:06:07,calle Felipe Villanueva n.921,Calle General Venustiano Carranza 20 Poniente 1701,"19.2798101,-99.66563939999999",Morelos,Federal (adolfo López Mateos)
5614,Resuelto,2025-09-30 11:32:21,2025-12-30 10:52:39,Por favor. Esta horrible!!!,Calle Independencia Norte 70,"19.318493962070274,-99.62577401706243",San Lorenzo Tepaltitlan,El Charco
5610,Resuelto,2025-09-30 08:49:14,2025-10-29 17:47:00,"En la calle José Clark Flores hay varios baches que los mismos vecinos han tratado de rellenar ",Calle General José Clark Flores 802,"19.2631387339769,-99.66045062011138",Moderna De La Cruz,Moderna De La Cruz Ii
5609,Resuelto,2025-09-30 08:15:28,2025-12-30 10:52:13," cerca de campos empastado ",Niños Heroes 128,"19.3251872,-99.6756881",San Marcos Yachihuacaltepec,Norte
5608,Resuelto,2025-09-30 08:04:36,2025-10-29 14:35:56,"desde la intersección de rio Verdiguel hasta la calle cedro. frente a los negocios de recauderia, cafetería y negocio pintado de Tecate ",De La Barranca 206,"19.3055852,-99.6404372",La Maquinita,Tlacopa
5607,Cancelado,2025-09-30 08:04:30,2025-09-30 11:22:50,"Calle en muy mal estado no se puede transitar ",Calle Tolotzín 2,"19.30323570206068,-99.58558542455015",Santa Maria Totoltepec,Del Centro
5593,Cancelado,2025-09-29 19:17:51,2025-10-08 12:05:33,"Se levantó calle por reparación de fuga sin embargo no se ha me ha tapado, vecinos tuvieron que rellenarla com tierra. dado respuesta y es peligroso ya que un ",Calle Miguel L Mata 234,"19.30441164492332,-99.64935444828468",Santiago Miltepec,Miltepec Sur
5592,Cancelado,2025-09-29 19:17:48,2025-10-08 12:05:18,"Se levantó calle por reparación de fuga sin embargo no se ha me ha tapado, vecinos tuvieron que rellenarla com tierra. dado respuesta y es peligroso ya que un ",Calle Miguel L Mata 234,"19.30441164492332,-99.64935444828468",Santiago Miltepec,Miltepec Sur
5590,Resuelto,2025-09-29 17:59:23,2025-11-13 14:12:41,"calle Texcoco esquina quintana roo, a contra esquina del farmacias similares ",Calle Andrés Quintana Roo Norte 400,"19.293218,-99.66285409999999",Barrios Tradicionales,La Retama
5589,Resuelto,2025-09-29 16:01:37,2025-09-30 11:11:07,Al circular sobre baja velocidad de Paseo Tollocan caí sobre un bache ocacionando que se me poncharan las dos llantas del lado del conductor,Avenida Poniente Paseo Tollocan,"19.273755058305454,-99.6658506214366",Colón,Isidro Fabela Segunda Sección
5585,Resuelto,2025-09-29 15:25:46,2025-11-06 14:06:40,"Hundimiento  a media calle cada lluvia más profundo y ancho
",Calle Montes Apalaches,"19.27579670380851,-99.63675103859276",San Sebastian,Valle Don Camilo
5586,Resuelto,2025-09-29 15:25:46,2025-11-06 14:08:19,"Hundimiento  a media calle cada lluvia más profundo y ancho
",Calle Montes Apalaches,"19.27579670380851,-99.63675103859276",San Sebastian,Valle Don Camilo
5584,Resuelto,2025-09-29 14:44:47,2025-11-06 14:22:59,"La calle está llena de baches que cada vez se hacen más grandes y profundos. Es la calle de acceso y tiene mucho que no se entiende el problema esos calle montes apalaches frente al partí entre sierra sierra vertientes y sierra para alma 
",Calle Montes Apalaches,"19.275780404916368,-99.63782876517547",San Sebastian,Valle Don Camilo
5583,Resuelto,2025-09-29 14:44:44,2025-11-06 14:22:04,"La calle está llena de baches que cada vez se hacen más grandes y profundos. Es la calle de acceso y tiene mucho que no se entiende el problema esos calle montes apalaches frente al partí entre sierra sierra vertientes y sierra para alma 
",Calle Montes Apalaches,"19.275780404916368,-99.63782876517547",San Sebastian,Valle Don Camilo
5581,Resuelto,2025-09-29 14:43:59,2025-11-06 14:19:12,"La calle está llena de baches que cada vez se hacen más grandes y profundos. Es la calle de acceso y tiene mucho que no se entiende el problema esos calle montes apalaches frente al partí entre sierra sierra vertientes y sierra para alma 
",Calle Montes Apalaches,"19.275780404916368,-99.63782876517547",San Sebastian,Valle Don Camilo
5582,Resuelto,2025-09-29 14:43:59,2025-11-06 14:20:55,"La calle está llena de baches que cada vez se hacen más grandes y profundos. Es la calle de acceso y tiene mucho que no se entiende el problema esos calle montes apalaches frente al partí entre sierra sierra vertientes y sierra para alma 
",Calle Montes Apalaches,"19.275780404916368,-99.63782876517547",San Sebastian,Valle Don Camilo
5579,Resuelto,2025-09-29 14:43:42,2025-11-06 14:17:01,"La calle está llena de baches que cada vez se hacen más grandes y profundos. Es la calle de acceso y tiene mucho que no se entiende el problema esos calle montes apalaches frente al partí entre sierra sierra vertientes y sierra para alma 
",Calle Montes Apalaches,"19.275780404916368,-99.63782876517547",San Sebastian,Valle Don Camilo
5580,Resuelto,2025-09-29 14:43:42,2025-11-06 14:18:15,"La calle está llena de baches que cada vez se hacen más grandes y profundos. Es la calle de acceso y tiene mucho que no se entiende el problema esos calle montes apalaches frente al partí entre sierra sierra vertientes y sierra para alma 
",Calle Montes Apalaches,"19.275780404916368,-99.63782876517547",San Sebastian,Valle Don Camilo
5577,Resuelto,2025-09-29 14:37:28,2025-12-09 14:41:16,"Calle Prado Sur, colonia prados de Tollocan, condominio 27, casi frente al oxxo ",Avenida Prado Sur 114,"19.2988627,-99.5928593",Santa Maria Totoltepec,El Olimpo
5572,Resuelto,2025-09-29 13:33:03,2025-10-03 09:31:35,desde la universidad centro educativo de estudios superiores hasta la entrada a Capultitlán calle en pésimo Estado.,Camino a SAN. Felipe Tlalmimilolpan 122A,"19.246201499999998,-99.65839989999999",Capultitlán,San Judas Tadeo
5570,Resuelto,2025-09-29 12:47:29,2025-12-30 10:50:21,"frente a panadería las palmas a un costado de primaria Jaime nuno ",Paseo de los Sauces 101,"19.3538282,-99.5963608",Sauces,Sauces I
5569,Resuelto,2025-09-29 11:19:09,2025-10-27 10:54:16,"Baches muy grandes, los vecinos están rellenando con arena y cascajo, pero tienen meses así, cada vez más grandes. Difícil la circulación en la zona con tanto bache ",José Ma. Coss 103,"19.2843075,-99.6714118",Morelos,Morelos Primera Sección
5568,Resuelto,2025-09-29 11:14:10,2025-10-27 10:32:46,"Hay varios baches en todo el tramo, profundos. la calle de Leonardo Bravo requiere repavimentación completa ",Leonardo Bravo 211,"19.284032399999997,-99.67233480000002",Morelos,Morelos Primera Sección
5567,Resuelto,2025-09-29 11:09:35,2025-10-20 14:13:21,"Frente a la unidad Habitacional La esperanza tiene varios baches profundos, la calle requiere repavimentación completa. ",Leonardo Bravo 116e,"19.283990199999998,-99.6724856",Morelos,Morelos Primera Sección
5565,Resuelto,2025-09-29 10:33:39,2025-10-25 12:31:11,Al lado de la preparatoria Prepa Vilaseca se encuentran cuatro baches de profundidad superior a los 15cm y diámetro superior a los 40cm,Constituyentes Poniente 709,"19.286426,-99.6605033",Centro Histórico,La Merced (alameda)
5562,Resuelto,2025-09-29 06:33:27,2025-12-30 10:49:59,"base camiones xinantecatl ",El Nevado 40,"19.2447057,-99.7136556",Cacalomacan,Sagrado Corazón
5561,Cancelado,2025-09-29 06:30:47,2025-09-29 10:15:11,"base camiones xinantecatl ",El Nevado 39,"19.2449589,-99.7132634",Cacalomacan,Sagrado Corazón
5547,Cancelado,2025-09-28 11:38:18,2025-12-30 14:00:52,Es una serie de baches desde el número 101 hasta el 106. Fueron formados por una reparación de fuga de agua.,Lago Superior 104,"19.271139899999998,-99.6700353",Seminario Conciliar,Seminario El Parque
5544,Resuelto,2025-09-28 10:53:19,2025-12-31 13:25:12,"Es un bache, al lado del kinder Gustavo Baz Prada, sobre la calle de jazmín, ya tiene días que se ha reportado. también hay uno en esquina  de dalias al lado de la tortilleria.",Jazmín 100,"19.248883499999998,-99.6341716",Metropolitana,Las Margaritas
5539,Resuelto,2025-09-27 14:51:12,2025-12-30 17:16:58,"Frente a los Gimnasios de la UAEMex ",Calle Mariano Matamoros 1003,"19.2786789,-99.65612379999999",Universidad,Universidad
5538,Cancelado,2025-09-27 13:39:21,2025-12-30 14:00:03,"Está  enfrente del kinder cepavat, casi a contra esquina de la prepa 4

",Calle Norte Lerma 508,"19.29433784999341,-99.66964288132907",Sánchez,Sector Popular
5536,Resuelto,2025-09-27 13:08:40,2025-09-29 10:28:41,"frente al pozo de agua  avenida cuauhtémoc ",Avenida Cuauhtémoc 110,"19.303885899999997,-99.58745599999999",Santa Maria Totoltepec,Del Centro
5533,Resuelto,2025-09-27 10:50:36,2025-10-27 13:06:49,"Enfrente de casa rosa ",Avenida Benito Juárez Garcia Sur 1001,"19.2776246,-99.6538638",Universidad,Universidad
5531,Resuelto,2025-09-27 10:22:16,2025-11-22 13:09:20,"Presencia de baches ",Avenida Jesús Reyes Heroles,"19.277800296097222,-99.68074792400898",Seminario Las Torres,Seminario Quinta Sección
5530,Cancelado,2025-09-27 10:21:10,2025-09-29 10:21:16,"Bache en la vialidad ",Privada Simón Bolívar,"19.274328443601323,-99.68289081426391",San Buenaventura,Guadalupe
5529,Cancelado,2025-09-27 10:21:05,2025-12-30 13:59:50,el bache está muy profundo y ya nosé puede pasar por ahi,Paloma Rizada 5,"19.247153,-99.63728119999999",Metropolitana,Las Palomas
5528,Resuelto,2025-09-27 10:17:44,2025-12-31 13:51:37,"Tramo de baches, en necesaria la reencarpetacion del tramo ",Calle Laguna de Cuyutlán 1022,"19.2779536364134,-99.68085147618017",Nueva Oxtotitlán,Nueva Oxtotitlán I
5526,Cancelado,2025-09-27 10:15:59,2025-12-30 13:59:27,"el centro de la calle Prol. Paseo de Sanbuenaventura, dirección a Tollocan, hay baches. ",Laguna de Los Gigantes 1104,"19.2778679,-99.6820092",Nueva Oxtotitlán,Nueva Oxtotitlán I
5525,Cancelado,2025-09-27 10:14:30,2025-09-30 18:06:58,"Presencia de baches, genera caos vial ",Avenida Jesús Reyes Heroles,"19.277577266666427,-99.68162190837607",Seminario Las Torres,Seminario Quinta Sección
5524,Cancelado,2025-09-27 10:11:51,2025-09-30 18:03:06,"hay muchos baches en la intersección de Pol. Paseo de San Buenaventura y Laguna de los Gigantes ",Laguna de Los Gigantes 1104,"19.2778679,-99.6820092",Nueva Oxtotitlán,Nueva Oxtotitlán I
5522,Cancelado,2025-09-27 10:09:46,2025-09-30 18:02:10,"hay una coladera destapada sobre Pol. Paseo de Sanbuenaventura. puede ser peligroso tanto para autos como para peatones. ",Laguna de Los Gigantes 1104,"19.2778679,-99.6820092",Nueva Oxtotitlán,Nueva Oxtotitlán I
5521,Cancelado,2025-09-27 10:09:40,2025-12-30 13:59:16,"Se encuentra bache ",Avenida General Venustiano Carranza 2924,"19.274502701135187,-99.68289081426391",San Buenaventura,Guadalupe
5520,Resuelto,2025-09-27 10:07:07,2025-11-22 13:07:24,"Conjunto de baches sin atender ",Avenida Jesús Reyes Heroles,"19.277678534874887,-99.68180540888697",Seminario Las Torres,Seminario Quinta Sección
5519,Resuelto,2025-09-27 10:05:22,2025-12-30 10:49:07,"Baches en la intersección Pol. Paseo de San Buenaventura y Laguna de los Gigantes ",Laguna de Los Gigantes 1104,"19.2778679,-99.6820092",Nueva Oxtotitlán,Nueva Oxtotitlán I
5517,Cancelado,2025-09-27 09:59:10,2025-09-29 10:19:34,"Se presenta bache en la vialidad ",Avenida General Venustiano Carranza 2924,"19.274429102777198,-99.68289081426391",San Buenaventura,Guadalupe
5516,Resuelto,2025-09-27 09:58:05,2025-11-22 13:10:19,Pasando el Oxxo,Avenida Jesús Reyes Heroles,"19.277576562912955,-99.6826799477976",Nueva Oxtotitlán,Nueva Oxtotitlán I
5515,Cancelado,2025-09-27 09:58:04,2025-09-30 16:35:23,Pasando el Oxxo,Avenida Jesús Reyes Heroles,"19.277576562912955,-99.6826799477976",Nueva Oxtotitlán,Nueva Oxtotitlán I
5514,Cancelado,2025-09-27 09:58:02,2025-12-30 13:59:05,Pasando el Oxxo,Paseo de San Buenaventura,"19.277576562912955,-99.6826799477976",Nueva Oxtotitlán,Nueva Oxtotitlán I
5510,Cancelado,2025-09-27 08:47:15,2025-09-30 16:30:09,El hoyo se encuentra en el inicio de la calle y está profundo,Las Palomas 1078,"19.2472788,-99.6371468",Metropolitana,Las Palomas
5509,Cancelado,2025-09-27 07:48:59,2025-12-30 13:58:39,"En la avenida principal de la colonia, antes de ingresar a la quinta calle, se encuentra est",Privada Paloma Rizada 50,"19.246410333720057,-99.63733265104646",Metropolitana,Las Palomas
5487,Cancelado,2025-09-26 18:42:26,2025-12-30 13:58:02,"la calle ya tiene muchos baches ese es uno de muchos y la verdad los coches ya se descomponen por lo mismo, me gustaría que pudieran no solo bachearla si no poder hacer una repavimentación de toda la calle, gracias ",Diego Rivera 422,"19.307095699999998,-99.65562059999999",Santiago Miltepec,Miltepec Centro
5482,Cancelado,2025-09-26 14:43:08,2025-12-29 17:48:10,calle con múltiples baches de diferentes dimensiones,Adolfo López Mateos 30,"19.2143712,-99.6627233",San Juan Tilapa,Guadalupe
5479,Resuelto,2025-09-26 09:52:34,2025-12-30 10:48:15,"bache enmedio de la calle, frente al número 2001",Jesús Reyes Heroles 340,"19.271812699999998,-99.6944532",San Buenaventura,Alameda 2000
5478,Cancelado,2025-09-26 09:23:19,2025-12-30 13:57:42,"es en la calle 21 de marzo esquina con av lerdo de lejada, en la esquina hay una casa antigua color verde, enfrente un estacionamiento ",Avenida Sebastián Lerdo de Tejada 402,"19.292317999999998,-99.66150499999999",Barrios Tradicionales,La Retama
5477,Cancelado,2025-09-26 08:34:55,2025-12-30 13:57:27,"es la calle eduardo Monroy cárdenas, de las torres a Tec de monterrey, esta totalmente imposible de pasar. ",Calle Eduardo Monroy Cárdenas Campo de tiro con arco,"19.276397499999998,-99.7026405",San Buenaventura,Alameda 2000
5474,Cancelado,2025-09-26 08:14:33,2025-12-30 13:57:14,(INTERSECCIÓN 1a. AND. JUAN ALDAMA Y BENITO JUÁREZ) se encuentra en la intersección de la juan aldaba y benito Juárez,Avenida Benito Juárez Garcia Sur 1709,"19.2638112,-99.6537111",Del Parque,Del Parque Ii
5471,Cancelado,2025-09-26 07:59:27,2025-12-30 13:56:58,"Se encuentra bache en la entrada de calz corredores esquina pacífico ",Calzada Corredores 3,"19.256282163554953,-99.69603991621399",Cacalomacan,Del Centro
5470,Resuelto,2025-09-26 07:39:11,2026-01-05 13:14:08,"Sobre la calle Antonio Albarrán en el tramo entre ceboruco y mextli a la altura de la Finca Doña María, se encuentra un bache muy feo, anteriormente ya lo había reportado ya que fue porque vinieron a arreglar una fuga del drenaje y solo lo taparon con pura tierra lo que está ocasionando que se abra el hoyo que vinieron a hacer",Calle José Antonio Albarrán Sur,"19.256570301540727,-99.6496994932637",San Felipe Tlalmimilolpan,Jardines De San Pedro
5468,Resuelto,2025-09-26 07:20:05,2026-01-05 13:44:14,"Varios baches  a lo largo de la calle Pino 
Frente al número 120 y 122 ",Calle Pino 122,"19.279872937771202,-99.6610698927739",Colón,Colón Y Ciprés I
5448,Cancelado,2025-09-25 18:53:58,2025-12-30 13:55:29,"Se hizo un bache entre las calles Laguna de Tixtla y Hacienda de Huatulco. Creció de tamaño muy rápido, se tuvo que colocar un neumático para que los autos no caigan por error en él. ",Laguna de Tixtla 110,"19.2806504,-99.67361079999999",Ciudad Universitaria,Vicente Guerrero
5445,Resuelto,2025-09-25 15:56:23,2026-01-05 14:24:19,"Hay una serie de 6 baches a lo largo de 8 casas, todos pasando la primaria Horacio Zúñiga, algunos son más profundos. Hay negocios comerciales a los lados, una clínica de belleza Silueta Express. ",Felipe Villanueva 926,"19.27749,-99.6658381",Morelos,Morelos Segunda Sección
5442,Cancelado,2025-09-25 15:13:25,2025-12-30 13:55:03,"(VERIFICAR ESTADO-POSIBLE REPAVIMENTACIÓN-TRAMO DE CONCRETO-IGNACIO ZARAGOZA) es demasiado difícil para los vehículos transitar por la.calle ya que en consecuencia a menudo Seles pinchan las llantas ",Avenida Paseo Tollocan 63,"19.286514699999998,-99.62945219999999",Santa Ana Tlapaltitlan,Pino Suarez
5441,Resuelto,2025-09-25 15:08:24,2026-01-05 14:36:29,"(REPAVIMENTACIÓN) a lado de la gasolinera Pemex ",Ignacio Zaragoza 501,"19.2864361,-99.62915559999999",Santa Ana Tlapaltitlan,Pino Suarez
5440,Cancelado,2025-09-25 14:36:21,2025-12-30 13:54:35,"(REPAVIMENTACIÓN-CALLE IGNACIO ZARAGOZA-MODIFICAR COORDENADAS) Frente a la torre Bicentenario, a lado tienda Gersa...entre Zaragoza y Matamoros",Santa Ana Tlapaltitlán,"19.2864057,-99.62927239999999",Santa Ana Tlapaltitlan,Pino Suarez
5439,Cancelado,2025-09-25 14:32:04,2025-09-29 10:21:42,"Toda la calle está llena de baches, y cuando bachearon",Calle 5 C,"19.341910194134098,-99.72373232892625",,
5436,Resuelto,2025-09-25 11:13:57,2026-01-05 14:44:41,"(VERIFICAR ESTADO DE LA VIALIDAD, POSIBLE REPAVIMENTACIÓN) entrando a la calle Sor Juana Ines de la Cruz hay baches como el la foto que les envie y es en toda la calle, la calle tiene 8 años que la pavimentaron y con el transcurso de los años se ha deteriorado, los baches son mas grandes cada dia que pasa , al inicio de la calle a 5 metros o menos hay una tienda que esta pintado con logotipos de refresco aga y alli en la entrada de la calle hay un puesto que vende atole y tamales , espero que con esta discripcion si den con la calle , la calle es Sor Juana Ines de la cruz , entre el limite de San Andres Cuexcontitlan y San Cristobal Huichochitlan ",Calle Sor Juana Inés de la Cruz,"19.352558,-99.6174459",San Andrés Cuexcontitlán,San Andrés
5434,Cancelado,2025-09-25 10:16:57,2025-09-25 10:58:46,Toda la calle está mal,Paseo Vicente Lombardo Toledano 343,"19.309636490230375,-99.58717707042335",Santa María Totoltepec,Arboledas
5433,Resuelto,2025-09-25 10:16:47,2025-09-25 10:56:20,Toda la calle está mal,Paseo Vicente Lombardo Toledano 343,"19.309636490230375,-99.58717707042335",Santa María Totoltepec,Arboledas
5420,Resuelto,2025-09-24 18:16:02,2025-09-25 10:43:51,Frente a la posada la palma y cárnicos Santoyo,Distribuidor vial José López Portillo,"19.327448436331306,-99.61745181249313",San Mateo Otzacatipan,Poniente Ii
5417,Resuelto,2025-09-24 13:39:49,2025-11-25 14:19:17,"Son varios baches en un vado ",Calzada Cuervos 6,"19.24320643414231,-99.69906087398071",Cacalomacan,Rancho San Miguel Zacango
5415,Resuelto,2025-09-24 13:25:20,2025-11-21 12:33:12,"En la calle de PINO en la COLONIA CIPRES hay alrededor de 12 baches en toda la calle, el que estoy mandando se encuentra casi en la esquina de la calle, en la esquina hay un Restaurant Sushito y un 7 y eleven, ",Calle Pino 113,"19.280064690541774,-99.66096280169442",Colón,Colón Y Ciprés I
5414,Resuelto,2025-09-24 13:21:18,2025-12-15 18:16:13,"Sobre la carretera a san felipe Tlalmimilolpan enfrente de la tienda ""la tiendita"" ",Carretera de San Felipe Tlalmimilolpan 114,"19.2466065,-99.65920589999999",Capultitlán,San Judas Tadeo
5413,Resuelto,2025-09-24 13:19:34,2025-11-21 12:30:00,"Sobre la calle de Pino en la colonia Ciprés hay más de 12 baches en la misma calle y la mayoría están profundos y cada vez se abren más.
Está Esta calle se encuentra enfrente del Starbucks de Venustiano Carranza, en la esquina hay un 7y eleven ",Calle Pino 105,"19.280702415411305,-99.66088155600086",Colón,Colón Y Ciprés I
5409,Resuelto,2025-09-24 10:52:52,2025-10-20 14:36:05,El bache se encuentra al frente del negocio “tiendas 3b”,Avenida Vicente Guerrero 407,"19.248426634433137,-99.70414686902755",Cacalomacan,Del Centro
5408,Cancelado,2025-09-24 10:52:50,2025-09-24 11:19:55,El bache se encuentra al frente del negocio “tiendas 3b”,Avenida Vicente Guerrero 407,"19.248426634433137,-99.70414686902755",Cacalomacan,Del Centro
5403,Cancelado,2025-09-24 09:24:48,2025-09-24 13:00:49,"En pésimas condiciones las calles que circundan por esta calle que es una principal ",Calle Moctezuma Xocoyotzin 200-4,"19.30726389554131,-99.58463397855631",Santa Maria Totoltepec,Del Centro
5402,Cancelado,2025-09-24 09:24:45,2025-09-24 13:04:18,"En pésimas condiciones las calles que circundan por esta calle que es una principal ",Calle Moctezuma Xocoyotzin 200-4,"19.30726389554131,-99.58463397855631",Santa Maria Totoltepec,Del Centro
5400,Resuelto,2025-09-24 07:15:31,2025-12-30 10:47:11,"Hay un grupo de baches en la entrada de toda la vialidad benito juarez, es una calle con entrada y salida de transito para dos escuelas, una guarderia y una primaria! Ayuda por favor ",Calle Benito Juárez 3,"19.34704991200766,-99.59257188273408",San Mateo Otzacatipan,San José Guadalupe Otzacatipan
5399,Cancelado,2025-09-24 05:23:15,2025-09-24 13:06:54,"El bache está sobre la calle El Oro, justamente frente al hospital San José y el Módulo de Policías del parque Sor Juana
",Av José María Morelos Pte 1100,"19.287964777477875,-99.66572605926106",Ciudad Universitaria,San Bernardino
5389,Resuelto,2025-09-23 18:40:56,2025-10-30 14:50:52,"En la Av Río Verdiguel a la altura del número 265 se encuentran aproximadamente 4 baches que están afectando toda la vialidad, ya que esta se encuentran en buen estado.",Calle Río Verdiguel 231–251,"19.309755061699676,-99.63766616194081",La Maquinita,Tlacopa
5387,Resuelto,2025-09-23 18:00:05,2025-12-28 14:51:19,toda la calle de Salvador Alvarado desde Alfredo del Mazo hasta Sadot Fabila,David Alvarado Guerrero 54,"19.315052299999998,-99.63871480000002",Santa Cruz Atzcapotzaltongo,Ex Hacienda La Magdalena (barrio San Juan De La Cruz)
5385,Resuelto,2025-09-23 13:48:19,2025-09-23 14:27:26,Frente a tacos la flama y Bosé la cr,Paseo Vicente Lombardo Toledano 58,"19.305486169588228,-99.60427224035702",San Mateo Otzacatipan,Vicente Lombardo
5383,Resuelto,2025-09-23 13:43:58,2025-12-30 10:46:38,"Frente a bodega la crespa y town scuert la crespa ",Calle Albert Einstein 397,"19.305125129742542,-99.60485616700699",San Mateo Otzacatipan,Vicente Lombardo
5384,Cancelado,2025-09-23 13:43:58,2025-09-24 11:14:41,"Frente a bodega la crespa y town scuert la crespa ",Calle Albert Einstein 397,"19.305125129742542,-99.60485616700699",San Mateo Otzacatipan,Vicente Lombardo
5382,Cancelado,2025-09-23 13:14:12,2025-09-24 14:07:57,"Se identificaron 2 baches ",Calle Chihuahua 430,"19.307337980537667,-99.62853072220423",San Lorenzo Tepaltitlan,El Mogote
5380,Resuelto,2025-09-23 12:14:31,2025-11-18 12:06:30,"entrando por Manuel buen día ala altura de universidad España  casi esquina Carlos L gracidas frente casa pistache ",México 610,"19.323259099999998,-99.641814",San Cristobal Huichochitlan,San Salvador Ii
5378,Resuelto,2025-09-23 12:10:14,2025-11-27 16:40:55,"toda la calle salvador Alvarado desde Alfredo del mazo hasta sadot Fabila ",Salvador Alvarado 117,"19.3141933,-99.6383312",Santa Cruz Atzcapotzaltongo,Ex Hacienda La Magdalena (barrio San Juan De La Cruz)
5374,Resuelto,2025-09-23 09:19:19,2025-12-28 14:50:50,"Problemática iniciando desde Diagonal Miguel Hidalgo, justo a partir del minisuper Miki; siendo Agustín Salazar Orihuela la calle principal de San Angelin, cuenta con camellón y ambos sentidos están en pésimas condiciones. ",Agustín Salazar Orihuela 63,"19.3202386,-99.62112529999999",San Lorenzo Tepaltitlan,San Angelín
5370,Resuelto,2025-09-23 08:20:34,2025-09-24 11:54:50,En la insterseccion entre paseo de la luz y Guadalupe victoria,Calle Guadalupe Victoria 597–733,"19.326095348977237,-99.63071894874389",San Cristobal Huichochitlan,La Trinidad Ii
5366,Resuelto,2025-09-22 22:57:33,2026-01-05 14:54:04,"Baches sobre calle ",Calle Valladolid,"19.299182061275847,-99.63685400142565",Independencia,Independencia
5365,Cancelado,2025-09-22 22:57:30,2025-09-24 12:06:55,"Baches sobre calle ",Calle Valladolid,"19.299182061275847,-99.63685400142565",Independencia,Independencia
5364,Cancelado,2025-09-22 22:55:26,2025-09-24 12:07:35,"Serie de baches ",Calle Guanajuato 229,"19.299087048203962,-99.6369807152939",Independencia,Independencia
5336,Cancelado,2025-09-22 13:43:02,2025-09-24 12:30:08,"Calle con muchos baches e inundaciones constantes no hay  hay buen sistema de drenaje pasan vehículos pesados y ya lleva años sin reparar está perdiendo el pavimento solo rellenan los vecinos con piedras ",Calle Miguel Hidalgo y Costilla 9,"19.3127003558831,-99.57190887198131",San Pedro Totoltepec,Del Centro
5335,Cancelado,2025-09-22 12:59:25,2025-12-30 13:53:21,"baches de gran dimensión a lo largo de la calle con riesgo latente de un accidente ya que es alas afueras de la primaria mariano Abasolo ",Calle Juarez 313,"19.2496984,-99.66007499999999",Capultitlán,San Isidro Labrador
5333,Cancelado,2025-09-22 12:44:29,2025-09-24 12:50:57,"Alado del parque bicentenario, justo enfrente de la iglesia de la calle lagun de tixtla, , está del lado pegado justo antes del tope",Avenida Poniente Paseo Tollocan 1217,"19.276408723452764,-99.67330005533196",Seminario Las Torres,Seminario Segunda Sección
5331,Cancelado,2025-09-22 12:25:08,2025-12-30 13:52:55,"Hay por lo menos 6 baches en un mismo lugar. Como referencia en la esquina hay un Modelorama ",Calle Miguel Hidalgo y Costilla Sur 602,"19.304611321388634,-99.62298363750786",San Lorenzo Tepaltitlan,El Mogote
5324,Resuelto,2025-09-22 09:40:08,2025-11-18 18:51:06,"son dos baches en la calle de jazmín, Colonia las margaritas, uno está a un costado del kinder Gustavo Baz Prada y el otro está en la esquina de dalias al lado de una tortillería.ambos baches.",Jazmín 100,"19.248883499999998,-99.6341716",Metropolitana,Las Margaritas
5321,Resuelto,2025-09-21 23:54:54,2026-01-05 18:07:01,"Serie de baches que afectan a automovilistas y peatones ya que se han caído personas en el bache al cruzar la calle ",Calle Guanajuato 229,"19.299124624235425,-99.63699431017328",Independencia,Independencia
5320,Resuelto,2025-09-21 23:54:48,2025-09-22 11:09:22,"Serie de baches que afectan a automovilistas y peatones ya que se han caído personas en el bache al cruzar la calle ",Calle Guanajuato 229,"19.299124624235425,-99.63699431017328",Independencia,Independencia
5312,Resuelto,2025-09-21 16:12:52,2026-01-06 11:14:52,"frente a el módulo de policía ",Guillermo Marconi 24,"19.303130499999998,-99.6328681",Independencia,Las Torres (científicos)
5311,Resuelto,2025-09-21 13:11:27,2026-01-06 11:48:28,"Calle con baches  considerables dificultando el tránsito 
",Calle Galileo Galilei 213,"19.304178820758906,-99.63145625430771",Independencia,Las Torres (científicos)
5310,Cancelado,2025-09-21 13:11:19,2025-09-23 14:31:40,"FOLIO DUPLICADO Calle con baches  considerables dificultando el tránsito 
",Calle Galileo Galilei 213,"19.304178820758906,-99.63145625430771",Independencia,Las Torres (científicos)
5306,Resuelto,2025-09-21 13:11:17,2025-09-22 11:34:21,"Calle con baches  considerables dificultando el tránsito 
",Calle Galileo Galilei 213,"19.304178820758906,-99.63145625430771",Independencia,Las Torres (científicos)
5307,Resuelto,2025-09-21 13:11:17,2025-09-22 11:33:02,"Calle con baches  considerables dificultando el tránsito 
",Calle Galileo Galilei 213,"19.304178820758906,-99.63145625430771",Independencia,Las Torres (científicos)
5308,Resuelto,2025-09-21 13:11:17,2025-09-22 11:33:30,"Calle con baches  considerables dificultando el tránsito 
",Calle Galileo Galilei 213,"19.304178820758906,-99.63145625430771",Independencia,Las Torres (científicos)
5309,Resuelto,2025-09-21 13:11:17,2025-09-22 11:33:58,"Calle con baches  considerables dificultando el tránsito 
",Calle Galileo Galilei 213,"19.304178820758906,-99.63145625430771",Independencia,Las Torres (científicos)
5305,Resuelto,2025-09-21 13:11:16,2025-09-22 11:34:39,"Calle con baches  considerables dificultando el tránsito 
",Calle Galileo Galilei 213,"19.304178820758906,-99.63145625430771",Independencia,Las Torres (científicos)
5303,Cancelado,2025-09-21 07:52:08,2025-12-30 13:47:14,"bache que se encuentra sobrea calle de Tuxtla frente a la capilla de Santa Teresita casi esquina con abrazo de acatempan ",Toluca de Lerdo,"19.279834599999997,-99.6729909",Ciudad Universitaria,Vicente Guerrero
5292,Resuelto,2025-09-20 17:03:29,2025-12-30 19:00:02,"frente a la segunda cerrada de tlalpan y casa 1B
",Ex-hda. de Tlalpan 1B,"19.293952,-99.6958042",San Mateo Oxtotitlan,San Jorge
5287,Resuelto,2025-09-20 11:17:41,2025-09-20 13:32:28,"Esquina al dobla a Moctezuma ",Boulevard Isidro Fabela 1102,"19.30939128892813,-99.64521081939648",La Maquinita,Carlos Hank Y Los Frailes
5285,Cancelado,2025-09-20 10:39:36,2025-12-30 13:46:47,"Toda ",Calle Manuel Ávila Camacho,"19.329094539131688,-99.57202729202068",San Pedro Totoltepec,San Miguel Totoltepec
5271,Resuelto,2025-09-19 18:27:32,2025-12-30 10:46:18,"toda la calle 5 de mayo hasta el panteón de San Lorenzo Tepaltitlán está igual ya no se puede ni pasar ",5 de Mayo 407,"19.3124173,-99.61170369999999",San Lorenzo Tepaltitlan,San Isidro
5270,Cancelado,2025-09-19 18:23:47,2025-10-02 22:19:13,"ya los baches están muy profundos los carros se han descompuesto por lo mismo ",Calle Libertad 222,"19.312868899999998,-99.6118953",San Lorenzo Tepaltitlan,San Isidro
5269,Resuelto,2025-09-19 18:21:34,2025-12-28 14:50:26,"enfrente de la capilla vieja de San Isidro en el rincón de San Lorenzo Tepaltitlán ",Calle Libertad 222,"19.312868899999998,-99.6118953",San Lorenzo Tepaltitlan,San Isidro
5265,Cancelado,2025-09-19 16:19:40,2025-12-29 17:47:37,calle con  baches d diferentes dimensiones,Francisco Villa 50250,"19.241992,-99.63509169999999",San Felipe Tlalmimilolpan,La Venta
5263,Cancelado,2025-09-19 16:05:42,2025-12-29 17:47:15,calle con  baches de diferentes dimensiones que afectan a los automovilistas,Francisco Villa 50250,"19.241992,-99.63509169999999",San Felipe Tlalmimilolpan,La Venta
5262,Resuelto,2025-09-19 15:17:19,2025-12-15 18:15:47,"la calle sor Juana Inés de la Cruz se encuentra en mal estado y requiere bacheo, se ubica entre la calle Emiliano Zapata y Mariano Matamoros, como referencia está un campo de fútbol rápido.",Sor Juana Inés de La Cruz 5382,"19.3501565,-99.5961119",San Mateo Otzacatipan,San José Guadalupe Otzacatipan
5259,Cancelado,2025-09-19 13:39:17,2025-09-25 18:32:43,"Bache de gran magnitud ",Boulevard Industria Minera,"19.302702711329253,-99.61667529388714",Santa Ana Tlapaltitlan,Buena Vista
5258,Cancelado,2025-09-19 13:21:31,2025-12-29 18:25:08,"Casi enfrente de los tacos Jaimes, todo ese pedazo está repleto de baches y
",Calle Lago San Andrés 209,"19.272326880163785,-99.67765104743089",Seminario 2 De Marzo,Seminario Cuarta Sección Ii
5257,Resuelto,2025-09-19 13:17:14,2025-12-03 11:27:15,"Está en ",Calle Lago de Sayula 606,"19.272293688905034,-99.67698889691394",Seminario Conciliar,Seminario El Parque
5256,Resuelto,2025-09-19 13:13:39,2025-09-20 13:12:02,"Está casi en la esquina, frente a negocio de fletes.",Calle Lago de Sayula 407,"19.273876241043506,-99.67672530777364",Seminario 2 De Marzo,Seminario Cuarta Sección Ii
5255,Resuelto,2025-09-19 13:13:38,2025-10-30 12:34:21,"Está casi en la esquina, frente a negocio de fletes.",Calle Lago de Sayula 407,"19.273876241043506,-99.67672530777364",Seminario 2 De Marzo,Seminario Cuarta Sección Ii
5244,Resuelto,2025-09-19 04:43:28,2025-09-20 13:07:16,"frente a la tienda Gersa se encuentra está calle ya en malas condiciones del tramo que comprende de Tollocan hacia José María Pino Suárez en la delegación de Santa Ana  Tlapaltitlan provocando el deterioro de los vehículos ya que existen más de 10 baches con longitud de 1 metro y otros aún más grandes  ",Ignacio Zaragoza 501,"19.2864497,-99.62911109999999",Santa Ana Tlapaltitlan,Pino Suarez
5243,Resuelto,2025-09-19 02:17:30,2025-09-20 13:06:16,"aun lado  de la gasolinera y aún costado de azulejos Gersa.
",Calle Mariano Matamoros 9,"19.2856526,-99.63015899999999",Santa Ana Tlapaltitlan,Pino Suarez
5241,Cancelado,2025-09-18 22:40:15,2025-12-30 13:46:32,"la calle está entre paseo tollocan y pino Suárez 
toda la calle está con hoyos 
está de referencia una gasolinera Pemex y Gersa",Santa Ana Tlapaltitlán,"19.2864057,-99.62927239999999",Santa Ana Tlapaltitlan,Pino Suarez
5229,Resuelto,2025-09-18 18:26:31,2025-09-20 12:56:13,Toda la calle palma cuenta con baches,Mz 10 Lt 10,"19.3102874002541,-99.58431259977263",San Pedro Totoltepec,Manzana Sur
5230,Resuelto,2025-09-18 18:26:31,2025-09-20 12:58:05,Toda la calle palma cuenta con baches,Mz 10 Lt 10,"19.3102874002541,-99.58431259977263",San Pedro Totoltepec,Manzana Sur
5228,Resuelto,2025-09-18 18:26:30,2025-09-20 12:55:14,Toda la calle palma cuenta con baches,Mz 10 Lt 10,"19.3102874002541,-99.58431259977263",San Pedro Totoltepec,Manzana Sur
5227,Resuelto,2025-09-18 18:25:55,2026-01-06 12:31:57,Toda la calle palma cuenta con baches,Mz 10 Lt 10,"19.3102874002541,-99.58431259977263",San Pedro Totoltepec,Manzana Sur
5223,Resuelto,2025-09-18 16:20:42,2026-01-06 13:11:25,"afuera del número 146 de la calle María Isabel col unidad victoria Toluca ",Ma. Isabel 148,"19.271115299999998,-99.6356684",Santa María De Las Rosas,Unidad Victoria
5222,Resuelto,2025-09-18 16:03:36,2025-09-20 12:38:01,"El bache se encuentra en calle Independiencia, casi esquina con Lombardo Toledano. Es del tamaño del ancho de la calle, es peligroso para vehículos y peatones ",Calle Independencia 103,"19.3088279,-99.59086529999999",Santa María Totoltepec,Arboledas
5220,Resuelto,2025-09-18 15:34:41,2026-01-06 14:44:50,"esta calle ya tiene un hoyo del tamaño de la calle, es una calle pequeña pero de doble sentido y cuando llueve es muy feo pasar por que los carros pegan muy fuerte, agradezco su apoyo ",Calle Rancho Independencia 104,"19.309232299999998,-99.5908979",Santa María Totoltepec,Arboledas
5219,Resuelto,2025-09-18 15:26:45,2025-12-30 19:16:08,"la calle Albert Einstein tiene poco que hicieron una inversión para reencarnar, sin embargo se volvió a generar un hoyo muy grande que ocupa ambos carriles y eso dificulta el paso en ambos sentidos, agradecerimos mucho su apoyo",Paseo Vicente Lombardo Toledano 4810,"19.3058689,-99.6047045",San Mateo Otzacatipan,Vicente Lombardo
5218,Resuelto,2025-09-18 15:21:14,2025-12-30 19:30:53,"la calle que tiene poco de que la remoderaron tiene 2 hoyos muy profundos donde es complicado pasar en ambos sentidos, eso genera tráfico y se han pinchado llantas ",Calle Alberto Einstein 17,"19.3033705,-99.6062834",Santa Ana Tlapaltitlan,Buena Vista
5216,Resuelto,2025-09-18 12:25:12,2025-12-15 18:15:11,"en la calle zaragoza has unos baches enormes que impiden el paso de los carros y se ponchas las llantas por consecuencias de los desperfectos de la calle que esta a un costado de la gasolinera servicio mite ",Ignacio Zaragoza,"19.286543299999998,-99.62873979999999",Santa Ana Tlapaltitlan,Pino Suarez
5215,Resuelto,2025-09-18 12:21:11,2025-12-15 18:14:49,pinché calles de la chingada no se puede trancitar,Ignacio Zaragoza,"19.286543299999998,-99.62873979999999",Santa Ana Tlapaltitlan,Pino Suarez
5214,Cancelado,2025-09-18 12:07:05,2025-10-02 18:31:15,"se encuentra entre el semáforo de av industria automotriz y Alfredo nobel, favor de darle prioridad ya que hemos tenido varios accidentes de que se van automóviles a los baches y ya es difícil de sacar los autos ",Via Alfredo del Mazo 608,"19.308075799999997,-99.63069349999999",San Lorenzo Tepaltitlan,El Mogote
5213,Resuelto,2025-09-18 09:32:47,2025-12-30 10:45:59,calle llena de baches centrales,General Francisco Villa 5031,"19.273923,-99.6504396",Universidad,Universidad
5211,Cancelado,2025-09-18 09:17:20,2025-09-24 14:08:38,"Calle Sor Juana Ines de la Cruz hay muchos baches en toda la calle, están bien profundos , esta en avenida Revolucion y entre la calle Leoana Vicario , en la entrada de la calle hay una tienda ",Sor Juana Inés de La Cruz,"19.352154650210064,-99.61694584938103",San Cristobal Huichochitlan,San José Guadalupe
5209,Resuelto,2025-09-18 09:02:29,2025-09-18 11:21:26,"Bache justo en la esquina de la calle, tienes que reducir la velocidad demasiado y genera mucho tráfico
",Avenida Cuauhtémoc 312,"19.303219896690333,-99.59152674376476",Santa Maria Totoltepec,Del Centro
5208,Resuelto,2025-09-18 09:02:26,2025-09-18 11:24:24,"Bache justo en la esquina de la calle, tienes que reducir la velocidad demasiado y genera mucho tráfico",Avenida Cuauhtémoc 312,"19.303219896690333,-99.59152674376476",Santa Maria Totoltepec,Del Centro
5207,Resuelto,2025-09-18 08:20:28,2025-12-30 10:45:39,"Sobre la calle presa Malpaso dos hoyos muy grandes, frente a la casa #100 ",Presa Malpaso 100,"19.2773891,-99.6389509",San Sebastian,Comisión Federal De Electricidad
5196,Resuelto,2025-09-17 20:58:22,2025-12-30 10:45:22,"Toda la calle está llena de baches ",Ignacio zaragoza,"19.286701104099624,-99.62891080942728",Santa Ana Tlapaltitlan,Pino Suarez
5194,Resuelto,2025-09-17 20:44:24,2025-12-15 18:14:24,"bache enorme con secuelas en autos y autobuses ",Ignacio Zaragoza,"19.286543299999998,-99.62873979999999",Santa Ana Tlapaltitlan,Pino Suarez
5193,Resuelto,2025-09-17 20:24:32,2025-12-15 18:14:04,Toda la calle esta llena de baches,Ignacio Zaragoza,"19.2867782,-99.6288773",Santa Ana Tlapaltitlan,Pino Suarez
5192,Resuelto,2025-09-17 19:22:49,2025-12-03 11:52:45,frente a una casa de dos pisos construida en block sin pintura y frente a un lote baldío,Querétaro 140,"19.3274336,-99.64583",San Cristobal Huichochitlan,San Salvador Ii
5190,Resuelto,2025-09-17 16:40:20,2025-12-30 10:45:05,minado por completó todo el tramo con baches grandes y profundos,Jesús Reyes Heroles 240,"19.269613,-99.6975095",San Buenaventura,Alameda 2000
5189,Resuelto,2025-09-17 16:30:05,2025-12-15 18:13:43,"baches enormes a un costado de la gasolinera ",Ignacio Zaragoza,"19.286543299999998,-99.62873979999999",Santa Ana Tlapaltitlan,Pino Suarez
5181,Resuelto,2025-09-17 14:02:18,2025-12-15 18:13:21,calle con  baches de diferentes dimensiones,Doctor Alfonso Alarcón Esquivel 14,"19.2245559,-99.6677691",Santiago Tlacotepec,Cristo Rey
5178,Resuelto,2025-09-17 12:41:11,2025-12-05 14:37:39,"desde Silverio Pérez y Ponciano díaz la calle Carlos Arruza está llena de baches aquí conté 20 baches ",Lorenzo García 301,"19.3699477,-99.5855504",Sauces,Villas Santín I
5177,Resuelto,2025-09-17 12:33:40,2025-12-30 10:44:48,"Bache de gran profundidad ",Calle Miguel Hidalgo 851A,"19.302757427341774,-99.62196594069431",Santa Ana Tlapaltitlan,Buena Vista
5176,Resuelto,2025-09-17 12:33:37,2025-09-18 12:42:54,"Bache de gran profundidad ",Calle Miguel Hidalgo 851A,"19.302757427341774,-99.62196594069431",Santa Ana Tlapaltitlan,Buena Vista
5175,Resuelto,2025-09-17 12:31:19,2025-12-30 10:43:48,desde san Pablo hasta Carlos Arruza la calle llena de baches conté 200 baches rellenos algunos con cascajo,Silverio Pérez 136,"19.3706873,-99.5824184",Sauces,Villas Santín I
5174,Cancelado,2025-09-17 12:25:02,2025-10-02 22:57:38,desde Av las partidas hasta Silverio Pérez la calle san Pablo está llena de baches así como en las fotos todos tierra y cascajo que los vecinos han ido tirando para rellenar los baches,San Gabriel 200,"19.3728573,-99.58105549999999",Sauces,Villas Santín I
5170,Resuelto,2025-09-17 10:42:25,2025-11-05 11:16:33,"Múltiples baches sobre la calle referida ",Privada Primera Cuauhtémoc 14,"19.25752107942376,-99.70313468957289",Cacalomacan,El Arenal
5168,Cancelado,2025-09-17 10:27:36,2025-10-02 15:07:48,"Bache sobre la calle Cacalomacán, esquina con Alberto García ",Calzada Pemex del Pacífico 30,"19.257446649056444,-99.69694892885133",Cacalomacan,El Arenal
5162,Resuelto,2025-09-16 21:34:45,2025-12-30 19:43:36,"Es un bache frente a una papelería de toldo rojo, el bache ya tiene tiempo, se está haciendo más grande por las lluvias y está a un costado del kinder Gustavo Baz Prada en la calle de jazmín. también hay otro en la esquina de dalias al lado de la tortillería. Ambos baches se estan haciendo más grandes.",Jazmín 100E,"19.2488831,-99.6342112",Metropolitana,Las Margaritas
5161,Resuelto,2025-09-16 21:25:18,2025-12-30 19:15:30,"entronque con Alberto Einstei ",Paseo Vicente Lombardo Toledano 4810,"19.3058689,-99.6047045",San Mateo Otzacatipan,Vicente Lombardo
5154,Cancelado,2025-09-16 17:27:54,2025-12-30 13:44:21,Hay un bache enorme sobre isidro fabela que le provoco daños a mi moto,Carretera Federal 134 835,"19.3008631,-99.64202039999999",Árbol De Las Manitas,Huitzila Y Doctores
5152,Resuelto,2025-09-16 16:18:11,2025-12-30 19:14:19,"Serie de baches frente a negocio de tacos “La FLama” ",Paseo Vicente Lombardo Toledano 58,"19.305737927314148,-99.60428320572493",San Mateo Otzacatipan,Vicente Lombardo
5151,Resuelto,2025-09-16 16:09:17,2025-12-30 19:13:22,"Hay una serie ",Calle Albert Einstein 397,"19.305583546628025,-99.60473079004011",San Mateo Otzacatipan,Vicente Lombardo
5149,Resuelto,2025-09-16 13:50:26,2025-09-17 05:49:53,"Calle con múltiples baches ",Calle Toluca 23,"19.36598593885182,-99.60212405244823",San Andrés Cuexcontitlán,San Diego De Los Padres I
5148,Cancelado,2025-09-16 13:50:19,2025-12-30 13:41:12,"Calle con múltiples baches ",Calle Toluca 23,"19.36598593885182,-99.60212405244823",San Andrés Cuexcontitlán,San Diego De Los Padres I
5147,Resuelto,2025-09-16 13:50:05,2025-09-17 10:59:35,"Calle con múltiples baches ",Calle Toluca 23,"19.36598593885182,-99.60212405244823",San Andrés Cuexcontitlán,San Diego De Los Padres I
5145,Resuelto,2025-09-16 13:11:55,2025-12-30 17:13:03,"hay varios baches no solo es uno ",Calle Mariano Matamoros 1023,"19.2774488,-99.6561766",Universidad,Universidad
5143,Cancelado,2025-09-16 11:32:05,2025-12-30 13:40:18,frente alos azulejos,Ignacio Zaragoza 501,"19.2864361,-99.62915559999999",Santa Ana Tlapaltitlan,Pino Suarez
5142,Cancelado,2025-09-16 11:25:17,2025-12-30 13:40:04,"las calle es muy transitada y no le dan mantenimiento 
",Ignacio Zaragoza 501,"19.2864497,-99.62911109999999",Santa Ana Tlapaltitlan,Pino Suarez
5141,Cancelado,2025-09-16 11:21:42,2025-12-30 13:39:52,aun costado dela gasolinería servicio mite,Avenida Paseo Tollocan 804,"19.286543299999998,-99.62873979999999",Santa Ana Tlapaltitlan,Pino Suarez
5140,Cancelado,2025-09-16 11:18:26,2025-12-30 13:39:39,"tiene muchos baches la calle ",Ignacio Zaragoza 501,"19.2864361,-99.62915559999999",Santa Ana Tlapaltitlan,Pino Suarez
5139,Cancelado,2025-09-16 11:07:13,2025-12-30 13:39:25,la calle está en muy malas condiciones para trancitar,Santa Ana Tlapaltitlán,"19.2864057,-99.62927239999999",Santa Ana Tlapaltitlan,Pino Suarez
5138,Cancelado,2025-09-16 11:06:16,2025-12-30 13:39:13,"bache en toda la calle zaragoza desde tollocan a pino suarez ",Santa Ana Tlapaltitlán,"19.2864057,-99.62927239999999",Santa Ana Tlapaltitlan,Pino Suarez
5134,Cancelado,2025-09-16 10:04:55,2025-12-30 13:39:02,"un bache demasiado grande, y se oculta con las lluvias y se vuelve muy peligroso por su profundidad y sean dañado autos ",Valentín Gómez Farías 1202,"19.285131399999997,-99.6675325",Ciudad Universitaria,San Bernardino
5131,Resuelto,2025-09-15 18:04:09,2025-12-30 19:32:23,"Los baches se encuentran entre la fábrica Aceros prime y un terreno baldío. ",Calle Albert Einstein 73,"19.303742714037117,-99.60589356730077",Santa Ana Tlapaltitlan,Buena Vista
5130,Resuelto,2025-09-15 16:58:02,2025-09-24 13:13:45,La calle está totalmente destruida no se puede circular es urgente que hagan añgo,Avenida Independencia,"19.31511757987196,-99.59516132947762",San Mateo Otzacatipan,La Floresta
5126,Resuelto,2025-09-15 14:45:42,2025-12-30 19:24:49,"baches gigantes frente a conjunto urbano ahuehuetes  ",Paseo Tollocan,"19.287613159931837,-99.58642565654552",Santa Maria Totoltepec,Paseo Totoltepec
5125,Resuelto,2025-09-15 14:40:15,2025-12-30 19:24:24,frente al tianguis el piojo,Paseo Tollocan,"19.287515816900513,-99.58642565654552",Santa Maria Totoltepec,Paseo Totoltepec
5121,Resuelto,2025-09-15 12:54:44,2025-12-30 19:25:10,Bache a mitad de  la calle frente a terreno valdio casi a la altura de una bodega,Calle Prolongación Paseo Totoltepec 411,"19.290114,-99.58629479999999",Santa Maria Totoltepec,Paseo Totoltepec
5119,Resuelto,2025-09-15 12:50:53,2025-12-30 19:25:44,"Bache grande y profundo a un costado del piojo ",Calle Prolongación Paseo Totoltepec 11,"19.2895148,-99.58631690000001",Santa Maria Totoltepec,Paseo Totoltepec
5118,Resuelto,2025-09-15 12:47:56,2025-12-30 19:26:13,"Baches grandes y profundos junto a fraccionamiento Ahuehuetes ",Calle Prolongación Paseo Totoltepec 7,"19.2888379,-99.58634669999999",Santa Maria Totoltepec,Paseo Totoltepec
5116,Resuelto,2025-09-15 09:09:02,2025-09-24 13:19:38,"En medio de la calle Priv. De Pino Suárez , se encuentra una tienda, dando vuelta de una calle pavimentada, ya que al dar la vuelta se encuentra casi un socavón intransitable ",Sonora 87,"19.343519999999998,-99.6426678",San Cristobal Huichochitlan,San Gabriel
5114,Resuelto,2025-09-15 07:52:25,2025-09-15 12:45:19,"Entrada principal a la comunidad de San Miguel Totoltepec,  a un costado de la Bonafont,  la calle empieza frente a la fábrica Firmenich y termina hasta pasando la delegación de la comunidad. 
Esta calle es la mas transitada, el año pasado se metió el drenaje si embargo se ha observado que se ha estado hundiendo y representa un peligro para los transeúntes ",Manuel Ávila Camacho 1489,"19.3300827,-99.5720808",San Pedro Totoltepec,San Miguel Totoltepec
5105,Resuelto,2025-09-14 16:25:17,2025-12-30 19:36:57,"Bache enfrente de una casa color crema con dos zaguanes blancos, los baches se encuentran en una calle transitada ya que en la esquina de la misma se encuentra la escuela 
Tenochtitlán 


",Calle Duraznos 11,"19.320453236417325,-99.5697824120685",San Pedro Totoltepec,Nueva San Francisco
5106,Resuelto,2025-09-14 16:25:17,2025-09-15 11:36:36,"Bache enfrente de una casa color crema con dos zaguanes blancos, los baches se encuentran en una calle transitada ya que en la esquina de la misma se encuentra la escuela 
Tenochtitlán 


",Calle Duraznos 11,"19.320453236417325,-99.5697824120685",San Pedro Totoltepec,Nueva San Francisco
5103,Resuelto,2025-09-14 16:25:16,2025-09-15 11:36:56,"Bache enfrente de una casa color crema con dos zaguanes blancos, los baches se encuentran en una calle transitada ya que en la esquina de la misma se encuentra la escuela 
Tenochtitlán 


",Calle Duraznos 11,"19.320453236417325,-99.5697824120685",San Pedro Totoltepec,Nueva San Francisco
5104,Resuelto,2025-09-14 16:25:16,2025-09-15 11:37:30,"Bache enfrente de una casa color crema con dos zaguanes blancos, los baches se encuentran en una calle transitada ya que en la esquina de la misma se encuentra la escuela 
Tenochtitlán 


",Calle Duraznos 11,"19.320453236417325,-99.5697824120685",San Pedro Totoltepec,Nueva San Francisco
5102,Resuelto,2025-09-14 16:25:08,2025-09-15 11:37:41,"Bache enfrente de una casa color crema con dos zaguanes blancos, los baches se encuentran en una calle transitada ya que en la esquina de la misma se encuentra la escuela 
Tenochtitlán 


",Calle Duraznos 11,"19.320453236417325,-99.5697824120685",San Pedro Totoltepec,Nueva San Francisco
5101,Resuelto,2025-09-14 16:25:00,2025-12-30 19:36:32,"Frente a casa #30 entre las calles fresnos y chabacanos, referencia camioneta verde parada en la calle",Calle Duraznos 32,"19.32080490788486,-99.56968747032874",San Pedro Totoltepec,Nueva San Francisco
5100,Resuelto,2025-09-14 16:24:58,2025-09-15 12:31:10,"Frente a casa #30 entre las calles fresnos y chabacanos, referencia camioneta verde parada en la calle",Calle Duraznos 32,"19.32080490788486,-99.56968747032874",San Pedro Totoltepec,Nueva San Francisco
5099,Resuelto,2025-09-14 16:24:52,2025-09-15 12:30:56,"Frente a casa #30 entre las calles fresnos y chabacanos, referencia camioneta verde parada en la calle",Calle Duraznos 32,"19.32080490788486,-99.56968747032874",San Pedro Totoltepec,Nueva San Francisco
5098,Resuelto,2025-09-14 16:24:48,2025-09-15 12:30:41,"Frente a casa #30 entre las calles fresnos y chabacanos, referencia camioneta verde parada en la calle",Calle Duraznos 32,"19.32080490788486,-99.56968747032874",San Pedro Totoltepec,Nueva San Francisco
5096,Resuelto,2025-09-14 16:24:41,2025-09-15 12:30:23,"Frente a casa #30 entre las calles fresnos y chabacanos, referencia camioneta verde parada en la calle",Calle Duraznos 32,"19.32080490788486,-99.56968747032874",San Pedro Totoltepec,Nueva San Francisco
5097,Resuelto,2025-09-14 16:24:41,2025-09-15 12:30:07,"Frente a casa #30 entre las calles fresnos y chabacanos, referencia camioneta verde parada en la calle",Calle Duraznos 32,"19.32080490788486,-99.56968747032874",San Pedro Totoltepec,Nueva San Francisco
5091,Resuelto,2025-09-14 08:54:10,2025-09-15 12:38:11,"bachesprofundo a lo largo de la calle   ",Calle Libertad 36,"19.2960899,-99.61536269999999",Santa Ana Tlapaltitlan,Buena Vista
5090,Resuelto,2025-09-14 08:49:27,2025-12-30 10:43:25,en medio y aun costado de la calle baches,Calle Libertad 39,"19.296197799999998,-99.61486389999999",Santa Ana Tlapaltitlan,Buena Vista
5086,Cancelado,2025-09-13 15:07:23,2025-12-30 13:33:23,"Baches en toda la calle de Puebla especialmente frente a una estética y una embotelladora de agua.
",Calle Puebla 116,"19.27122423804465,-99.64506777661947",Santa María De Las Rosas,Santa María De Las Rosas
5085,Cancelado,2025-09-13 13:37:10,2025-12-30 13:33:03,"5 baches sobre calle Independencia, frente a la Base de Taxis llamada ""Real"" , justo frente a casa habitación 316, portón café y frente a casa de ladrillos, hay árboles  sobre la banqueta. ",Calle Independencia 318,"19.2517647,-99.66077020000002",Capultitlán,San Isidro Labrador
5082,Cancelado,2025-09-13 12:48:33,2025-12-30 13:32:50,"En la esquina entre en libertad y benito Juárez, detrás de una casa de adobe ,y frente a un terreno baldío
",Benito Juárez García 280,"19.3384723,-99.6380609",San Cristobal Huichochitlan,San Gabriel
5075,Cancelado,2025-09-12 17:39:10,2025-12-30 13:32:39,"frente a pizzas azteca a un costado de la finca rústica ",Calle Progreso 15,"19.3103421,-99.5730722",San Pedro Totoltepec,Manzana Sur
5071,Resuelto,2025-09-12 15:43:08,2025-12-30 10:43:00,"El bache es una tubería de suministro de agua la cual fue reparada pero no tapada se encuentra frente a una casa color amarillo con una cortina de nehlgocio color verde a un costado a esquina de Critonmbal Olmedo y Quintana Roo se encuentra un edificio de color beige en la parte superior y abajo una casa de color mamey con café  ",Calle Andrés Quintana Roo Norte 515,"19.295046199999998,-99.6628544",Barrios Tradicionales,San Miguel Apinahuizco
5070,Resuelto,2025-09-12 15:39:09,2025-09-17 10:16:06,"Frente al pozo de agua y al parque del pozo de agua 










",Calle Valle de Toluca 1,"19.25497177363622,-99.6525229984268",Capultitlán,Paseos Del Valle
5057,Cancelado,2025-09-12 15:39:08,2025-09-24 13:30:08,"Frente al pozo de agua y al parque del pozo de agua 










",Calle Valle de Toluca 1,"19.25497177363622,-99.6525229984268",Capultitlán,Paseos Del Valle
5058,Cancelado,2025-09-12 15:39:08,2025-09-24 13:29:49,"Frente al pozo de agua y al parque del pozo de agua 










",Calle Valle de Toluca 1,"19.25497177363622,-99.6525229984268",Capultitlán,Paseos Del Valle
5059,Resuelto,2025-09-12 15:39:08,2025-09-17 10:15:06,"Frente al pozo de agua y al parque del pozo de agua 










",Calle Valle de Toluca 1,"19.25497177363622,-99.6525229984268",Capultitlán,Paseos Del Valle
5060,Resuelto,2025-09-12 15:39:08,2025-09-17 10:15:36,"Frente al pozo de agua y al parque del pozo de agua 










",Calle Valle de Toluca 1,"19.25497177363622,-99.6525229984268",Capultitlán,Paseos Del Valle
5061,Cancelado,2025-09-12 15:39:08,2025-09-24 13:26:47,"Frente al pozo de agua y al parque del pozo de agua 










",Calle Valle de Toluca 1,"19.25497177363622,-99.6525229984268",Capultitlán,Paseos Del Valle
5062,Resuelto,2025-09-12 15:39:08,2025-09-24 13:22:06,"Frente al pozo de agua y al parque del pozo de agua 










",Calle Valle de Toluca 1,"19.25497177363622,-99.6525229984268",Capultitlán,Paseos Del Valle
5063,Resuelto,2025-09-12 15:39:08,2025-09-17 10:13:14,"Frente al pozo de agua y al parque del pozo de agua 










",Calle Valle de Toluca 1,"19.25497177363622,-99.6525229984268",Capultitlán,Paseos Del Valle
5064,Resuelto,2025-09-12 15:39:08,2025-09-17 10:13:47,"Frente al pozo de agua y al parque del pozo de agua 










",Calle Valle de Toluca 1,"19.25497177363622,-99.6525229984268",Capultitlán,Paseos Del Valle
5065,Resuelto,2025-09-12 15:39:08,2025-09-17 10:14:19,"Frente al pozo de agua y al parque del pozo de agua 










",Calle Valle de Toluca 1,"19.25497177363622,-99.6525229984268",Capultitlán,Paseos Del Valle
5066,Resuelto,2025-09-12 15:39:08,2025-09-17 10:12:37,"Frente al pozo de agua y al parque del pozo de agua 










",Calle Valle de Toluca 1,"19.25497177363622,-99.6525229984268",Capultitlán,Paseos Del Valle
5067,Resuelto,2025-09-12 15:39:08,2025-09-17 10:11:51,"Frente al pozo de agua y al parque del pozo de agua 










",Calle Valle de Toluca 1,"19.25497177363622,-99.6525229984268",Capultitlán,Paseos Del Valle
5068,Resuelto,2025-09-12 15:39:08,2025-09-17 10:11:00,"Frente al pozo de agua y al parque del pozo de agua 










",Calle Valle de Toluca 1,"19.25497177363622,-99.6525229984268",Capultitlán,Paseos Del Valle
5069,Resuelto,2025-09-12 15:39:08,2025-10-07 14:04:51,"Frente al pozo de agua y al parque del pozo de agua 










",Calle Valle de Toluca 1,"19.25497177363622,-99.6525229984268",Capultitlán,Paseos Del Valle
5055,Resuelto,2025-09-12 15:05:47,2025-10-07 14:02:31,"Frente a privada de paseos del valle 2 y 3



",Calle Paseos del Valle,"19.25579099170077,-99.65188669312377",Capultitlán,Paseos Del Valle
5054,Resuelto,2025-09-12 14:58:39,2025-10-29 14:51:54,Frente  a purificadora de agua,Calle José Antonio Albarrán Sur 1B,"19.257187231666176,-99.65026399843073",Capultitlán,Paseos Del Valle
5053,Resuelto,2025-09-12 14:54:35,2025-09-17 09:24:24,"Frente a papelería ",Calle José Antonio Albarrán Sur 616,"19.256478407467885,-99.65019861245491",Capultitlán,Paseos Del Valle
5052,Resuelto,2025-09-12 14:54:29,2025-10-29 14:57:45,"Frente a papelería ",Calle José Antonio Albarrán Sur 616,"19.256478407467885,-99.65019861245491",Capultitlán,Paseos Del Valle
5048,Resuelto,2025-09-12 11:45:50,2025-12-15 18:12:56,"CALLE IGNACIO ZARAGOZA EXACTAMENTE A LA ALTURA SE LA GASOLINERA PEMEX
 YA ES INTRANSITABLE",Calle Ignacio Zaragoza 36,"19.285961101246563,-99.6288463107621",Santa Ana Tlapaltitlan,Pino Suarez
5047,Resuelto,2025-09-12 11:37:08,2025-10-20 14:47:28,"frente a tortillería y recaudaría ",Avenida V. Guerrero 67,"19.2523682,-99.70396760000001",Cacalomacan,Del Centro
5044,Resuelto,2025-09-12 10:41:29,2025-09-12 12:28:59,en la incorporación de laguna del volcán a Tollocan y a paseo vicente guerrero,Avenida Paseo Tollocan 1057,"19.274707799999998,-99.6689038",Seminario Las Torres,Seminario San Felipe De Jesús
5041,Resuelto,2025-09-12 08:33:07,2025-09-17 13:45:08,"bache frente al tianguis el piojo,frente a la miscelánea la patroncita ,aun costado del fraccionamiento ahuehuetes ",Avenida Paseo Tollocan 9,"19.2876455,-99.5845301",Santa Maria Totoltepec,Paseo Totoltepec
5040,Resuelto,2025-09-12 08:29:06,2025-09-12 12:34:05,"frente al fraccionamiento ahuehuetes,y farmacia similares,hasta el tianguis el piojo ",Avenida Paseo Tollocan 9,"19.2876455,-99.5845301",Santa Maria Totoltepec,Paseo Totoltepec
5039,Resuelto,2025-09-12 08:11:33,2025-10-27 13:02:41,"enfrente de cafetería boboo pop ",Avenida Benito Juárez Garcia Sur 903,"19.2785083,-99.6538267",Universidad,Universidad
5038,Resuelto,2025-09-12 07:05:47,2025-12-30 10:42:42,"Esquina de Albert Einstein con Vicente lombardo toledano
Totalmente destruido, imposible pasar sin cruzar los baches 
A un costado de tacos árabes ",Calle Albert Einstein 397,"19.305679452667555,-99.60480862805812",San Mateo Otzacatipan,Vicente Lombardo
5037,Resuelto,2025-09-12 07:02:34,2025-12-30 10:42:17,"Coladera y bache que cubre todo un carril, a un 100 mts de la entrada de acero prime ",Calle Albert Einstein 73,"19.303045318715927,-99.60618284167221",Santa Ana Tlapaltitlan,Buena Vista
5032,Cancelado,2025-09-11 18:31:25,2025-09-11 18:37:53,"Es prueba ",Carretera Federal 15 307,"19.2900583,-99.6510278",Centro Histórico,Santa Clara
5031,Resuelto,2025-09-11 18:21:58,2025-12-04 14:50:54,"Al lado del deportivo del poder judicial ",Calle Hombres Ilustres 700A,"19.316944135097376,-99.6182744016488",San Lorenzo Tepaltitlan,San Angelín
5029,Resuelto,2025-09-11 17:13:52,2025-11-27 16:53:39,"Baches sobre calle Valladolid y Guanajuato, se encuentran en deplorables condiciones causando accidentes ya que son calles doble sentido como referencia se encuentra el gym kraken y edificio gris con azul en la esquina también los fraccionamientos villas fontana ",Calle Guanajuato 624,"19.299032602382933,-99.63681147632846",Independencia,Independencia
5028,Resuelto,2025-09-11 17:11:34,2025-12-28 14:47:32,"en el cruce de emiliano zapata y la calle sor juana ines de la cruz ",Emiliano Zapata 877,"19.3485104,-99.5971004",San Mateo Otzacatipan,San José Guadalupe Otzacatipan
5027,Resuelto,2025-09-11 17:05:14,2025-11-27 16:54:42,"Se encuentra serie de baches que hacen que los carros realicen maniobras los cuales ya causaron accidentes ya que la calle es de doble sentido se encuentra justo enfrente del edificio de color azul con gris como referencia está enfrente el gym kraken ",Calle Guanajuato 229,"19.299137669581647,-99.63698554856882",Independencia,Independencia
5024,Resuelto,2025-09-11 14:34:41,2025-12-28 14:47:07,"La calle Ignacio Zaragoza a un costado de la gasolinera Pemex llamada Super servicio Mite, frente a Torres Bicentenario no se puede transitar, 
ya que se encuentra en pésimas condiciones.
on ",Calle Ignacio Zaragoza 34–36,"19.286528749558872,-99.62884803196675",Santa Ana Tlapaltitlan,Pino Suarez
5020,Resuelto,2025-09-11 12:39:48,2025-11-21 12:47:25,"Calle Fresno de la Col. La Arboleda II, tiene muchos baches.
300 familias afectadas ",Alamo Norte 114,"19.3116297,-99.591506",Santa María Totoltepec,Arboledas
5019,Resuelto,2025-09-11 12:01:43,2025-12-28 14:46:42,"la calle se encuentra gravemente afectada entre la calle puerto de Acapulco y san Isidro, afectando también gravemente a las tapas de las coladeras resultando en agujeros hacia el sistema de drenaje dónde fácilmente caen los autos y podría caer una persona también. Hay señalización provisional puesta por los vecinos. ",Puerto de Acapulco 37,"19.312162,-99.61312629999999",San Lorenzo Tepaltitlan,Rincón De San Lorenzo
5018,Resuelto,2025-09-11 11:22:07,2025-11-06 13:30:25,"Calle Independencia. Muchos baches muy profundos. afecta a 450 familias ",Calle Independencia 3,"19.3086433,-99.59083369999999",Santa María Totoltepec,Arboledas
5014,Resuelto,2025-09-11 10:26:40,2025-10-20 12:18:34,"múltiples baches,  enfrente del Templo de San Martin de Porres uñ",Urawa 334,"19.282435,-99.6373902",San Sebastian,Izcalli Ipiem
5013,Resuelto,2025-09-11 10:04:04,2025-10-30 15:17:16,baches enorme en la esquina de cedro esquina con trueno sesde hace meses. Es imposible transitar en la colonia.,Trueno 143,"19.3050525,-99.6390969",La Maquinita,Tlacopa
5012,Resuelto,2025-09-11 09:59:56,2025-10-30 15:16:17,"frente a la casa del número 143 y la cocina económica la cocinita en la colonia Tlacopa, toda la calle de  Trueno esta llena de baches desde hace meses.
",Trueno 143,"19.3050525,-99.6390969",La Maquinita,Tlacopa
5010,Resuelto,2025-09-11 08:53:55,2025-12-30 10:40:46,"Bache profundo y ancho. Sobre Filiberto Navas, casi esquina con Ex Hda. de Tlalpan. Fracc Ex Hda San Jorge ",Calle Ex Hacienda de Tlalpan 23–24,"19.294191117098432,-99.6946444126985",San Mateo Oxtotitlan,San Jorge
5009,Cancelado,2025-09-11 08:28:05,2025-12-29 18:27:20,a mitad de calle agustin millan,Calle General Agustín Millán 1112,"19.2982682,-99.6734578",Sánchez,La Teresona Iii
5008,Resuelto,2025-09-11 08:17:20,2025-12-15 18:12:27,"Es en la esquina. de la calle. Benito Juárez con Carretera Naucalpan Toluca. esta vialidad es usada por varios. peatones y estancias infantiles así como escuelas secundarias y primaria. ",Benito Juárez 33,"19.3472999,-99.5926233",San Mateo Otzacatipan,San José Guadalupe Otzacatipan
5002,Resuelto,2025-09-10 17:55:47,2025-11-28 16:47:47,"Urge bacheo en toda la calle , los baches ya son cráteres y llegaron al drenaje . Está imposible pasar ",Calle Lázaro Cárdenas 117,"19.296382601504302,-99.63139856017918",Independencia,San Juan Buenavista
4997,Resuelto,2025-09-10 16:57:16,2025-10-25 12:52:52,Ya no es bache es zanja,Calle Valentín Gómez Farías 400,"19.28527843928071,-99.6574519142835",Centro Histórico,Francisco Murguía (el Ranchito)
4994,Cancelado,2025-09-10 15:10:51,2025-09-23 14:40:09,"Entre las copias y las tortas ",Calle Cristóbal Colón,"19.34606976848176,-99.62457764229828",San Andrés Cuexcontitlán,Santa Rosa
4993,Cancelado,2025-09-10 15:07:18,2025-12-30 13:30:15,Enfrente de la carnicería  y hacia la calle Gustavo Baz ya los baches abarcan todo lo ancho de la calle Gustavo,Calle Cristóbal Colón,"19.346040716024888,-99.62457764229828",San Andrés Cuexcontitlán,Santa Rosa
4992,Cancelado,2025-09-10 15:04:19,2025-09-24 13:57:15,"Enfrente de la tortillería ",Calle Guillermo Prieto 100,"19.346146112487116,-99.62457764229828",San Andrés Cuexcontitlán,Santa Rosa
4991,Cancelado,2025-09-10 15:01:32,2025-09-24 13:57:45,"Hay una tienda en la esquina de la calle ",Calle Cristóbal Colón,"19.346130015264684,-99.62457764229828",San Andrés Cuexcontitlán,Santa Rosa
4990,Resuelto,2025-09-10 15:00:05,2025-12-15 18:11:59,"es recamoertamiento de de la calle continuación de Alfonso Alarcón desde 16 de septiembre asta Vicente Guerrero ",Ignacio Zaragoza 34,"19.2228103,-99.6628537",San Juan Tilapa,Lázaro Cárdenas
4989,Cancelado,2025-09-10 14:58:50,2025-09-24 13:58:46,"Una cuadra antes de llegar a la iglesia ",Calle Cristóbal Colón,"19.34607429237271,-99.62457764229828",San Andrés Cuexcontitlán,Santa Rosa
4988,Cancelado,2025-09-10 14:55:56,2025-09-24 13:59:01,"A un costado de la secundaria técnica ",Calle Cristóbal Colón,"19.346080535920308,-99.62457764229828",San Andrés Cuexcontitlán,Santa Rosa
4987,Cancelado,2025-09-10 14:54:05,2025-09-24 13:59:46,"A un costado de la secundaria técnica ",Calle Cristóbal Colón,"19.346027354137888,-99.62457764229828",San Andrés Cuexcontitlán,Santa Rosa
4986,Cancelado,2025-09-10 14:52:36,2025-09-24 14:00:05,"A un costado de la secundaria técnica ",Calle Cristóbal Colón,"19.346048473045247,-99.62457764229828",San Andrés Cuexcontitlán,Santa Rosa
4985,Cancelado,2025-09-10 14:48:45,2025-09-24 14:00:26,"Antes de llegar a la calle de la secundaria técnica ",Calle Cristóbal Colón,"19.34605318070966,-99.62457764229828",San Andrés Cuexcontitlán,Santa Rosa
4984,Cancelado,2025-09-10 14:47:06,2025-09-24 14:00:52,"Antes de llegar a la calle de la secundaria técnica ",Calle Cristóbal Colón,"19.34603498560826,-99.62457764229828",San Andrés Cuexcontitlán,Santa Rosa
4983,Cancelado,2025-09-10 14:44:51,2025-09-24 14:01:11,"Existen 8 baches más en esta área ",Calle Cristóbal Colón,"19.345951607613955,-99.62457764229828",San Andrés Cuexcontitlán,Santa Rosa
4981,Cancelado,2025-09-10 14:42:28,2025-09-24 14:01:34,"Existen 10 baches en esta área ",Calle Cristóbal Colón,"19.346067238227057,-99.62457764229828",San Andrés Cuexcontitlán,Santa Rosa
4980,Cancelado,2025-09-10 14:40:43,2025-09-24 14:02:15,"A un costado de los rótulos ",Calle Cristóbal Colón,"19.346073157885673,-99.62457764229828",San Andrés Cuexcontitlán,Santa Rosa
4979,Cancelado,2025-09-10 14:37:57,2025-09-24 14:02:41,"Existen 5 baches más en la misma área ",Calle Cristóbal Colón,"19.346078150130634,-99.62457764229828",San Andrés Cuexcontitlán,Santa Rosa
4978,Resuelto,2025-09-10 14:35:19,2025-10-30 16:51:44,"Hacía la calle 8 de diciembre existe un bacheé de mayor tamaño ",Calle Cristóbal Colón,"19.346003225309705,-99.62457764229828",San Andrés Cuexcontitlán,Santa Rosa
4977,Resuelto,2025-09-10 14:30:53,2025-10-30 16:53:30,"Esta sección de la calle presenta 10 baches seguidos de gran tamaño y profundidad ",Calle Cristóbal Colón,"19.346081980501925,-99.62457764229828",San Andrés Cuexcontitlán,Santa Rosa
4976,Resuelto,2025-09-10 14:25:42,2025-10-30 16:58:09,"Presenta 8 baches seguidos los cuales abarcan lo ancho de la calle Cristóbal Colón ",Calle Cristóbal Colón,"19.346053614731716,-99.62457764229828",San Andrés Cuexcontitlán,Santa Rosa
4975,Resuelto,2025-09-10 14:22:55,2025-10-30 17:00:15,"La calle Cristóbal Colón presenta en una longitud de 30 mts innumerables baches ",Calle Coacalco 50,"19.363198314827248,-99.61743251103334",San Andrés Cuexcontitlán,San Diego De Los Padres Ii
4973,Cancelado,2025-09-10 13:39:56,2025-09-10 13:45:42,Prueba,Avenida de La Independencia 201D,"19.291853517518643,-99.65593992825644",Centro Histórico,Centro
4960,Resuelto,2025-09-10 10:56:33,2025-12-16 23:23:08,"Toda la avenida Prado Sur necesita atención urgente, se encuentra llena de baches."," Delegación Santa María Totoltepec","19.2989103,-99.593671",Santa Maria Totoltepec,El Olimpo
4953,Resuelto,2025-09-10 08:32:46,2025-10-28 11:07:23,"Vinieron a reparar una fuga de agua y dejaron abierto y ya no regresaron ",Calle Aztecas 217,"19.297830724303,-99.66019126611327",Barrios Tradicionales,El Cóporo
4947,Cancelado,2025-09-09 21:06:13,2025-09-10 09:40:12,Esto es una prueba Mobzilla,Rosas 1,"19.3143392,-99.5655062",San Pedro Totoltepec,La Galia
4946,Cancelado,2025-09-09 20:08:35,2025-09-10 09:40:03,Pruebas mobzilla,Villa del Mar 17A,"19.6688552,-99.163089",,
4941,Resuelto,2025-09-09 16:30:02,2025-11-06 14:11:14,"A unos pasos del pozo de Valle Don Camilo ",Calle Montes Apalaches,"19.2757248359905,-99.63689502475782",San Sebastian,Valle Don Camilo
4919,Resuelto,2025-09-08 19:08:27,2025-12-28 14:46:05,Enfrente del domicilio Pueblo Nuevo 27,Calle Pueblo Nuevo,"19.222941483176317,-99.671713240082",Santiago Tlacotepec,El Calvario
4916,Resuelto,2025-09-08 17:45:46,2025-12-30 10:40:23,"Atrás de la gasolinera G500 
antes de llegar a la avenida
5 de mayo 
",Avenida Oriente México 704A,"19.282667665870566,-99.64432665911684",Universidad,Américas
4909,Cancelado,2025-09-08 15:14:14,2025-12-29 17:46:25,Frente a Médica San Miguel y a un historial d,Calle Oriente Instituto Literario 408,"19.285946198069905,-99.6487767372706",Centro Histórico,5 De Mayo
4899,Resuelto,2025-09-07 17:38:39,2025-12-30 10:39:59,"Entre las calles El Salvador y Nicaragua, cerca de la empresa Seguritec
",Avenida Oriente México 502,"19.28228421885881,-99.64584372116424",Universidad,Américas
4898,Resuelto,2025-09-07 17:36:21,2025-12-30 10:39:24,"A unos pasos del Hospital México
",Avenida Oriente México 502,"19.28237792042561,-99.64582719539162",Universidad,Américas
4896,Resuelto,2025-09-07 14:56:17,2025-12-30 10:38:50,"Esquina con Vicente lombardo, enfrente de bodeguita ",Calle Albert Einstein 401,"19.298547445144784,-99.60811609783656",Santa Ana Tlapaltitlan,Buena Vista
4895,Resuelto,2025-09-07 14:07:26,2025-10-20 12:06:35,"esquina urawa con Tollocan toda la calle está llena de baches ",Urawa 101,"19.2836794,-99.63739350000002",San Sebastian,Izcalli Toluca
4894,Resuelto,2025-09-07 13:24:08,2025-12-28 14:45:40,"Esquina de la Primaria Juan Escutia y tercera privada de Juan Escutia, encontrará unos locales comerciales como recauderia, tienda de abarrotes.",Calle Juan Escutia 97,"19.2988145,-99.69237799999999",San Mateo Oxtotitlan,Niños Héroes I
4893,Resuelto,2025-09-07 12:18:34,2025-10-28 19:36:30,"La calle de Urawa esquina con Tollocan de lado De la Iglesia de san Martín ",Calle Solidaridad las Torres,"19.271621571690513,-99.63730969347581",Santa María De Las Rosas,Nueva Santa María De Las Rosas
4892,Resuelto,2025-09-07 12:05:31,2025-09-08 09:43:00,Frente a las canchas de futbol,Calle de Las Partidas 112,"19.32073997827309,-99.54738938546444",El Cerrillo Vista Hermosa,El Cerrillo
4891,Resuelto,2025-09-07 11:35:39,2025-12-28 14:45:01,"desde clínica dental Heath y hasta el oxxo esta lleno de baches ",Luis Procuna 100,"19.3707271,-99.5822159",Sauces,Villas Santín I
4889,Resuelto,2025-09-07 09:43:34,2025-11-06 12:24:01,"en la esquina de paseo de las haciendas y paseo las yucas, las sauces III, se encuentran dos baches ",Paseo de las Haciendas MZ8L31,"19.3602311,-99.5916886",Sauces,Sauces Iii
4870,Cancelado,2025-09-06 15:21:52,2025-12-29 18:24:39,"Bacheo ",Calle Mexicaltzingo 105,"19.297074543186188,-99.6682443722548",Sánchez,Sector Popular
4867,Cancelado,2025-09-06 14:02:47,2025-10-02 23:01:54,"Justo en la esquina de San Gabriel y San Pablo junto a un Oxxo, y a una pollería ",San Gabriel 200,"19.3728573,-99.58105549999999",Sauces,Villas Santín I
4865,Resuelto,2025-09-06 13:14:30,2025-11-22 09:50:21,"frente a la lonja mercantil Carlitos ",Diego Rivera 235,"19.3063628,-99.64867439999999",Santiago Miltepec,Miltepec Centro
4864,Resuelto,2025-09-06 13:02:42,2025-12-30 10:38:29,"en el cruce de las calles de Diego Rivera y Adolfo López Mateos, frente a la empresa de seguridad privada, pasando el super kompras micro",Boulevard Lic. Adolfo López Mateos 36,"19.305384699999998,-99.6476515",La Maquinita,Los Ángeles
4859,Resuelto,2025-09-06 08:02:09,2025-12-12 11:51:00,"hola buenos días,espero se encuentren excelente,le comparto las fotos de la colonia la cruz comalco,que están muy feas y necesitan ser arregladas ojalá pronto lo hagan porque cada día están peor, (a ver si siendo más amables hacen caso) ",Alberto Einstein 10,"19.3167594,-99.6129591",San Lorenzo Tepaltitlan,La Cruz Comalco
4851,Cancelado,2025-09-05 17:59:24,2025-09-17 22:21:34,"es una prueba ",Ignacio López Rayon 301C,"19.2926374,-99.6530224",Centro Histórico,Santa Clara
4850,Cancelado,2025-09-05 17:19:55,2025-09-08 09:16:23,"Es una prueba 
",Calle Mariano Matamoros 115,"19.288864673400074,-99.6561341504874",Centro Histórico,Centro
4847,Resuelto,2025-09-05 15:00:05,2025-10-29 17:44:53,baches frente a la telesecundaria son 9 baches,Calle José Clark Flores 508,"19.2632487,-99.6605783",Moderna De La Cruz,Moderna De La Cruz Ii
4843,Resuelto,2025-09-05 13:30:06,2025-11-12 13:52:02,"calle con múltiples baches requiere de mantenimiento ",Libertad 210,"19.227198599999998,-99.67045329999999",Santiago Tlacotepec,Shigande
4835,Resuelto,2025-09-05 13:16:17,2025-09-08 09:13:43,Lleno de baches toda la calle desde prevista hasta geo san mateo toda la calle esta llena de hoyos.,Independencia 924,"19.316803,-99.59504969999999",San Mateo Otzacatipan,La Floresta
4834,Cancelado,2025-09-05 13:06:30,2025-12-29 17:45:59,"Enfrente a una tienda están entre las calles nevado de Toluca ",Calle Parque Molino de Flores Norte 205,"19.284406627402973,-99.69140706175146",Adolfo López Mateos,Parques Nacionales I
4833,Cancelado,2025-09-05 12:31:21,2025-12-29 17:36:42,"Se identificó un bache de gran magnitud, se encara enfrente de una carnicería",Boulevard Industria Minera,"19.301679210979913,-99.61563606883632",Santa Ana Tlapaltitlan,Buena Vista
4829,Cancelado,2025-09-05 11:03:58,2025-09-05 11:40:20,Esto es una prueba mobzilla,Calle Solidaridad las Torres,"19.274243493235694,-99.62251140215045",Santa Ana Tlapaltitlan,Independencia
4825,Resuelto,2025-09-05 09:40:52,2025-10-31 14:48:42,Baches en toda la calle Tierra y Libertad desde Filiberyto Navas hasta España,Calle Tierra y Libertad 1245,"19.292849099999998,-99.6931468",San Mateo Oxtotitlan,Tierra Y Libertad
4824,Resuelto,2025-09-05 09:36:55,2025-12-15 18:11:36,"En la calle Ignacio López, cerca de la base Agencia hay un bache énorme que causa problemas a la comunidad, al tener estancamiento de agua y dañar vehículos",Calle Ignacio López Rayón 124,"19.3596488,-99.6573308",San Pablo Autopan,Santa María Tlachaloyita
4818,Resuelto,2025-09-04 17:22:49,2025-10-20 12:21:29,"Frente a Casart y Servicios administrativos. 
Enfrente de la iglesia San Martín de Porres.",Calle Urawa,"19.280051444980877,-99.63751846933702",San Sebastian,Progreso
4814,Resuelto,2025-09-04 11:59:57,2025-10-27 11:43:20,"por la Aurrerá ",Cda Constituyentes 59,"19.254025199999997,-99.7032497",Cacalomacan,Del Centro
4813,Resuelto,2025-09-04 11:56:46,2025-10-20 15:01:13,Se identificó un bache enfrente de una entrada con portón negro,Avenida Vicente Guerrero 73,"19.252401285991812,-99.70385687435014",Cacalomacan,Del Centro
4811,Resuelto,2025-09-04 11:46:44,2025-10-20 14:42:47,Se identificó un bache que se ubica enfrente de una tortillería,Avenida Vicente Guerrero 314,"19.248862178002824,-99.7042563558553",Cacalomacan,Del Centro
4809,Resuelto,2025-09-04 10:34:57,2025-12-02 10:23:55,"Son 3 Baches, uno se encuentra como a un metro o menos dando vuelta de la calle av jesús Carranza, los otros dos están frente a mi domicilio es un edificio azul sobre la calle bosque de encinos, cabe mencionar que todo el circuito en bosques de pinos toda la calle está llena de baches, sería conveniente repavimentar todo el circuito y que se encuentra en muy mal estado",Bosque de Encinos 112,"19.259393799999998,-99.6590421",Moderna De La Cruz,Bosques De Colón
4808,Resuelto,2025-09-04 10:15:06,2025-12-30 10:37:59,"a un costado del expendio PM ",José María Heredia 104,"19.262299199999998,-99.70756",San Antonio Buenavista,José María Heredia
4806,Cancelado,2025-09-04 09:58:40,2025-09-05 10:40:51,Esto es una prueba Mobzilla,Calle Andrés Quintana Roo Norte 522,"19.2835124,-99.6626842",Centro Histórico,Francisco Murguía (el Ranchito)
4803,Resuelto,2025-09-04 09:35:11,2025-10-29 14:49:02,Toda j lo a calle mixtli requiere bacheo,Calle Mextli 114,"19.25778796379907,-99.64377238104517",San Felipe Tlalmimilolpan,Jardines De San Pedro
4802,Resuelto,2025-09-04 09:30:52,2025-10-29 15:03:48,"Esa calle tiene un buen de baches ",Calle José Antonio Albarrán Sur 615A,"19.25916656796012,-99.64972196408327",Del Parque,Azteca
4801,Resuelto,2025-09-04 09:23:06,2025-12-28 14:44:36,"Absolutamente toda la calle esta bacheada
Más que parches se requieren trabajos de re encarpetamiento además de desasolve de drenaje en esta colonia el agua subió ayer 3-09-2025 hasta 80-100 cms ",Calle Cerezas 7,"19.321934740984492,-99.5688674329749",San Pedro Totoltepec,Nueva San Francisco
4771,Cancelado,2025-09-03 11:13:18,2025-09-03 11:32:04,Esto es una prueba Mobzilla,Circuito Lic. Adolfo López Mateos Sur 204,"19.300480399999998,-99.65024729999999",La Maquinita,Rancho La Mora
4765,Cancelado,2025-09-03 10:32:49,2025-12-30 13:29:44,"Pues ya voy por mi sexto reporte y nadamás no hacen nada,y pues la verdad como no hacen caso en facebook y me borran los comentarios de la evidencia que les estoy mostrando aquí también,pues ahora si lo haré diario
y bueno,creo que su mapeo o lo que hagan para ""validar"" si la calle si requiere arreglo está demasiado mal porque con ese carro ya van 3 que por la culpa de los baches de ustedes se descomponen y claro uno tiene que sacar de su dinero para arreglarlo,que esperan? que este horrible la calle,que de verdad ya no se pueda pasar en lo absoluto o más accidentes para que ya vayan?, ya les dije dejen de preocuparse por calles que nada que ver, esa calle es principal porque pasen muchos carros motos camiones tráiler de todo, si es una colonia y quizá por eso no le dan la verdadera importancia como a  calles del centro de Toluca pero esas no están tan mal como estás,ya pónganse pilas y hagan su trabajo como debe ser",Alberto Einstein 120,"19.317271299999998,-99.61353729999999",San Lorenzo Tepaltitlan,La Cruz Comalco
4759,Resuelto,2025-09-03 08:37:11,2025-10-27 15:24:27,"toda la calle esta llena de baches grandes, la glorieta esta destruida, urge! y su aplicación pide la ubicación y luego hay que poner la dirección??? es paso diario y con tráfico.",Calle Eduardo Monroy Cárdenas Calle Eduardo Monroy Cárdenas,"19.269451099999998,-99.70419749999999",San Buenaventura,Alameda 2000
4758,Resuelto,2025-09-03 07:22:09,2025-10-03 18:04:04,calle con muchos baches de gran tamaño que ya han creado varias ponchaduras de llantas,Calle Prolongación Paseo Totoltepec 3482,"19.287869399999998,-99.5863112",Santa Maria Totoltepec,Paseo Totoltepec
4748,Resuelto,2025-09-02 19:29:58,2025-12-01 12:48:20,en frente de la entrada a gimnasio adolfo lopez mateos Uaemex,Calle Mariano Matamoros 1015B,"19.2780149,-99.6562083",Universidad,Universidad
4745,Resuelto,2025-09-02 17:55:36,2025-09-02 18:09:51,"No son baches, son cráteres, justo donde hubo promesa de reparar la calle entre bodega Aurrera y Farmacia del ahorro ",Paseo Vicente Lombardo Toledano 343,"19.3088889,-99.5860663",Santa Maria Totoltepec,Del Centro
4741,Cancelado,2025-09-02 14:56:59,2025-12-29 17:36:14,"Enfrente del parque 18 de marzo, en la calle Porfirio Diaz",General Porfirio Díaz 508,"19.263603000000003,-99.6515077",Del Parque,Del Parque Ii
4738,Resuelto,2025-09-02 13:53:13,2025-10-03 16:07:35,"En toda la calle de Las Arboledas. Se encuentran baches, los cuales causen un tráfico y peligro para los peatones, ya que se encuentra ya muy deteriorada. La AV no solo al inicio sino. Toda la avenida de Las Arboledas 
",Jardínes de la Crespa,"19.3068511,-99.6071367",San Mateo Otzacatipan,Jardines De La Crespa
4736,Resuelto,2025-09-02 13:13:30,2025-11-18 17:25:00,calle con diferentes baches de gran dimensión,Evaristo Jiménez 16,"19.2224297,-99.65935069999999",San Juan Tilapa,Centro
4731,Resuelto,2025-09-02 11:06:55,2025-12-30 10:37:38,"Si identifico un bache de gran tamaño sobre el lugar referido, por lo temporada de lluvias en ocasiones en bache no se percibe ",Paseo Vicente Lombardo Toledano 77,"19.306245743931086,-99.6068265081624",Santa Ana Tlapaltitlan,Buena Vista
4725,Resuelto,2025-09-02 08:22:02,2025-12-30 10:37:12,"Sobre la calle de Aretusa, esquina Eritia
Una conglomeración de baches que abarcan 
Toda la calle ",Calle Eritia 5,"19.31468330282836,-99.59250894807461",San Mateo Otzacatipan,La Floresta
4723,Resuelto,2025-09-02 08:15:51,2025-10-02 12:28:31,"Una serie de baches rellenos con piedras 
Frente al fraccionamiento Anzures 
Y frente al oxxo y la farmacia similares
Sobre avenida independencia entre Jazmin y Aretusa",Avenida Independencia 399,"19.31411018282636,-99.59531842430836",San Mateo Otzacatipan,La Floresta
4724,Resuelto,2025-09-02 08:15:51,2025-09-02 10:41:48,"Una serie de baches rellenos con piedras 
Frente al fraccionamiento Anzures 
Y frente al oxxo y la farmacia similares
Sobre avenida independencia entre Jazmin y Aretusa",Avenida Independencia 399,"19.31411018282636,-99.59531842430836",San Mateo Otzacatipan,La Floresta
4721,Resuelto,2025-09-02 07:34:10,2025-12-11 12:18:47,se solicita el bacheo de la calle San Salvador todo de enfrente de la escuela profesor Miguel Hinojosa Giles en la entrada principal del turno matutino es donde solicitamos ya que por ahí salen niños y tenemos baches un poquito con con situaciones peligrosas por su comprensión gracias,República del Salvador 840,"19.3280095,-99.63400899999999",San Cristobal Huichochitlan,La Trinidad Ii
4720,Resuelto,2025-09-02 06:15:51,2025-12-29 18:35:38,urge reparar ya está ponchando llantas y golpeando los carros porque se van de lado,Lago Texcoco 843,"19.272778,-99.68071139999999",Seminario 2 De Marzo,Seminario Cuarta Sección Ii
4719,Cancelado,2025-09-02 02:13:16,2025-09-02 10:26:57,Prueba Mobzilla,Boulevard Toluca-Metepec 505,"19.25768478135211,-99.62622183189637",,
4709,Resuelto,2025-09-01 18:28:16,2025-10-29 14:33:31,"Enfrente del portón blanco y la recaudaría 
",Calle de La Barranca 202,"19.305371916629802,-99.64049358888423",La Maquinita,Tlacopa
4708,Resuelto,2025-09-01 18:20:33,2025-12-15 18:10:46,Calle llena de baches profundos más de 15 en la misma zona,Paseo de Caoba,"19.299148700078884,-99.59316192047412",Santa Maria Totoltepec,El Olimpo
4707,Resuelto,2025-09-01 17:13:27,2025-10-27 14:33:46,"Se encuentran cuatro baches seguidos abarcando la calle independencia ",Calle González Ortega,"19.356427894765854,-99.62055007365824",San Andrés Cuexcontitlán,San Andrés
4706,Resuelto,2025-09-01 17:09:27,2025-10-20 15:12:10,"El bache abarca casi la totalidad de la calle independencia y la mitad de la calle González Ortega ",Calle González Ortega 100,"19.359906755823264,-99.62038198644228",San Andrés Cuexcontitlán,San Andrés
4703,Cancelado,2025-09-01 15:54:53,2025-12-28 15:37:31,"es una calle de terracería entrada principal al pueblo de san Carlos ",Independencia Poniente 204,"19.414523199999998,-99.6808763",San Cayetano Morelos,Cerrillo Piedras Blancas
4700,Cancelado,2025-09-01 13:11:59,2025-12-29 18:24:11,calle con múltiples  baches de diferentes dimensiones que afectan el paso peatonal y vehicular,Cerrada del Correo 59,"19.225737,-99.66841199999999",Santiago Tlacotepec,Shigande
4698,Resuelto,2025-09-01 12:54:32,2025-09-01 13:29:03,Existe un bache del ancho de 2 carriles de la vialidad,Calle Convento de Murcia,"19.36983441681198,-99.5622096402332",San Pedro Totoltepec,San Blas
4696,Resuelto,2025-09-01 12:48:29,2025-11-12 14:01:41,calle deteriorada con múltiples baches de diferentes disensiones,Santiago Tlacotepec,"19.2285747,-99.67291279999999",Santiago Tlacotepec,Del Centro
4695,Resuelto,2025-09-01 12:23:28,2025-09-01 12:47:22,"Debido a que la constructor del parque industrial en construcción tapó el drenaje pluvial, el encharcamiento y el constante tránsito de vehículos pesados esta completamente dañada la carpeta asfaltica",Carretera Toluca-Naucalpan 1500,"19.375543,-99.5575365",San Pedro Totoltepec,San Blas
4691,Resuelto,2025-09-01 11:13:17,2025-10-02 12:50:54,"Una serie de baches contiguos 
Abarcan casi todo el espesor de la calle
Y dificultan el tránsito ",Mz 9 Lt 9,"19.312686043766295,-99.58588001591667",Santa María Totoltepec,Arboledas
4690,Resuelto,2025-09-01 11:07:30,2025-12-28 14:42:12,"Un bache longitudinal que abarca 
Media calle 
En la esquina de la privada José Gálvez
Sobre avenida independencia ",Calle José de Gálvez 4,"19.312241064409413,-99.58506273376341",Santa María Totoltepec,Arboledas
4689,Resuelto,2025-09-01 10:54:02,2025-12-12 13:21:24,"En la esquina de avenida la palma y calle
Independencia a unos metros de la escuela 
Y la purificadora Aqua clyva dos
Baches enormes se fusionan haciendo el tránsito 
Complicado ",5a. Mz Lt 10,"19.312226042679296,-99.58438512514773",Santa María Totoltepec,Arboledas
4688,Resuelto,2025-09-01 10:48:44,2025-12-12 13:22:23,"Una serie de baches sobre paseo de la palma
De más de 1.5m de ancho frente a la ferretería y surtidora de agua",Calle La Palma 6,"19.31188965969052,-99.5843584061097",San Pedro Totoltepec,Manzana Sur
4687,Resuelto,2025-09-01 10:38:57,2025-12-12 13:17:05,"Una serie de socavones de más de 1.5m de ancho 
Sobre calle de la palma 
Frente al hornito de TOTO 
Y la cremeria ",Avenida San Jerónimo 140,"19.291290182449753,-99.59410861106035",Santa Maria Totoltepec,El Olimpo
4686,Cancelado,2025-09-01 10:33:15,2025-10-07 13:41:58,"Sobre la calle justo garcia flores
A la altura de José iturrigaray 
Una conglomeración de baches ",Avenida San Jerónimo 71,"19.29123033913696,-99.59410861106035",Santa Maria Totoltepec,El Olimpo
4685,Resuelto,2025-09-01 10:26:43,2025-10-07 13:33:37,"En la esquina de prolongación paseo 
Totoltepec y justo garcia flores , rumbo a 
Calle independencia 
Una serie de baches alrededor de una coladera
",Avenida San Jerónimo 140,"19.291529543591206,-99.59410861106035",Santa Maria Totoltepec,El Olimpo
4684,Cancelado,2025-09-01 10:21:18,2025-10-07 13:43:34,"Una serie de socavones
Rellenos con piedras, hacen lento
Difícil y riesgoso el tránsito en el cruce 
De paseo Totoltepec y paseo Vicente lombardo
Frente a la bodega Aurrerá y farmacia del Ahorro ",Avenida San Jerónimo 71,"19.291191659234457,-99.59410861106035",Santa Maria Totoltepec,El Olimpo
4683,Resuelto,2025-09-01 10:11:34,2025-09-01 12:17:17,"Una serie de 5 baches cada uno de 0.5x0.5m
10cm de profundidad. Sobre paseo Vicente lombardo 
En dirección a crespa town, viniendo de paseo Totoltepec 

Obstruyendo prácticamente toda la calle",Avenida San Jerónimo 71,"19.29118787665809,-99.59410861106035",Santa Maria Totoltepec,El Olimpo
4681,Resuelto,2025-09-01 10:04:31,2025-12-23 10:52:41,"En el cruce de calle cuitlahuac y avenida Vicente lombardo
Una serie de baches continuos al mayor de 2.5m x 1m y 1 12cm
12 cm de profundidad ",Avenida San Jerónimo 71,"19.29119430893876,-99.59410861106035",Santa Maria Totoltepec,El Olimpo
4680,Resuelto,2025-09-01 09:54:34,2025-09-01 12:13:53,"Sobre avenida Cuauhtemoc 
En dirección al Olimpo, viniendo de Tollocan
Entre Av prado Sur y Avenida Prado Norte 

5 baches continuos de aproximadamente 1,5m x 1 m
Cada uno. Frente a URIS EL OLIMPO",Avenida San Jerónimo 71,"19.291236363052324,-99.59410861106035",Santa Maria Totoltepec,El Olimpo
4679,Resuelto,2025-09-01 09:50:39,2025-09-01 12:13:11,"Múltiples baches contiguos en el cruce de Av Cuauhtemoc 
Esquina Av Prado Sur, en dirección al
Olimpo, viniendo de Tollocan",Avenida San Jerónimo 71,"19.291233140671963,-99.59410861106035",Santa Maria Totoltepec,El Olimpo
4678,Resuelto,2025-09-01 09:46:03,2025-12-15 18:11:06,"Frente a la barda de FEMSA
Sobre avenida cuauhtemoc 
Dirección al Olimpo viniendo de Tollocan
A 20 metros de la vulcanizadora “De Leon”",Avenida San Jerónimo 71,"19.291215460073804,-99.59410861106035",Santa Maria Totoltepec,El Olimpo
4677,Resuelto,2025-09-01 09:21:52,2025-12-12 14:00:09,"Gran cantidad de baches enfrente al autolavado el Chemita justo en el crucero de las cales Av independencia y frai Servando Teresa de Mier en la delegación san mateo Otzacatipan, la zona se ha vuelto intransitable y se usa un solo carril haciendo peligroso para los peatones el caminar por la zona, lleva muchos meses así y no se reparan los baches ",Calle Fray Servando Teresa de Mier 37,"19.322021788677482,-99.59528186051831",San Mateo Otzacatipan,Geovillas Arboleda
4666,Cancelado,2025-08-31 18:41:48,2025-12-30 13:27:53,"Bache mediano frente al Sams club casi llegando al OXXO 
",Mariano Matamoros 170,"19.3505862,-99.5946188",San Mateo Otzacatipan,San José Guadalupe Otzacatipan
4665,Cancelado,2025-08-31 18:36:39,2025-12-30 13:27:42,"enorme bache frente al Sams club antes del cruce 
",Mariano Matamoros 170,"19.3505862,-99.5946188",San Mateo Otzacatipan,San José Guadalupe Otzacatipan
4662,Cancelado,2025-08-31 13:01:52,2025-12-30 13:27:30,"Son más de 5 baches en frente de portón a acceso  de prepa 5 casi esquina Eriberto Enríquez sobre Ceboruco ",Calle Mextli 116,"19.258110127409477,-99.6439967554807",Del Parque,Azteca
4659,Resuelto,2025-08-31 11:39:18,2025-12-30 18:15:10,"Calle Trueno en la Colonia Tlacopa. Toda la calle está llena de baches. Las fotos de la casa con dirección Trueno 143 esquina con Cedro.
está llena ",Calle Trueno 151,"19.30542779647929,-99.6390922161",La Maquinita,Tlacopa
4652,Cancelado,2025-08-30 18:53:59,2025-12-30 13:26:55,la calle tiene muchos baches. al menos 6 profundos enn1 cuadra,Calle Libertad 114,"19.2926802,-99.6836931",San Mateo Oxtotitlan,Atotonilco
4651,Cancelado,2025-08-30 18:51:08,2025-12-30 13:26:42,la calle tiene muchos baches. y es muy reducida  ya se han ponchado las llantas de varios coches,Calle Libertad 199,"19.292942099999998,-99.6836288",San Mateo Oxtotitlan,Atotonilco
4650,Resuelto,2025-08-30 18:40:05,2025-12-30 22:33:06,En frente de patio San fe,Libertad 18,"19.239162699999998,-99.6434776",San Felipe Tlalmimilolpan,Del Centro
4648,Resuelto,2025-08-30 14:55:33,2025-12-30 19:39:17,"por cremería y lavandería San Pablo ",San Andrés 120,"19.372590199999998,-99.5808414",Sauces,Villas Santín I
4646,Resuelto,2025-08-30 14:49:46,2025-09-01 12:06:48,Escuela Primaria Sor Juana,Avenida Principal Avenida Principal,"19.3921173,-99.5818441",,
4645,Cancelado,2025-08-30 14:45:37,2025-12-30 13:25:49,Baches y Hoyos,San Francisco Javier 124,"19.3720413,-99.5814809",Sauces,Villas Santín I
4643,Resuelto,2025-08-30 14:43:04,2025-12-30 19:38:57,San Pablo esquina San Fco Javier,San Pablo 124 esq,"19.371939899999997,-99.58142310000001",Sauces,Villas Santín I
4642,Resuelto,2025-08-30 13:46:40,2025-12-30 19:38:30,calle principal de entrada a villas Santin por fonda la patrona,San Andrés 124,"19.3726302,-99.5810005",Sauces,Villas Santín I
4641,Resuelto,2025-08-30 13:46:05,2025-12-30 19:38:09,Calle San Pablo antes de llegar a avenida las partidas,San Pablo 200,"19.3726022,-99.5812172",Sauces,Villas Santín I
4640,Resuelto,2025-08-30 13:41:06,2025-12-30 19:37:47,"calle San Pablo por farmacia similares ",San Andrés 124,"19.3726302,-99.5810005",Sauces,Villas Santín I
4639,Resuelto,2025-08-30 13:38:40,2025-12-30 19:37:26,"por Oxxo entrando a Santin por las partidas ",San Andrés 124,"19.3726302,-99.5810005",Sauces,Villas Santín I
4638,Resuelto,2025-08-30 12:09:21,2025-12-30 20:01:52,"Exactamente en la esquina de independencia y la palma hay boquete  aproximadamente 4 metros cuadrados y otros más de similares dimensiones y profundidad de al menos 20 cm; así como en tantos puntos de la ciudad hay hoy en día
",Paseo Vicente Lombardo Toledano 26,"19.308685252976446,-99.58761873690797",Santa Maria Totoltepec,Del Centro
4632,Cancelado,2025-08-30 07:36:48,2025-12-30 13:15:46,"Hay varios baches de 40x50cm, generando ruptura de llantas ",Calle La Vesana 700,"19.253581159422172,-99.65046420156916",Capultitlán,Paseos Del Valle
4630,Resuelto,2025-08-29 18:03:42,2025-09-01 12:04:42,"Se localizan baches en mal estado frente a la iglesia jesus de nazareno ",Calle Volcán de Jorullo 433,"19.26463871607558,-99.63883337345254",,
4629,Resuelto,2025-08-29 18:02:11,2025-12-31 12:35:46,Leyes de reforma y mitla entre la iglesia jesus de nazareth y la panaderia recaroz se encuentran baches,Calle Laguna Encantada 10,"19.267790741729076,-99.63905724541264",Santa María De Las Rosas,Benito Juárez
4628,Resuelto,2025-08-29 17:59:19,2025-12-31 12:34:51,"Demaciados baches en la calle de laguna encantada y leyes de reforma, difícil trancito hacia pino suarez",Calle Laguna Encantada 10,"19.267820249519428,-99.63883579741413",Santa María De Las Rosas,Benito Juárez
4626,Resuelto,2025-08-29 14:16:25,2025-09-01 12:01:29,La calle está prácticamente intransitable por múltiples baches profundos y debido a que se inunda cada vez que llueve,Carretera Naucalpan-Toluca,"19.377234963086238,-99.55539251269678",San Pedro Totoltepec,San Blas
4625,Resuelto,2025-08-29 13:53:54,2025-08-29 18:40:44,"Lateral de la Carretera Toluca-Naucalpan, desde la incorporación para el Libramiento Ruta de la Independencia Bicentenario con dirección a la CDMX ",Río Temascaltepec 1,"19.3755344,-99.5575377",San Pedro Totoltepec,San Blas
4622,Resuelto,2025-08-29 07:38:50,2025-08-29 10:11:44,"Sobre carretera Toluca Naucalpan antes de ingresar a la carretera de Xonacatlán, está lleno de baches, inundado y los autos comienzan a transitar por el camellón esto generará ACCIDENTES FATALES para los peatones y conductores.
",Carretera Toluca-Naucalpan 1500,"19.375543,-99.5575365",San Pedro Totoltepec,San Blas
4621,Resuelto,2025-08-29 06:01:18,2025-08-29 10:09:23,"esquina con continental llantera ",Salvador Díaz Mirón 43,"19.2722005,-99.6304598",,
4618,Resuelto,2025-08-28 19:00:12,2025-11-28 14:58:52,"En el entronque de ambas calles ",Calle 20 de Noviembre 301,"19.29928921367415,-99.6324265977404",Independencia,Independencia
4617,Resuelto,2025-08-28 18:48:33,2025-08-29 10:04:08,"este es mi quinto reporte llevo dos meses y nadamás no la vienen arreglar,me dicen que la lluvia y que la lluvia pero la lluvia nunca se quitará y se preocupan por otras calles nada que ver,de verdad no se vale está horrible la calle y la verdad voy a meter reclamo diario hasta que vengan ya es imposible pasar hagan algo ya urge dejen de preocuparse por otras calles que ni lo necesitan ",Alberto Einstein 176,"19.3167762,-99.612872",San Lorenzo Tepaltitlan,La Cruz Comalco
4616,Resuelto,2025-08-28 18:43:47,2025-12-28 14:41:48,"toda la calle Albert Einstein hasta la salida ",L 28 22,"19.3168312,-99.6129683",San Lorenzo Tepaltitlan,La Cruz Comalco
4611,Resuelto,2025-08-28 16:55:12,2025-08-29 10:01:59,"Gran bache que abarca todo un carril 
De la carretera lateral Toluca- Naucalpan 
Dirección Xonacatlán.
Es imposible visualizar el lugar y más con 
Las lluvias que tapan la profundidad y peligro
Esto es año con año ",Vía José López Portillo,"19.36994873596785,-99.56462516523511",San Pedro Totoltepec,San Blas
4605,Resuelto,2025-08-28 14:08:31,2025-12-30 10:36:47,"Toda la calle de Puebla está hecha una porquería ",Calle Veracruz 104,"19.271093414506367,-99.64646421200827",Santa María De Las Rosas,Santa María De Las Rosas
4602,Resuelto,2025-08-28 13:48:10,2025-10-03 16:49:57,"Los baches, porque en toda la calle, están sobre la calle principal de la entrada. Es la calle de las Arboledas.
De la entrada sobre Vicente Lombardo Toledano pasando por Circuito del Pinar, Camino de los Bosques hasta llegar a Camino de los Huertos.",Praderas del Poniente 10,"19.3078665,-99.6074701",San Mateo Otzacatipan,Jardines De La Crespa
4595,Resuelto,2025-08-28 08:28:12,2025-11-27 15:30:01,Frente al fraccionamiento Villas Fontana 800B,Calle Dolores Hidalgo 1820,"19.29624231989464,-99.637631975501",Independencia,Independencia
4594,Resuelto,2025-08-28 08:24:55,2025-11-27 17:01:38,Existen tres baches profundos en el mismo lugar,Calle Dolores Hidalgo 1830,"19.296171665313828,-99.63678714644963",Independencia,Independencia
4591,Resuelto,2025-08-28 07:37:39,2025-11-27 10:56:49,En el cruce de la calle Guanajuato y Dolores Hidalgo,Calle Dolores Hidalgo 1904,"19.296271639374854,-99.63675180590529",Independencia,Independencia
4579,Cancelado,2025-08-27 17:58:32,2025-12-30 13:12:30,"Baches de enorme dimensión que afectan 
El tránsito, están sobre la lateral dirección
Xonacatlan, frente a fraccionamiento Toscana 
Y hasta el primer puente vehicular en la entrada
De El espino. 
Años padeciendo el mismo problema, el bacheo
No soluciona, es necesario reencarpetar


",Calle Emiliano Zapata 24,"19.36323658229987,-99.56930704424116",San Mateo Otzacatipan,San Nicolás Tolentino Ii
4577,Cancelado,2025-08-27 17:33:13,2025-12-29 17:34:40,"El bache se creó a partir de una un compostura 
Por parte de agua y saneamiento , dicho bache está
Localizado sobre la calle de gramática esquina con 
Prosodia enfrente del pozo de Agua Lodo Prieto y 
En esquina con una casa beige con portón café . ",Calle Gramática 874,"19.276130751522857,-99.68711771088871",San Buenaventura,Cultural
4572,Cancelado,2025-08-27 16:21:37,2025-10-06 18:08:53,"Zanjas ",Privada Primera Privada Filisola 14,"19.264361492515512,-99.69949113964783",San Buenaventura,Alameda 2000
4573,Resuelto,2025-08-27 16:21:37,2025-08-27 16:39:15,"Zanjas ",Privada Primera Privada Filisola 14,"19.264361492515512,-99.69949113964783",San Buenaventura,Alameda 2000
4569,Resuelto,2025-08-27 15:48:25,2025-12-30 10:36:17,"frente a la casa número 101 de color naranja, como a diez metros de la esquina de Colón donde se ubica la óptica ocu plus",Fco. Montejo 104,"19.260401299999998,-99.6617132",Moderna De La Cruz,Moderna De La Cruz Ii
4565,Resuelto,2025-08-27 15:13:13,2025-12-30 10:35:50,"después de abrir la calle por una supuesta fuga los de agua y saneamiento solo lo rellenaron de arena y sigue sin pavimentar llevamos más de 3 meses así y con la lluvia ya se empezó a llevar la tierra y se está haciendo nuevamente el bache

",Pablo Sidar 410,"19.277110699999998,-99.6534519",Universidad,Universidad
4557,Resuelto,2025-08-27 13:13:41,2025-10-03 15:58:38,"Toda la calle de Las Arboledas Se Encuentra 1 pequeño estado desde en frente del negocio Beto burger. Y electrónica Beto, en frente de la tortillería alegría, hasta llegar a la pollería la crespa y panificadora, se encuentran unos Hoyos enormes, los cuales dificultan en toda la avenida El Tránsito Vehicular, lleva más de un año reportándose que se arregle esta vialidad y no hacen caso",Jardínes de la Crespa,"19.3068511,-99.6071367",San Mateo Otzacatipan,Jardines De La Crespa
4556,Resuelto,2025-08-27 11:22:20,2025-12-28 13:52:27,"Frente a cancha futbol rápido Box Park
 Es socavón , se ve profundo el bache ",Calle San Felipe,"19.312379088440117,-99.5625028087722",San Pedro Totoltepec,La Galia
4552,Resuelto,2025-08-27 08:12:26,2025-10-31 14:31:35,Castillo de Chapultepec frente al número 15. En medio de casa gris y casa azul con blanco,Castillo de Chapultepec 204,"19.2995558,-99.6940035",San Mateo Oxtotitlan,Niños Héroes I
4523,Resuelto,2025-08-26 07:07:45,2025-08-26 10:14:01,"Toda la vía del tren Frente a gasolinera, esquina ind automotiz",Boulevard Albert Einstein,"19.296844887728252,-99.61034416799858",Santa Ana Tlapaltitlan,Buena Vista
4486,Resuelto,2025-08-25 15:32:49,2025-08-25 17:47:51,"Calle “El Nevado” junto a calle Calzada Asunción al igual que la calle Gustavo abad Prada ",Calle Gustavo Baz 10,"19.269174117703194,-99.56792996279522",,
4482,Resuelto,2025-08-25 12:39:10,2025-12-30 10:35:23,Frente al Módulo de Policía de la Cruz Comalco,Calpulli s/n,"19.3168498,-99.6139225",San Lorenzo Tepaltitlan,La Cruz Comalco
4469,Resuelto,2025-08-24 19:26:42,2025-12-30 10:34:52,En la esquina de Juan de la Barrera y Fernando Montes de Oca en todo el camino de la calle de los árboles necesita atención,Calle Pino 109,"19.29528931012153,-99.69282016307952",San Mateo Oxtotitlan,Protinbos
4468,Resuelto,2025-08-24 16:07:10,2025-09-02 18:01:31,"frente a centro de salud de Santa María Totoltepec ",Avenida Cuauhtémoc 1672,"19.3037007,-99.58703380000001",Santa Maria Totoltepec,Del Centro
4467,Resuelto,2025-08-24 14:28:06,2025-11-13 17:12:24,"Bache demaciado grande,abarca lo ancho de la calle también hay una coladera que está undiendo y puede ser peligroso se puede ir una persona o algún vehículo ",Calzada de San Luis Obispo 131,"19.299766746348055,-99.65983928905156",Barrios Tradicionales,Unión
4465,Resuelto,2025-08-24 12:02:01,2025-12-30 10:34:26,"incipiente socavón, bache grande",Calle Eduardo Gonzalez y Pichardo 1022,"19.2770127,-99.6644638",Morelos,Morelos Segunda Sección
4459,Cancelado,2025-08-23 22:55:27,2025-12-30 13:14:41,"Presencia de dos baches frente a una bodega ",Naranjos 2474,"19.2895899,-99.5829091",Santa Maria Totoltepec,Coecillo
4455,Resuelto,2025-08-23 15:13:05,2025-09-02 18:00:07,frente a fraccionamiento Los Ahuehuetes,Calle Prolongación Paseo Totoltepec 29,"19.2905022,-99.586528",Santa Maria Totoltepec,Paseo Totoltepec
4453,Resuelto,2025-08-23 12:36:14,2025-10-29 11:03:30,entrando por tres B de guerrero,Independencia 8,"19.2527677,-99.70451729999999",Cacalomacan,Del Centro
4451,Resuelto,2025-08-23 10:56:20,2025-12-28 14:41:11,"favor de no mandar sus mensajes de siempre y dar una respuesta congruente y fecha de solución al deterioro de la calle Miguel Hidalgo ",Miguel Hidalgo y Costilla 518,"19.3556472,-99.6330673",San Andrés Cuexcontitlán,Natividad
4441,Resuelto,2025-08-22 20:23:02,2025-10-28 10:26:13,"En el cruce peatonal, hay presencia de cables dentro del bache ",Paseo Colón 5166,"19.2732503,-99.6598144",Colón,Colón Y Ciprés I
4437,Resuelto,2025-08-22 18:06:48,2025-12-23 10:54:38,"Calle completa horrible ",Paseo Vicente Lombardo Toledano 486,"19.308160763083407,-99.59214966220802",Santa María Totoltepec,Arboledas
4435,Resuelto,2025-08-22 16:15:36,2025-12-28 15:04:44,"Esquina que forma la calle Justo García Flores y Prolongación Paseo Totoltepec, a 15 mts. de Elektra",Calle Justo García Flores,"19.31073684728112,-99.58581499171873",Santa María Totoltepec,Arboledas
4434,Resuelto,2025-08-22 16:14:44,2025-09-23 17:31:07,"privada ",Prevista 4,"19.3142797,-99.59382719999999",San Mateo Otzacatipan,La Floresta
4433,Resuelto,2025-08-22 16:12:30,2025-12-12 13:16:22,Esquina que forma la calle La Palma e Independencia,Calle La Palma 5,"19.312293124209443,-99.58436669885236",San Pedro Totoltepec,Del Panteón
4432,Resuelto,2025-08-22 15:54:33,2025-10-25 11:31:47,"detrás de la farmacia del ahorro que se encuentra sobre Lerdo. Hay dos baches que al momento de arreglar la calle antes de las lluvias, durante el primer trimestre del año, mencionó la cuadrilla que vendría a repararlos al día siguiente, y nunca regresaron, los vecinos lo arreglaron con cemento,.pero ya surgió.un baches nuevo que, como queda en el paso vehicular, salpica a los peatones ",Calle Prol. Tenancingo 200,"19.29263,-99.66408990000001",Sánchez,Sor Juana Inés De La Cruz
4429,Resuelto,2025-08-22 14:48:24,2025-11-12 18:08:45,"cerca de la calle Nezahualcoyotl ",Amado Nervo 100,"19.2824356,-99.63578249999999",San Sebastian,Salvador Sánchez Colín
4428,Resuelto,2025-08-22 12:27:25,2025-12-28 14:40:51,"Necesitamos De Su Apoyo, Ya Que Han Quedado En Mandar A Personal A Evaluar, Y No Ha Venido Nadie, La Calle Esta En Muy Malas Condiciones. "," San Jose Guadalupe Huichochitlan","19.3556511,-99.6096709",San Cristobal Huichochitlan,San José Guadalupe
4427,Resuelto,2025-08-22 11:01:03,2025-11-24 13:17:45,Toda La Avenida Del Trabajo Necesita Mantenimiento (vialidad en gestión para pavimentación),Avenida Del Trabajo 1274,"19.311172100000004,-99.6454361",La Maquinita,"Guadalupe, Club Jardín Y La Magdalena"
4426,Resuelto,2025-08-22 10:58:44,2025-11-24 13:16:30,"Calle Manuel Buendia Tellez Giron Colonia Hank González ",Manuel Buendía Tellez Girón 7B,"19.311203,-99.64569",La Maquinita,Carlos Hank Y Los Frailes
4416,Resuelto,2025-08-22 08:20:32,2025-10-20 14:54:12,"urgente por favor ",Calle Vicente Guerrero 35,"19.254157700000004,-99.7041055",Cacalomacan,Del Centro
4415,Resuelto,2025-08-22 07:40:36,2025-12-28 14:40:31,"seguimos con la calle niños héroes muy bachuda y necesitamos que trabajen en el bacheo, urgente!! ",Juan Escutia 106,"19.3166676,-99.5984557",San Mateo Otzacatipan,Geovillas Arboleda
4413,Resuelto,2025-08-22 06:59:29,2025-12-28 14:40:08,"es la avenida que lleva desde San Lorenzo Tepaltitlán a San Mateo Otzacatipan ",San Mateo 760,"19.3173396,-99.61508289999999",San Lorenzo Tepaltitlan,La Cruz Comalco
4411,Cancelado,2025-08-21 22:32:08,2025-12-30 13:11:58,"Se está haciendo un hoyo tipo socavón en medio de la calle, ya es algo que había pasado y se volvió a abrir el hoyo, ya está bastante profundo ",Calle prolongación General Juan Andrew Almazán Oriente 606,"19.258983657772646,-99.64989497806734",Capultitlán,Paseos Del Valle
4410,Resuelto,2025-08-21 22:08:38,2025-08-25 13:18:19,varios baches en esta calle,Motolinía 313,"19.2868781,-99.6699256",Ciudad Universitaria,San Bernardino
4409,Resuelto,2025-08-21 22:04:38,2025-12-30 17:09:46,Varios baches en esta calle,Motolinía 319,"19.286628999999998,-99.6699699",Ciudad Universitaria,San Bernardino
4406,Cancelado,2025-08-21 21:14:19,2025-12-30 13:11:28,"hola vinieron con maquinaria y echaron material fresado sin terminar mi pregunta es porq dicen que terminaron cuando aún siguen los hoyos está callenibla sm terminado diciendo que aún lo tienen el material fresado pero ya tomaron fotos de otras entidades y se olvidan de esta calle cuando  van a dar la solución completa .y seguimos caminar entre lodo ",José María Morelos y Pavón 60,"19.336451099999998,-99.58635869999999",San Pedro Totoltepec,San Miguel Totoltepec
4404,Cancelado,2025-08-21 20:29:06,2025-08-25 14:48:43,hay un bache,Constitucion 105,"19.291086999999997,-99.656133",Centro Histórico,Centro
4396,Cancelado,2025-08-21 19:27:59,2025-12-30 13:11:16,"todo el camino está en malas condiciones ",Al Refugio 151,"19.2318216,-99.6780855",Santiago Tlacotepec,Santa María
4395,Cancelado,2025-08-21 19:21:42,2025-12-30 13:10:49,Dos cuadras atrás de urgencias del sanatorio Florencia,Calle José María Coss 138,"19.28300370935471,-99.67155503662562",Morelos,Morelos Primera Sección
4393,Cancelado,2025-08-21 19:15:58,2025-08-25 11:01:04,Esto es una prueba Mobzilla Xiaomi redmi note 10s,Calle Francisco I. Madero 9A,"19.310952399999998,-99.62462029999999",San Lorenzo Tepaltitlan,Del Centro
4392,Cancelado,2025-08-21 19:03:26,2025-08-25 11:00:49,Esto es una prueba Mobzilla Xiaomi Redmi,Calle Prolongación 5 de Mayo 2 Oriente 827,"19.279395700000002,-99.6391697",San Sebastian,Progreso
4391,Cancelado,2025-08-21 18:34:29,2025-08-25 14:45:35,bache grande,Ferrocarril Chihuahua 5,"19.3076023,-99.62384829999999",San Lorenzo Tepaltitlan,El Mogote
4390,Cancelado,2025-08-21 18:21:03,2025-12-30 13:10:38,"glorieta centro cultural mexiquense , tec de monterrey ",Camino Real 23,"19.2648789,-99.71035630000002",San Antonio Buenavista,Camino Real
4389,Cancelado,2025-08-21 18:16:46,2025-08-25 14:45:19,un bache muy grande,Valentín Gómez Farías 200,"19.2852993,-99.65269149999999",Centro Histórico,5 De Mayo
4387,Resuelto,2025-08-21 17:34:26,2025-12-30 20:12:58,"hoyos en ese tramo ",Avenida Paseo Totoltepec 1018,"19.304010899999998,-99.5863814",Santa Maria Totoltepec,Del Centro
4386,Resuelto,2025-08-21 17:17:08,2025-08-25 14:28:45,"toda la avenida ",Avenida Paseo Totoltepec 1018,"19.304010899999998,-99.5863814",Santa Maria Totoltepec,Del Centro
4384,Cancelado,2025-08-21 16:40:41,2025-12-30 13:09:15,casi esquina laguna grande,Laguna de Los Gigantes 305,"19.2853863,-99.6823709",Nueva Oxtotitlán,Nueva Oxtotitlán I
4382,Cancelado,2025-08-21 16:05:53,2025-12-30 13:08:58,"por la primaria Juan Escutia ",Calle Juan Escutia 300,"19.299366499999998,-99.69216809999999",San Mateo Oxtotitlan,Centro
4380,Cancelado,2025-08-21 15:59:58,2025-12-30 13:08:38,frente a entrada del Liceo Pedro de Gante,Rinconada de Pino Suárez 116,"19.2871552,-99.64942669999999",Centro Histórico,5 De Mayo
4379,Cancelado,2025-08-21 15:57:08,2025-12-30 13:08:25,"calle comienza frente a guardería del Imss, frente a colegio Liceo Pedro de Gante",Pino Suárez 305,"19.2873248,-99.6498384",Centro Histórico,5 De Mayo
4377,Cancelado,2025-08-21 15:20:20,2025-12-30 13:08:07,"Inicia sobre Pino Suárez y sale a Instituto Literario ",Rinconada de Pino Suárez,"19.286758,-99.6493158",Centro Histórico,5 De Mayo
4376,Cancelado,2025-08-21 15:19:41,2025-12-30 13:01:44,"Hay un socavón que por el momento esta tapado con tierra, no está resuelto el problema. Cabe mencionar que es uná  zona de alta afluencia vehicular.",Paseo General Vicente Guerrero 419,"19.2761675,-99.6687691",Morelos,Federal (adolfo López Mateos)
4374,Cancelado,2025-08-21 15:04:53,2025-12-30 13:01:03,"existen varios baches en toda la calle de Rofolfo Sánchez ",Rodolfo Sánchez 619,"19.2755804,-99.666787",Morelos,Morelos Segunda Sección
4361,Cancelado,2025-08-21 12:09:29,2025-12-30 13:00:46,"Gay un bache en la esquina con la calle Noé Pérez ",Rodolfo Sánchez 617,"19.2755953,-99.6667655",Morelos,Morelos Segunda Sección
4360,Cancelado,2025-08-21 12:06:51,2025-12-30 13:00:34,"Hay tres baches en esta esquina ",Rodolfo Sánchez 601,"19.275617,-99.66596489999999",Morelos,Morelos Segunda Sección
4359,Resuelto,2025-08-21 11:55:25,2025-12-30 10:33:36,"Frente al Oxxo ",Calle General José Antonio Albarrán,"19.25599106396688,-99.6500308125578",San Felipe Tlalmimilolpan,Jardines De San Pedro
4358,Cancelado,2025-08-21 11:53:51,2025-12-30 13:00:01,A un costado del panteón,Calle Mextli 114–118,"19.258032818710554,-99.64485400004052",Del Parque,Azteca
4356,Resuelto,2025-08-21 11:49:40,2025-12-15 18:10:09,"Desde que se pavimentó no han dado mantenimiento al deterioro de la calle, está en muy malas condiciones ya que entran muchos carros pesados, los hoyos son tapados únicamente por los vecinos pero por el gobierno no hay ninguna ayuda ",Calle Josefa Ortiz de Domínguez,"19.353824375780665,-99.60557175526472",San Cristobal Huichochitlan,San José Guadalupe
4355,Resuelto,2025-08-21 11:43:50,2025-12-28 14:39:46,A Lado De Elektra,Justo Garcia Flores Con,"19.3107816,-99.58563869999999",Santa María Totoltepec,Arboledas
4354,Resuelto,2025-08-21 11:41:58,2025-12-23 10:43:49,Por Bodega Aurrera,Calle Prolongación Paseo Totoltepec 5,"19.3116116,-99.58582949999999",Santa María Totoltepec,Arboledas
4353,Resuelto,2025-08-21 10:32:37,2025-12-30 10:32:56," varios baches en la calle  leyes de reforma",Leyes de Reforma 908,"19.267985,-99.6436071",Santa María De Las Rosas,Eva Sámano De López Mateos
4351,Resuelto,2025-08-21 09:49:06,2025-12-28 14:38:18,"a una cuadra de la primaria Juan Escutia ",Calle Juan Escutia 300,"19.299366499999998,-99.69216809999999",San Mateo Oxtotitlan,Centro
4348,Resuelto,2025-08-21 08:50:19,2025-12-09 12:35:04,la toda esta calle esta horrible necesitamos la emparejen y le den mantenimiento  con matetial de buena calidad,Naucalpan 32,"19.317462499999998,-99.6293518",San Lorenzo Tepaltitlan,El Charco
4347,Resuelto,2025-08-21 08:45:25,2025-12-09 12:34:05,toda la calle esta en mal estado necesitamos que la pavimenten,Hombres Ilustres Oriente 202,"19.3169184,-99.62910749999999",San Lorenzo Tepaltitlan,El Charco
4340,Resuelto,2025-08-20 22:33:44,2025-10-02 08:40:42,Demasiados baches que ponen en riesgo el tránsito en la zona  sobre av 18 de marzo,Calle 18 de Marzo 403,"19.29734390150607,-99.66761717748287",Sánchez,Sector Popular
4335,Cancelado,2025-08-20 19:32:29,2025-08-21 20:31:33,"frente a catedral ",Avenida Independencia 48,"19.2919275,-99.6567142",Centro Histórico,Centro
4333,Cancelado,2025-08-20 19:23:32,2025-08-21 20:31:25,"frente a zapatería Morelos ",Hermenegildo Galeana 100,"19.2899594,-99.6571675",Centro Histórico,Centro
4332,Resuelto,2025-08-20 19:09:23,2025-12-30 20:10:32,frente a toks (prueba),Hermenegildo Galeana 305,"19.2860004,-99.65700009999999",Centro Histórico,Francisco Murguía (el Ranchito)
4331,Cancelado,2025-08-20 19:08:37,2025-12-30 12:59:46,"En la esquina del Vips, Hidalgo y Pedro Ascencio ",Avenida Miguel Hidalgo 414,"19.290299299999997,-99.65974969999999",Centro Histórico,La Merced (alameda)
4328,Resuelto,2025-08-20 18:33:23,2026-02-23 10:22:18,"Frente al restaurante casa Venancio (prueba) ",Pedro Ascencio 10,"19.291961699999998,-99.6598581",Centro Histórico,La Merced (alameda)
4327,Resuelto,2025-08-20 18:32:49,2025-11-13 15:07:51,a un costado del Teatro Morelos (Prueba),Pedro Ascencio 107,"19.2916742,-99.6598489",Centro Histórico,La Merced (alameda)
4326,Resuelto,2025-08-20 17:20:57,2025-11-28 16:50:21,"Toda la calle tiene baches muy profundos que están llegando al drenaje ",Calle Lázaro Cárdenas 9,"19.296286377899122,-99.63132030542641",Independencia,San Juan Buenavista
4324,Cancelado,2025-08-20 16:23:57,2025-08-21 09:42:44,Esto es una prueba Mobzilla,Rafael Araujo 109,"19.2883986,-99.6642012",Centro Histórico,La Merced (alameda)
4323,Resuelto,2025-08-20 15:54:08,2025-11-13 14:53:35,frente al banco HSBC,José Vicente Villada 112,"19.2881753,-99.6583436",Centro Histórico,Centro
4322,Resuelto,2025-08-20 15:53:48,2025-12-28 14:37:28,frente a la escuela primaria henry ford,Cerrada Felipe Chávez 4,"19.3092184,-99.57442909999999",San Pedro Totoltepec,Manzana Sur
4321,Resuelto,2025-08-20 15:52:51,2025-11-28 17:17:56,"Baches justo en la esquina ","Toluca, Ferrocarriles Nales y Reforma, Edo. Méx., Avenida Independencia, 1323, 50070","19.29246713949076,-99.63393719334825",Independencia,Reforma Y Ferrocarriles Nacionales (san Juan Bautista)
4320,Resuelto,2025-08-20 15:52:50,2025-08-21 09:51:18,"Baches justo en la esquina ","Toluca, Ferrocarriles Nales y Reforma, Edo. Méx., Avenida Independencia, 1323, 50070","19.29246713949076,-99.63393719334825",Independencia,Reforma Y Ferrocarriles Nacionales (san Juan Bautista)
4319,Resuelto,2025-08-20 15:48:51,2025-10-30 13:47:22,Bache grande,Calle Lago Constanza 710,"19.260173664776037,-99.66476727046587",Ocho Cedros,Ocho Cedros Ii
4318,Resuelto,2025-08-20 15:47:59,2025-12-30 10:32:32,Toda La Calle,Bosque de Pirules 106,"19.258309999999998,-99.6575067",Moderna De La Cruz,Bosques De Colón
4314,Resuelto,2025-08-20 14:44:00,2025-10-02 22:28:15,"Bache de gran magnitud ",Andador Oriente,"19.304005309423967,-99.62017711133079",San Lorenzo Tepaltitlan,Rincón De San Lorenzo
4313,Resuelto,2025-08-20 14:37:30,2025-12-12 12:59:58,"Casa blanca de 2 pisos ",Calle Motolinía 310,"19.2869593,-99.670115",Ciudad Universitaria,San Bernardino
4312,Resuelto,2025-08-20 14:03:53,2025-08-21 13:12:30,Toda la calle está llena de baches,Avenida Agustín Millán 11,"19.3136981,-99.56830079999999",San Pedro Totoltepec,Del Centro
4311,Resuelto,2025-08-20 13:32:28,2025-12-29 19:32:35,"Ya son demasiados reportes ante los delegados y el propio ayuntamiento sobre las condiciones de la calle Miguel Hidalgo y no hemos obtenido respuesta, se requiere la rehabilitación de la calle porque ya es intransitable. Pido su valioso apoyo para el reporte ",Miguel Hidalgo y Costilla 518,"19.3556156,-99.6330579",San Andrés Cuexcontitlán,Natividad
4301,Resuelto,2025-08-20 09:08:33,2025-11-28 14:37:25,"Toda la calle llena de socavones gigantes urge intervención del ayuntamiento en bacheo ",Calle Tomás Alva Edison 221,"19.305621153701484,-99.63096470358786",Independencia,Las Torres (científicos)
4300,Resuelto,2025-08-20 07:56:48,2025-12-28 14:37:05,es una calle pavimentada a lado de un oxxo pero tiene baches por todos lados esa horrible se ponchan llantas a cada rato de los baches,Calle Josefa Ortiz de Domínguez,"19.352806236010064,-99.6038955635455",San Cristobal Huichochitlan,San José Guadalupe
4297,Resuelto,2025-08-20 07:31:07,2025-10-03 09:26:23,todo independencia hasta bosques de colon hasta llegar a la farmacia del ahorro en general abelardo,Calle Independencia 10,"19.2425688,-99.6608596",Capultitlán,San Judas Tadeo
4294,Cancelado,2025-08-19 22:08:08,2025-12-30 12:59:34,"A un costado de la Bici 33 ",Arturo Martínez Legorreta 128,"19.3576409,-99.657123",San Pablo Autopan,Santa María Tlachaloyita
4282,Resuelto,2025-08-19 18:48:34,2025-12-31 10:03:18,"Frente a base de taxis del hospital San José ",Calle el Oro,"19.2916727,-99.6657264",Sánchez,Sor Juana Inés De La Cruz
4276,Cancelado,2025-08-19 17:22:48,2025-08-21 13:27:12,Pruebas mobzilla,Villa del Mar 16A,"19.6688383,-99.1629949",,
4275,Cancelado,2025-08-19 17:10:15,2025-08-19 17:42:16,"Esto es una prueba Mobzilla ",Juan Álvarez 210,"19.284129,-99.65556509999999",Centro Histórico,Francisco Murguía (el Ranchito)
4274,Cancelado,2025-08-19 16:32:40,2025-12-30 12:58:46,hay muchos baches y ya es intransitable libertad,Calle Libertad 105,"19.292425599999998,-99.6836821",San Mateo Oxtotitlan,Atotonilco
4273,Resuelto,2025-08-19 15:57:45,2025-12-30 10:32:09,hay mas de 10 baches enormes o profu dos que ya hacen intransitable la calle libertad,Calle Libertad 103A,"19.292366299999998,-99.6837364",San Mateo Oxtotitlan,Tlalnepantla
4271,Cancelado,2025-08-19 15:45:05,2025-08-19 16:01:16,"Esto es una prueba Mobzilla ",Calle General Venustiano Carranza 20 Poniente 1104,"19.2798887,-99.66226479999999",Colón,Colón Y Ciprés I
4270,Cancelado,2025-08-19 15:43:48,2025-08-19 16:01:02,"Esto es una prueba Mobzilla ",Calle José Ma. Arteaga 906,"19.283541,-99.64606099999999",Universidad,Américas
4269,Cancelado,2025-08-19 15:35:30,2025-10-02 19:28:05,"la calle está muy horrible desde hace dos meses hice reporte y nada dicen que hasta que deje de llover pero nunca deja de llover ya no se puede pasar en esa calle y para acabarla la calle de san Mateo también tiene bache y no tiene mucho que la arreglaron metan mejor material no les cuesta nada , gracias y bueno la fotos no son nada a comparación de como está la calle ",Alberto Einstein 10,"19.3167594,-99.6129591",San Lorenzo Tepaltitlan,La Cruz Comalco
4267,Cancelado,2025-08-19 15:27:55,2025-08-19 15:59:33,"Esto es una prueba Mobzilla ",Ciudad Altamirano - Toluca Ciudad Altamirano - Toluca,"19.2009749,-99.83103919999999",,
4266,Resuelto,2025-08-19 15:21:07,2025-08-19 15:56:32,"curva que se encuentra sobre adolfo lopez mateos y se utiliza para subir a circunvalación, imagen de referencia pero ahí es donde se encuentra el bache, paso todas las mañanas en el transporte de la empresa y ya se hunde el carro"," Universitaria","19.2875263,-99.6794688",Ciudad Universitaria,Plazas De San Buenaventura
4265,Resuelto,2025-08-19 15:17:08,2025-08-19 15:53:27,"frente a la gasolinera, circundante a vía férrea ",Avenida Paseo Tollocan 1325,"19.2885407,-99.6108265",Santa Ana Tlapaltitlan,Buena Vista
4263,Resuelto,2025-08-19 13:39:18,2025-12-01 16:59:01,En la calle referida se han contabilizado por lo menos 3 perfectos viales que requieren la atención municipal,Calle Independencia 15,"19.252667004284483,-99.70485939102865",Cacalomacan,Del Centro
4256,Cancelado,2025-08-19 11:30:48,2025-08-19 11:53:06,Esto es una prueba Mobzilla,Ignacio Allende 421,"19.2843156,-99.6555173",Centro Histórico,Francisco Murguía (el Ranchito)
4253,Cancelado,2025-08-19 11:16:10,2025-08-19 11:16:44,"Esto es una prueba Mobzilla ",Calle General Venustiano Carranza 20 Poniente 512,"19.2787726,-99.65015489999999",Universidad,Universidad
4246,Cancelado,2025-08-19 09:12:15,2025-12-30 12:58:29,"tanque elevado de agua ",Cerrada de Morelos 7,"19.305616,-99.57776969999999",Santa Maria Totoltepec,Del Centro
4243,Cancelado,2025-08-19 08:11:30,2025-12-30 12:58:12,"varios vaches en la calle, que es medular para el trasporte de la zona, producto a las lluvias los baches se han pronunciado más",Calle Independencia 125,"19.2493144,-99.66080339999999",Capultitlán,San Isidro Labrador
4242,Cancelado,2025-08-19 07:18:38,2025-12-30 12:57:59,"pozo de agua ",Calle José Iturrigaray 113,"19.310655,-99.5848528",Santa María Totoltepec,Arboledas
4241,Cancelado,2025-08-19 02:30:09,2025-12-30 12:56:19,"Esq isidro fabela ",José Martí 101,"19.301154632091954,-99.64159780741596",La Maquinita,Tlacopa
4239,Resuelto,2025-08-18 22:34:18,2025-08-19 17:59:20,"Todas las calles de los alrededores requieren una urgente repavimentación ",Calle José Iturrigaray 3,"19.31077203418153,-99.58475198661259",Santa María Totoltepec,Arboledas
4238,Resuelto,2025-08-18 22:34:02,2025-08-19 17:58:21,"Tiendas alrededor ",Calle José Iturrigaray,"19.31133115329681,-99.5847365258919",Santa María Totoltepec,Arboledas
4237,Cancelado,2025-08-18 22:33:57,2025-12-30 12:56:34,"Tiendas alrededor ",Calle José Iturrigaray,"19.31133115329681,-99.5847365258919",Santa María Totoltepec,Arboledas
4236,Resuelto,2025-08-18 22:18:31,2025-08-19 17:51:00,"otras de Elektra ",Calle José Iturrigaray 113,"19.3106576,-99.5848776",Santa María Totoltepec,Arboledas
4235,Resuelto,2025-08-18 22:02:56,2025-08-19 16:08:41,hay muchos baches ya en la zona,Calle José Iturrigaray 113,"19.310655,-99.5848528",Santa María Totoltepec,Arboledas
4234,Resuelto,2025-08-18 21:16:52,2025-11-12 13:00:53,Calle cerrada jardín de niños Xinantecatl,Calle Ana María 138,"19.270457417401985,-99.63408864867316",Santa María De Las Rosas,Unidad Victoria
4233,Resuelto,2025-08-18 21:05:27,2025-12-12 13:21:23,a un costado de elektra y plaza totoltepec,Calle José Iturrigaray 113,"19.310655,-99.5848528",Santa María Totoltepec,Arboledas
4231,Cancelado,2025-08-18 20:35:39,2025-08-18 20:36:25,"Esto es una prueba Mobzilla ",República de Brasil 301,"19.2810029,-99.64702179999999",Universidad,Américas
4230,Resuelto,2025-08-18 20:29:51,2025-12-30 10:31:35,"El acceso a la calle es limitado por socavón ",Calle Independencia 3LOTE 8,"19.312329715564466,-99.58550604911464",Santa María Totoltepec,Arboledas
4228,Resuelto,2025-08-18 20:22:47,2025-08-19 15:35:36,"La calle está intransitable ","Calle La palma ","19.30983526471369,-99.58433651433815",Santa María Totoltepec,Arboledas
4229,Resuelto,2025-08-18 20:22:47,2025-08-19 15:31:40,"La calle está intransitable ","Calle La palma ","19.30983526471369,-99.58433651433815",Santa María Totoltepec,Arboledas
4227,Resuelto,2025-08-18 20:22:45,2025-12-12 13:20:10,"La calle está intransitable ","Calle La palma ","19.30983526471369,-99.58433651433815",Santa María Totoltepec,Arboledas
4226,Resuelto,2025-08-18 20:20:21,2025-08-19 15:27:12,"La calle está en malas condiciones, algunas calles del fraccionamiento ya son intransitables ","Justo García Flores ","19.310791699970018,-99.58490091458773",Santa María Totoltepec,Arboledas
4225,Resuelto,2025-08-18 20:20:19,2025-11-24 14:41:31,"La calle está en malas condiciones, algunas calles del fraccionamiento ya son intransitables ","Justo García Flores ","19.310791699970018,-99.58490091458773",Santa María Totoltepec,Arboledas
4222,Cancelado,2025-08-18 19:17:21,2025-08-18 19:28:54,"Esto es una prueba Mobzilla ",Avenida Paseo Tollocan 456,"19.283034500000003,-99.6403976",San Sebastian,Progreso
4221,Resuelto,2025-08-18 18:53:44,2025-12-12 13:19:22,"Toda la calle de la bomba de agua ",Jose Iturrigaray,"19.310753265959733,-99.58474632663223",Santa María Totoltepec,Arboledas
4219,Cancelado,2025-08-18 17:37:53,2025-10-02 12:21:03,"Frente a la barda entre Box Park y Fracc Hacienda La Galia Mz 1 Lt C (POSIBLE REPAVIMENTACIÓN, VERIFICAR EN SITIO)",Retorno 8 1,"19.3114839,-99.5639212",San Pedro Totoltepec,La Galia
4218,Resuelto,2025-08-18 17:35:43,2025-08-18 19:37:27,Frente a los pinos del Fracc Hacienda La Galia Mz 1 Lt C,Circuito San Felipe 309,"19.3124362,-99.56306889999999",San Pedro Totoltepec,La Galia
4217,Resuelto,2025-08-18 17:33:21,2025-08-18 19:37:18,"En medio de la Calle, frente a arbolitos de Fracc Hacienda La Galia Mz 1 Lt C",Circuito San Felipe 309,"19.3124362,-99.56306889999999",San Pedro Totoltepec,La Galia
4216,Resuelto,2025-08-18 17:30:40,2025-08-18 19:37:03,Frente a porton de Fracc Hacienda La Galia Mz 1 Lt C,Circuito San Felipe 309,"19.3124362,-99.56306889999999",San Pedro Totoltepec,La Galia
4215,Cancelado,2025-08-18 17:27:47,2025-10-02 12:19:12,Frente al Fracc Hacienda La Galia Mz 1 Lt B,Retorno 8 1,"19.3114839,-99.5639212",San Pedro Totoltepec,La Galia
4213,Cancelado,2025-08-18 17:19:31,2025-10-02 12:29:45,Frente a Porton de Fracc Hacienda La Galia Mz 1 Lt C,Circuito San Felipe 309,"19.3124362,-99.56306889999999",San Pedro Totoltepec,La Galia
4212,Resuelto,2025-08-18 17:11:31,2025-12-12 13:26:02,frente a la paleteria,Elena Cárdenas 203,"19.2812299,-99.6678452",Morelos,Morelos Primera Sección
4211,Cancelado,2025-08-18 17:09:26,2025-10-02 12:28:23,Frente a Fracc La Galia Mz 1 Lote C,Circuito San Felipe 309,"19.3124362,-99.56306889999999",San Pedro Totoltepec,La Galia
4210,Resuelto,2025-08-18 16:58:53,2025-12-09 12:11:17,"Al lado del deportivo del poder judicial ",Calle Hombres Ilustres 700,"19.31702091793895,-99.61833753528697",San Lorenzo Tepaltitlan,San Angelín
4207,Resuelto,2025-08-18 16:34:47,2025-10-29 12:59:26,"Frente a la prepa 5, a unos pasos de la nueva entrada",Calle Ceboruco 618,"19.2601418,-99.6447508",Del Parque,Azteca
4205,Resuelto,2025-08-18 14:02:34,2025-12-30 10:31:03,a 100 mtros de la Hacienda Vista Hermosa Carretera San Felipe Tlalmimilolpan -San Juan Tilapa,Camino a San Juan Tilapa Camino a San Juan Tilapa,"19.2321222,-99.6478082",San Felipe Tlalmimilolpan,Del Panteón
4204,Resuelto,2025-08-18 13:30:27,2025-11-18 17:39:08,Frente A Porton Azul Cielo De María Isabel #108 Y Porton Blanco De María Isabel #101,Ma. Isabel 101,"19.2713391,-99.6340616",Santa María De Las Rosas,Unidad Victoria
4203,Cancelado,2025-08-18 13:24:07,2025-12-28 15:33:25,Atrás de la Universidad Privada del Estado de México | Campus Toluca,Calle Emiliano Zapata 33,"19.31906818828512,-99.64186446875479",Santa Cruz Atzcapotzaltongo,Ex Hacienda La Magdalena (barrio San Juan De La Cruz)
4196,Resuelto,2025-08-18 12:38:36,2025-10-28 10:20:55,"que tristeza que una avenida tan emblematica de la ciudad este asi de descuidada los baches son enormes desde la glorieta de vicente villada hasta casa de gobierno, esos dos tramos no necesitan un bacheo requieren de reecarpetado immediato denle pripridad a las avenidas mas transitadas, e historicas como esta",Paseo Cristóbal Colón 116A,"19.279567699999998,-99.658795",Colón,Colón Y Ciprés I
4194,Resuelto,2025-08-18 12:05:41,2025-12-30 10:30:33," frente al parque corralitos ",El Frijol 201,"19.291224,-99.6898952",San Mateo Oxtotitlan,20 De Noviembre
4193,Cancelado,2025-08-18 10:24:29,2025-08-18 12:57:02,Esto es una prueba mobzilla,Calle José María Arteaga 107,"19.283042350506477,-99.6532",Universidad,Cuauhtémoc
4184,Resuelto,2025-08-17 22:12:47,2025-08-18 19:22:54,En meses pasados rompieron la calle para hacer un trabajo de agua y al no reparar la abertura este generó un bache muy grande y no hay forma de esquivarlo ya que abarca es extremo a extremo de la calle,Calle Texcoco 1115,"19.29272712197523,-99.67437747979882",Sánchez,La Teresona Ii
4183,Cancelado,2025-08-17 22:12:44,2025-12-30 12:55:59,En meses pasados rompieron la calle para hacer un trabajo de agua y al no reparar la abertura este generó un bache muy grande y no hay forma de esquivarlo ya que abarca es extremo a extremo de la calle,Calle Texcoco 1115,"19.29272712197523,-99.67437747979882",Sánchez,La Teresona Ii
4181,Cancelado,2025-08-17 22:00:55,2025-12-30 12:55:21,"cuando van a poner bello Toluca de este lado de San Andrés, los baches están cada 2 metros ",Revolución 711,"19.3503273,-99.6191216",San Andrés Cuexcontitlán,La Concepción
4174,Cancelado,2025-08-17 21:05:31,2025-08-18 19:20:44,Prueba Mobzilla,Avenida José María Morelos y Pavón 203B,"19.288388543370385,-99.65251465153594",Centro Histórico,5 De Mayo
4173,Cancelado,2025-08-17 21:03:48,2025-08-18 19:20:36,Prueba Mobzilla,Calle Hacienda Molino Blanco 206B,"19.29845229805776,-99.37117819814286",,
4170,Cancelado,2025-08-17 20:55:35,2025-12-30 12:55:11,enfrente de domicilio casa melón con naranja a lado de un taller automotriz alvarado,Francisco I. Madero 112,"19.2982792,-99.58998489999999",Santa Maria Totoltepec,El Carmen Totoltepec
4164,Resuelto,2025-08-17 18:04:34,2025-12-31 12:31:47,Pasando nevería casi llegando a esquina,Diego Rivera 460,"19.3062865,-99.6536357",Santiago Miltepec,Miltepec Centro
4163,Resuelto,2025-08-17 18:02:15,2025-12-31 12:30:19,"Hay árboles grandes en esa cuadra, una nevería, los baches son llamativos. No me deja agregar mas fotos, terminando la cuadra hay mas baches.",Diego Rivera 443,"19.306140199999998,-99.6530528",Santiago Miltepec,Miltepec Sur
4162,Cancelado,2025-08-17 14:23:19,2025-12-30 12:54:03,"toda la calle de Benito Juárez y entre calles tienen baches las cuales dificulta el tránsito ",Juárez 32,"19.307232499999998,-99.5685409",San Pedro Totoltepec,Del Centro
4161,Cancelado,2025-08-17 14:13:19,2025-12-30 12:53:47,a un lado de box park,Circuito San Felipe 309,"19.3124362,-99.56306889999999",San Pedro Totoltepec,La Galia
4160,Cancelado,2025-08-17 14:08:38,2025-12-30 12:53:28,a un lado de box park,Circuito San Felipe 309,"19.3124362,-99.56306889999999",San Pedro Totoltepec,La Galia
4159,Cancelado,2025-08-17 14:07:15,2025-12-30 12:53:12,frente a box park,Circuito San Felipe 309,"19.3124362,-99.56306889999999",San Pedro Totoltepec,La Galia
4158,Cancelado,2025-08-17 14:05:53,2025-12-30 12:52:09,box park,Circuito San Felipe 309,"19.3124362,-99.56306889999999",San Pedro Totoltepec,La Galia
4157,Cancelado,2025-08-17 14:04:41,2025-12-30 12:51:59,enfrente de box park,Circuito San Felipe 309,"19.3124362,-99.56306889999999",San Pedro Totoltepec,La Galia
4156,Resuelto,2025-08-17 14:03:10,2025-08-18 19:12:25,esquina box park,Circuito San Felipe 309,"19.3124362,-99.56306889999999",San Pedro Totoltepec,La Galia
4155,Resuelto,2025-08-17 14:01:18,2025-08-18 19:12:13,esquina box park," San Pedro Totoltepec","19.312089699999998,-99.5627368",San Pedro Totoltepec,La Galia
4154,Resuelto,2025-08-17 13:58:21,2025-08-18 19:11:32,esquina boxpark,Aeropuerto Miguel Alemán 559,"19.312537,-99.56259229999999",San Pedro Totoltepec,La Galia
4153,Resuelto,2025-08-17 13:55:23,2025-08-18 19:10:40,esquina box park,La Galia La Galia,"19.3124406,-99.56297529999999",San Pedro Totoltepec,La Galia
4152,Cancelado,2025-08-17 13:52:59,2025-12-30 12:51:44,esquina box park,Aeropuerto Miguel Alemán 559,"19.312537,-99.56259229999999",San Pedro Totoltepec,La Galia
4148,Resuelto,2025-08-17 09:47:23,2025-12-30 19:21:06,Enfrente de negocios de tacos,Paseo Vicente Lombardo Toledano 4944,"19.3058962,-99.6038102",San Mateo Otzacatipan,Vicente Lombardo
4142,Cancelado,2025-08-16 15:38:33,2025-12-30 12:51:20,Se puede observar que habia dos baches y ya se juntaron y a 10 metros atras hay otro mucho mas hondo,Salvador Díaz Mirón 1040,"19.273695999999997,-99.63201529999999",San Sebastian,Comisión Federal De Electricidad
4140,Cancelado,2025-08-16 13:46:29,2025-12-30 12:51:04,"Socavones en toda la calle destrozada pésima ",Calle Tomás Alva Edison 226,"19.30562029519016,-99.63073396336135",Independencia,Las Torres (científicos)
4139,Resuelto,2025-08-16 13:13:01,2025-08-18 19:00:26,"Todo el libramiento Lic. Juan Fernández Albarrán está en mal estado de baches grandes dañando el paso de automóviles ",Calle Lázaro Cárdenas 168,"19.291985699999998,-99.7502583",,
4138,Cancelado,2025-08-16 11:14:58,2025-12-30 12:49:15,"frente a cafetería ",Lago de Salazar 205A,"19.2741907,-99.6712524",Seminario Las Torres,Seminario San Felipe De Jesús
4137,Cancelado,2025-08-16 11:02:16,2025-12-30 12:48:55,"frente a casa de 2 pisos color verde ",Calle 15 de Mayo 345,"19.264468900000004,-99.6829345",San Buenaventura,Del Deporte
4132,Resuelto,2025-08-16 07:59:31,2025-12-30 17:14:42,Son dos cuadras llenas de baches desde La Polonesa hasta Los testigos de Jeova,Calle Motolinía 311–319,"19.286444153062433,-99.66998310493192",Ciudad Universitaria,San Bernardino
4130,Resuelto,2025-08-15 21:56:31,2025-08-18 18:50:39,antes del semaforo llendo de tollocan a san pedro,Carlos Hank González 171,"19.298864299999998,-99.59394250000001",Santa Maria Totoltepec,El Olimpo
4129,Resuelto,2025-08-15 21:54:29,2025-12-30 20:11:54,antes del semaforo llendo de tollocan a san pedro,Avenida Cuauhtémoc 142,"19.295791599999998,-99.59412569999999",Santa Maria Totoltepec,El Carmen Totoltepec
4128,Cancelado,2025-08-15 21:51:57,2025-08-18 14:07:07,Test mobzilla,Calle 3 45,"19.6568193,-99.1782121",,
4127,Resuelto,2025-08-15 21:49:16,2025-09-04 15:53:54,Contra esquina de femsa,Avenida Cuauhtémoc 176,"19.29551045341405,-99.5941582685371",Santa Maria Totoltepec,El Olimpo
4126,Cancelado,2025-08-15 21:43:40,2025-12-30 12:48:13,"De la chingada es poco, nos hundimos de lo profundo que están los baches, libras uno y te metes a 3, ya urge que arreglen aquí, es una vergüenza que las calles estén así y a ustedes les valga ?????? pésimo gobierno, me arrepiento de votar por Ricardo. Vengan a ver cómo está horrible, ya son socavones  (VIALIDAD EN GESTIÓN)",Avenida Cuauhtémoc,"19.303294271135076,-99.59155769884546",Santa Maria Totoltepec,Del Centro
4125,Resuelto,2025-08-15 21:08:42,2025-11-05 14:45:01,"Bache de gran dimensión requiere atención inmediata, calle muy transitada de Capultitlán a Toluca. ",Calle Miguel Hidalgo 201,"19.249613202144193,-99.6622295990077",Capultitlán,San Isidro Labrador
4122,Resuelto,2025-08-15 18:46:06,2025-08-18 14:03:15,transformador,Avenida Agustín Millán 280,"19.3138668,-99.56883479999999",San Pedro Totoltepec,Geovillas
4121,Resuelto,2025-08-15 18:24:25,2025-12-09 13:39:54,"Comienzan desde la farmacia hasta topar con Blvd. Isidro Fabela ",Calle Licenciado Adolfo López Mateos 521,"19.308744833863035,-99.64919179774117",Santiago Miltepec,Miltepec Centro
4120,Cancelado,2025-08-15 17:57:31,2025-12-29 18:32:10,"baches y calles en mal estado ",Josefa Ortiz de Domínguez 34,"19.3455561,-99.5990394",San Mateo Otzacatipan,San José Guadalupe Otzacatipan
4119,Resuelto,2025-08-15 17:47:01,2025-10-29 15:29:10,"La calle completa está llena de baches ",Calle General Porfirio Díaz 403,"19.264646924871787,-99.65130642698975",Del Parque,Del Parque Ii
4117,Cancelado,2025-08-15 14:38:59,2025-08-15 14:40:10,Esto es una prueba Mobzilla,Ignacio Allende A,"19.2825305,-99.6557314",Centro Histórico,Francisco Murguía (el Ranchito)
4116,Cancelado,2025-08-15 14:19:31,2025-08-15 14:35:22,Prueba Mobzilla,Calle Silviano Enríquez 109,"19.284361148960976,-99.6532",Centro Histórico,5 De Mayo
4115,Resuelto,2025-08-15 14:15:58,2025-12-29 19:36:01,"Baches constantes y profundos que dificultan el tránsito público y privado ",Avenida Paseo Vicente Lombardo Toledano,"19.3033203,-99.6235048",San Lorenzo Tepaltitlan,El Mogote
4113,Cancelado,2025-08-15 14:10:12,2025-08-15 14:35:32,Prueba Mobzilla,Calle Hermenegildo Galeana 306,"19.285994915927773,-99.65731208709312",Centro Histórico,Francisco Murguía (el Ranchito)
4111,Resuelto,2025-08-15 12:44:54,2025-12-30 10:30:06,"Se tuvo contacto con la peticionaria, para aclarar coordenadas de su reporte de bacheo, corroborando que las que dio en este reporte son erróneas, por lo que se le informo como realizar el reporte de manera correcta ",Privada la Purísima 107,"19.26771289571942,-99.69975756949958",San Buenaventura,Alameda 2000
4107,Resuelto,2025-08-15 11:58:55,2025-10-02 12:39:47,"en realidad es toda la calle, desde la entrada del tejocote hasta la calle cinco de mayo ",Calle Ignacio López Rayón 407,"19.346397,-99.65649890000002",San Pablo Autopan,Santa Cruz Ii
4102,Resuelto,2025-08-15 11:01:45,2025-11-25 12:40:53,"muchos baches que ya son laguna ",Josefa Ortiz de Domínguez 34,"19.3455483,-99.5990887",San Mateo Otzacatipan,San José Guadalupe Otzacatipan
4099,Resuelto,2025-08-15 10:48:50,2025-12-30 10:28:53,"realizaron una toma de agua hace más de 2 meses, ya tengo un número de reporte y no han dado una solución, Se trata de una sanja que está en la entrada de mi cochera y no lo han tapado ",Calle Benito Juárez G. 535,"19.2892304,-99.6802414",San Mateo Oxtotitlan,Atotonilco
4094,Cancelado,2025-08-15 07:35:06,2025-10-07 11:45:09,"Asfalto dañado por personas que se dedican a pedir dinero según rellenando los otros ",Avenida José María Morelos y Pavón 112,"19.2879,-99.6532",Centro Histórico,5 De Mayo
4085,Cancelado,2025-08-15 00:01:18,2025-10-03 10:38:52,Varios baches,Calle Instituto Literario 414,"19.28603402011725,-99.64780140634974",Centro Histórico,5 De Mayo
4057,Resuelto,2025-08-14 21:12:40,2025-08-15 12:03:31,"esquina de la primaria Juan Escutia ",Calle Juan Escutia 97,"19.2988145,-99.69237799999999",San Mateo Oxtotitlan,Niños Héroes I
4056,Resuelto,2025-08-14 20:53:33,2025-12-15 18:09:43,"a una cuadra de la primaria Juan Escutia ",Calle Juan Escutia 303,"19.2991892,-99.6923549",San Mateo Oxtotitlan,Niños Héroes I
4052,Resuelto,2025-08-14 19:13:45,2025-10-03 09:23:42,"casi en la esquina intersección entre independencia y Benito Juárez se encuentra el enorme bache y unos que siguen en formación ",Calle Independencia 19,"19.2496459,-99.6609324",Capultitlán,San Isidro Labrador
4050,Resuelto,2025-08-14 18:52:15,2025-10-27 10:25:41,"El pavimento en dicho tramo de la calle presenta muchas ondulaciones y baches ",Paseo Vicente Guerrero 205,"19.2819754,-99.672512",Morelos,Morelos Primera Sección
4048,Resuelto,2025-08-14 17:10:48,2025-10-01 22:48:43,"La calle está en pésimas condiciones el trayecto es de 20 minutos cuando era de 5 minutos urge que vengan a pavimentar ",Calle Ignacio López Rayón 1012,"19.33596696856715,-99.65656163158755",Santiago Miltepec,Miltepec Norte
4047,Resuelto,2025-08-14 17:03:18,2025-11-05 11:36:07,"Socavón en avenida alpinismo con aguas no se ve y cae uno ya ponche mi llanta ",Avenida Profesora María del Refugio Alejandro Tarrello,"19.26780791187291,-99.6886611338446",San Buenaventura,Del Deporte
4046,Resuelto,2025-08-14 17:02:36,2025-12-30 10:28:31,"Toda la calle está llena de baches profundos, ya poncho una de mis llantas y con las lluvias empeoran ",Calle la Cuchilla 7–1015,"19.252870839068834,-99.64240100275616",San Felipe Tlalmimilolpan,Jardines De San Pedro
4045,Resuelto,2025-08-14 17:01:30,2025-11-05 11:37:11,"Socavón desde el inicio de avenida alpinismo a 3 topes más ",Avenida Profesora María del Refugio Alejandro Tarrello 308,"19.272893677491695,-99.68549320634297",San Buenaventura,Guadalupe
4044,Resuelto,2025-08-14 15:59:03,2025-10-30 17:10:43,Corredor que conecta a el Fraccionamiento Sauces lV  con colonia San Diego de los Padres,Corredor de las Yucas,"19.3606202879025,-99.59246802894279",Sauces,Sauces Iii
4042,Resuelto,2025-08-14 14:35:42,2025-10-25 13:22:52,"Liceo Pedro de Gante Primaria y Secundaria ",Calle Rinconada de Pino Suárez 102,"19.28736128123269,-99.64932146338127",Centro Histórico,5 De Mayo
4040,Resuelto,2025-08-14 14:07:06,2025-08-14 17:55:02,"urge que tapen ese socabon ya se fueron muchos carros en las noches que llueve !! o ustedes van a responder por los daños que ocasiona a los vehículos!!!? "," Santa Ana Tlapaltitlán","19.2908303,-99.61065289999999",Santa Ana Tlapaltitlan,Buena Vista
4039,Resuelto,2025-08-14 14:04:43,2025-12-30 10:28:14,"frente al Oxxo pero échenle velocidad que está bien ??culero ese bache ya no es bache es un socabon "," Santa Ana Tlapaltitlán","19.2908303,-99.61065289999999",Santa Ana Tlapaltitlan,Buena Vista
4038,Resuelto,2025-08-14 13:51:21,2025-09-25 14:53:05,Hay un Garis,Calle Independencia 123,"19.3086552,-99.59604429999999",San Mateo Otzacatipan,Geovillas Independencia
4037,Resuelto,2025-08-14 13:36:19,2025-08-14 17:45:14,Una gasolinera,Avenida Industria Automotriz 435,"19.2971046,-99.6109618",Santa Ana Tlapaltitlan,Buena Vista
4036,Resuelto,2025-08-14 13:35:56,2025-12-12 12:43:18,calle Afectada por baches de gran tamaño generando que no se pueda transitar por esta calle,José María Pino Suárez 124,"19.348180799999998,-99.6522215",San Pablo Autopan,Santa Cruz Ii
4035,Resuelto,2025-08-14 13:33:13,2025-12-30 10:27:52,Hay una privada Arboleda IV y un lugar techado que venden comida,Independencia 2235,"19.3149423,-99.5954232",San Mateo Otzacatipan,Geovillas Arboleda
4034,Cancelado,2025-08-14 13:06:25,2025-12-29 17:34:17,"Presencia de diversos manches que ocasionan daños a vehículos ",Calle Malinche 67,"19.313431178475234,-99.62176983995657",San Lorenzo Tepaltitlan,Del Centro
4031,Resuelto,2025-08-14 11:26:58,2025-11-22 09:51:28,Baches en la calle muy grandes y profundos afectando el transito de los autos y generando  situaciones de riesgo,Avenida Licenciado Benito Juárez 125,"19.307166300000002,-99.65110840000001",Santiago Miltepec,Miltepec Centro
4029,Resuelto,2025-08-14 10:27:04,2025-10-29 14:34:42,"Frente a Cafetería ",Calle de la Barranca 202,"19.30537038776798,-99.6404611934237",La Maquinita,Tlacopa
4022,Resuelto,2025-08-13 17:14:01,2025-08-14 10:57:03,"Hay 3 baches caída día más profundos y grandes ",Calle Ceboruco 1501,"19.260280772836797,-99.64345312260102",,
4012,Resuelto,2025-08-13 15:56:37,2025-08-14 10:26:16,"Aún costado de la farmacia similares ",Calle Agustín Millán 22,"19.313842260319056,-99.56879916618915",San Pedro Totoltepec,Geovillas
4011,Cancelado,2025-08-13 15:40:30,2025-12-29 17:33:53,entrada a la colonia perjudica 50 hogares,Cedro 103,"19.2959785,-99.6936949",San Mateo Oxtotitlan,Protinbos
4008,Resuelto,2025-08-13 14:19:47,2025-12-15 18:08:59,sobre tollocan,Calle Duraznos 141,"19.2884383,-99.5775063",Santa Maria Totoltepec,Coecillo
4006,Resuelto,2025-08-13 12:41:54,2025-10-29 19:07:16,"a 20 metros de la delegación de Cacalomacan ",Independencia 19,"19.252679999999998,-99.705151",Cacalomacan,Del Centro
4004,Resuelto,2025-08-13 12:06:56,2025-12-30 10:27:32,"Se está hundiendo y está ponchando las llantas ",Lago Texcoco 843,"19.272778,-99.68071139999999",Seminario 2 De Marzo,Seminario Cuarta Sección Ii
4000,Resuelto,2025-08-13 11:25:25,2025-08-13 12:46:04,no hay paso," Crespa Floresta","19.316077099999998,-99.5952717",San Mateo Otzacatipan,Geovillas Arboleda
3999,Resuelto,2025-08-13 11:24:00,2025-09-23 17:01:12,impasable,Independencia 1979,"19.316008399999998,-99.59528429999999",San Mateo Otzacatipan,Geovillas Arboleda
3994,Resuelto,2025-08-13 10:08:14,2025-08-13 12:43:36,"De ambos lados, los laterales está lleno de baches ",Avenida José López Portillo 1100,"19.337354559614514,-99.60525118444488",San Mateo Otzacatipan,Poniente Ii
3984,Cancelado,2025-08-13 09:06:25,2025-08-13 10:14:00,Esto es una prueba Mobzilla,Rodolfo Soto Cordero 313,"19.282474,-99.66737429999999",Morelos,Morelos Primera Sección
3979,Cancelado,2025-08-12 21:43:41,2025-08-13 10:13:48,Test mobzilla,Villa del Mar 16A,"19.6688383,-99.1629949",,
3978,Cancelado,2025-08-12 21:42:37,2025-08-13 10:13:40,"Test mobzilla ",Calle ejeejdk,"19.6615103,-99.16492009999999",,
3971,Resuelto,2025-08-12 17:59:46,2025-12-30 10:27:06,"En la esquina, en el semáforo hay un bache que se sigue abriendo",Calle Texcoco 905,"19.2930691,-99.6699717",Sánchez,La Teresona Ii
3966,Resuelto,2025-08-12 17:38:52,2025-09-02 18:02:34,"Solicto bacheo Calle Cuauhtémoc, Santa María Totoltepec ",Avenida Cuauhtémoc 100,"19.303763999999997,-99.5865623",Santa Maria Totoltepec,Del Centro
3953,Resuelto,2025-08-12 14:17:27,2025-08-12 18:14:43,"Buenas tardes, quiero hacer el seguimiento del reporte que realicé el 22 de Julio, me comentaron que iban a venir a checar la calle en esos mismos días pero ya pasaron tres semanas y no he sabido nada más, la calle necesita ser arreglada urgentemente",Prolongación Paseo Totoltepec 1,"19.311501598259717,-99.58586338513054",Santa María Totoltepec,Arboledas
3948,Resuelto,2025-08-12 12:49:46,2025-10-25 12:26:10,"Bache sé Esta haciendo muy grande ya y a habido accidentes en le lugar ",Calle Constituyentes 708,"19.2865127,-99.6606161",Centro Histórico,La Merced (alameda)
3941,Resuelto,2025-08-12 10:28:06,2025-12-28 13:58:36,es toda la calle San Felipe desde 5 de mayo a Blvd Miguel Aleman,Retorno 8 1,"19.3114839,-99.5639212",San Pedro Totoltepec,La Galia
3938,Resuelto,2025-08-12 05:37:22,2025-12-28 13:54:12,hotel one?," San Pedro Totoltepec","19.312089699999998,-99.5627368",San Pedro Totoltepec,La Galia
3937,Resuelto,2025-08-12 02:25:18,2025-08-12 09:59:27,"Sobre paseo rollocan en el carril de alta y el carrile del centro se encuentras dos baches profundos que han destronados llantas hemos sido varios autos que han destrozado sus llantas por completo es muy peligroso sobre todo por las ubicaciones ya que no se pueden esquivar ",Avenida Paseo Tollocan,"19.28235606903179,-99.68022700843078",Ciudad Universitaria,Plazas De San Buenaventura
3916,Resuelto,2025-08-11 19:26:53,2025-10-03 14:28:14,"enfrente del parque ",De Las Arboledas 18,"19.3066805,-99.6072512",San Mateo Otzacatipan,Jardines De La Crespa
3915,Resuelto,2025-08-11 19:25:09,2025-10-03 16:37:57,"enfrente estética "," Jardínes de la Crespa","19.3068511,-99.6071367",San Mateo Otzacatipan,Jardines De La Crespa
3913,Resuelto,2025-08-11 19:23:10,2025-10-01 17:07:20,"enfrente de estética "," Jardínes de la Crespa","19.3068511,-99.6071367",San Mateo Otzacatipan,Jardines De La Crespa
3910,Resuelto,2025-08-11 17:24:53,2025-10-01 17:05:50,"tortillería en la esquina ",De Las Arboledas 58,"19.3070994,-99.60681369999999",San Mateo Otzacatipan,Jardines De La Crespa
3909,Resuelto,2025-08-11 17:22:50,2025-10-01 17:04:09,"en la esquina tortillería ",De Las Arboledas 57 B,"19.307424900000004,-99.60671359999999",San Mateo Otzacatipan,Jardines De La Crespa
3908,Resuelto,2025-08-11 17:20:55,2025-12-29 18:55:25,"enfrenté de tienda ",Camino de Los Bosques y,"19.307554,-99.6066231",San Mateo Otzacatipan,Jardines De La Crespa
3907,Resuelto,2025-08-11 17:18:42,2025-10-01 17:02:41,enfrente tienda de ropa,Camino de Los Bosques y,"19.307554,-99.6066231",San Mateo Otzacatipan,Jardines De La Crespa
3906,Resuelto,2025-08-11 17:17:01,2025-12-29 18:54:21,"enfrente de tienda de ropa ",Camino de Los Bosques y,"19.307554,-99.6066231",San Mateo Otzacatipan,Jardines De La Crespa
3905,Resuelto,2025-08-11 17:14:14,2025-10-01 17:01:23,"enfrente de la cremería ",De Las Arboledas 5,"19.3076607,-99.6065046",San Mateo Otzacatipan,Jardines De La Crespa
3904,Resuelto,2025-08-11 17:12:36,2025-10-01 17:00:05,"enfrente de la tienda ",De Las Arboledas 88,"19.3078203,-99.60651589999999",San Mateo Otzacatipan,Jardines De La Crespa
3903,Resuelto,2025-08-11 17:11:01,2025-10-01 16:58:16,"enfrente de la panadería ",De Las Arboledas 64,"19.309618699999998,-99.606623",San Mateo Otzacatipan,Jardines De La Crespa
3902,Resuelto,2025-08-11 17:04:30,2025-10-01 16:52:35,Enfrente de la Pollería (referencia fotografica sobre calle Arboledas Crespa floresta),De Los Angeles 10,"19.3051744,-99.608556",Santa Ana Tlapaltitlan,Buena Vista
3899,Resuelto,2025-08-11 16:18:09,2025-11-27 16:56:39,baches profundos y de mucha antigüedad años en los que los vecinos han rellenado con piedras o escombro,Ejército Trigarante 312,"19.2979196,-99.6355134",Independencia,Independencia
3897,Cancelado,2025-08-11 15:15:01,2025-12-29 17:33:30,"Presencia de varios baches ",Calle Hermenegildo Galeana 7,"19.254897585112825,-99.70345641867578",Cacalomacan,Del Centro
3892,Resuelto,2025-08-11 13:03:57,2025-12-28 14:36:40,hay muchos baches y es difícil de transitar en el vehículo,Calle Jose Vincente Villada 58,"19.3115125,-99.6265514",San Lorenzo Tepaltitlan,Del Centro
3891,Cancelado,2025-08-11 12:47:42,2025-10-02 17:37:08,"Enfrente De Clínica San Miguel ",Avenida Sebastián Lerdo de Tejada 658,"19.2902415,-99.6713697",Sánchez,Electricistas Locales
3890,Resuelto,2025-08-11 12:42:12,2025-12-30 10:26:40,"Donde esta Antena Telefónica ",Avenida Sebastián Lerdo de Tejada Poniente 862,"19.2900369,-99.67199529999999",Sánchez,Electricistas Locales
3889,Cancelado,2025-08-11 11:42:11,2025-10-02 12:26:48,al lado de canchas de futball,Circuito San Felipe 309,"19.3124362,-99.56306889999999",San Pedro Totoltepec,La Galia
3887,Resuelto,2025-08-11 10:00:00,2025-12-28 13:55:39,junto al Box park,Circuito San Felipe 309,"19.3124362,-99.56306889999999",San Pedro Totoltepec,La Galia
3882,Cancelado,2025-08-11 09:24:41,2025-10-02 12:43:16,a un costado de Box Park,La Galia La Galia,"19.3124406,-99.56297529999999",San Pedro Totoltepec,La Galia
3881,Resuelto,2025-08-11 09:14:38,2025-12-28 13:57:28,Fraccionamiento ubicado detrás de Box Park,Calle San Felipe,"19.312051636726117,-99.56330700290147",San Pedro Totoltepec,La Galia
3880,Cancelado,2025-08-11 08:49:07,2025-10-02 12:41:56,Pasando Hotel One. Box Park,La Galia La Galia,"19.3124406,-99.56297529999999",San Pedro Totoltepec,La Galia
3876,Resuelto,2025-08-10 20:17:28,2025-08-11 15:21:48,la esquina de dalias con Av aeropuerto tiene un socavon dolo por un lado se puede ingresar,Aeropuerto Miguel Alemán 537,"19.3134984,-99.56279839999999",San Pedro Totoltepec,La Galia
3869,Resuelto,2025-08-10 18:58:06,2025-12-29 19:08:07,"Entrada al fraccionamiento hay un Oxxo ",Avenida Lerma,"19.38937186307856,-99.64349213850224",San Pablo Autopan,San Diego Linares
3865,Cancelado,2025-08-10 18:38:50,2025-12-29 17:22:23,"está muy mala la calle ",Alejandro Von Humboldt 104,"19.3231939,-99.6787884",San Marcos Yachihuacaltepec,Norte
3863,Resuelto,2025-08-10 16:09:04,2025-12-03 12:42:05,pozo de agua,Calle Miguel Hidalgo 94,"19.3362569,-99.6275918",San Cristobal Huichochitlan,La Concepción
3859,Resuelto,2025-08-10 16:00:44,2025-12-30 09:54:55,"Hundimiento Del Pavimento, A Un Lado De Una Coladera, La Calle Va De Bajada. ",16 de Septiembre 645,"19.322506399999998,-99.54009289999999",El Cerrillo Vista Hermosa,El Cerrillo
3858,Resuelto,2025-08-10 15:57:43,2025-12-16 23:18:37,"Oxxo y pozo de agua, verano a condominio 5",Avenida el Olimpo,"19.300553043063495,-99.58912011884705",Santa Maria Totoltepec,El Olimpo
3856,Resuelto,2025-08-10 15:51:56,2025-09-02 18:03:48,"Cercano a subdelegación el Carmen y centro recolector de basura ",Calle Revolución 51,"19.293686986118427,-99.59383263883905",Santa Maria Totoltepec,El Carmen Totoltepec
3855,Resuelto,2025-08-10 15:32:44,2025-08-11 14:44:33,"Dioses del Olimpo, primaria Jean Peaget",Avenida el Olimpo,"19.301589606419448,-99.59325490250622",Santa Maria Totoltepec,El Olimpo
3854,Resuelto,2025-08-10 15:24:33,2025-09-02 18:03:14,Coca cola y establecimiento comex,Avenida Cuauhtémoc 159,"19.29794774808353,-99.59407280048626",Santa Maria Totoltepec,El Carmen Totoltepec
3853,Resuelto,2025-08-10 15:20:48,2025-08-11 14:55:38,"Kinder Jean Piaget ",Privada Acacia,"19.299508271480644,-99.59376447177813",Santa Maria Totoltepec,El Olimpo
3851,Resuelto,2025-08-10 12:21:52,2025-08-11 14:22:52,"La calle está en muy mal estado de tanto bache ",Melchor Ocampo 2068,"19.3593724,-99.6285731",San Andrés Cuexcontitlán,Natividad
3849,Resuelto,2025-08-09 22:28:53,2025-12-30 09:52:20,"Toda la calle está llena de baches, se han dañado vehículos.",Calle Isaac Newton,"19.304846857038548,-99.63147091803684",Independencia,Las Torres (científicos)
3848,Cancelado,2025-08-09 22:11:57,2025-10-02 12:40:20,a un lado de box park,San Felipe,"19.3124406,-99.56297529999999",San Pedro Totoltepec,La Galia
3847,Resuelto,2025-08-09 19:53:39,2025-11-24 14:14:15,Manuel Villaverde,Calle J. Ma. Luis Mora 732,"19.3154483,-99.64596619999999",La Maquinita,Carlos Hank Y Los Frailes
3846,Resuelto,2025-08-09 18:37:28,2025-10-25 11:57:42,purificadora,Calle Benito Juárez 71,"19.3280244,-99.59297269999999",San Mateo Otzacatipan,La Canaleja
3845,Resuelto,2025-08-09 17:53:19,2025-12-29 19:35:30,"junto a Boxpark, calle san felipe muchos baches en deplorable estado",La Galia La Galia,"19.3124406,-99.56297529999999",San Pedro Totoltepec,La Galia
3844,Resuelto,2025-08-09 15:19:03,2025-08-11 14:57:14,"Esquina urawa ",Avenida Paseo Tollocan,"19.283895416392486,-99.63750331186797",San Sebastian,Izcalli Toluca
3843,Resuelto,2025-08-09 15:03:25,2025-08-11 11:40:02,"Al lado de la gasolinera ",Prolongación Albert Einstein,"19.3029409,-99.606378",Santa Ana Tlapaltitlan,Buena Vista
3842,Resuelto,2025-08-09 15:03:24,2025-12-30 09:51:52,"Al lado de la gasolinera ",Prolongación Albert Einstein,"19.3029409,-99.606378",Santa Ana Tlapaltitlan,Buena Vista
3837,Resuelto,2025-08-09 11:02:34,2025-10-20 14:32:39,"Por el residencial Alamillos ",Calle Lago Guzmán 105,"19.28773792353744,-99.6954926117266",Adolfo López Mateos,Miguel Hidalgo (corralitos)
3830,Resuelto,2025-08-08 20:28:39,2025-10-27 10:16:50,"Bache A Mitad De La Calle ",José Ma. Robelo 135,"19.285316299999998,-99.6741864",Ciudad Universitaria,San Bernardino
3820,Resuelto,2025-08-08 13:44:52,2025-12-28 15:07:36,calles en muy mal estado hace unos meses sufrio un accidente mi hermano por el estado de la calle,Avenida Del Trabajo 301,"19.3112715,-99.6441002",La Maquinita,"Guadalupe, Club Jardín Y La Magdalena"
3817,Resuelto,2025-08-08 12:47:34,2025-12-28 14:36:01,"Toda La Avenida Josefa Ortiz De Domínguez Ya Esta Intransitable. Ocupamos De Una Solución Por Favor ",Josefa Ortiz de Domínguez 107,"19.3540602,-99.60579729999999",San Cristobal Huichochitlan,San José Guadalupe
3804,Resuelto,2025-08-07 18:02:14,2025-11-27 16:57:39,frente al número 1922,Dolores Hidalgo 1920,"19.2963435,-99.63606229999999",Independencia,Independencia
3800,Resuelto,2025-08-07 15:23:46,2025-12-29 18:53:13,entre bodega aurrera y farmacias similares,Paseo Vicente Lombardo Toledano 343,"19.3088889,-99.5860663",Santa Maria Totoltepec,Del Centro
3799,Resuelto,2025-08-07 15:10:45,2025-10-27 11:48:50,en la esquina de Juan Alvarez y Av Juarez hay un socavon que cubre casi el ancho de la calle esta justo en la parada del semaforo es urgente!!!,Avenida Benito Juárez Garcia Sur 414,"19.2841546,-99.6543887",Centro Histórico,Francisco Murguía (el Ranchito)
3798,Resuelto,2025-08-07 14:44:05,2025-11-12 14:11:40,bache de 2 mts frente a edificio de 3 pisos,Cerrada Nuevo México 43,"19.2398231,-99.6449129",San Felipe Tlalmimilolpan,Del Centro
3797,Resuelto,2025-08-07 14:34:10,2025-08-07 18:28:32,calle de terraceria,Morelos 55,"19.3378886,-99.6079919",San Mateo Otzacatipan,Santa Cruz Otzacatipan
3796,Resuelto,2025-08-07 13:29:53,2025-12-30 09:51:14,"ha avido atascones de camiones y en mayoria esta inutilizada la condicion es deplorable ",Dionisio Astivia 2,"19.302222999999998,-99.6141226",Santa Ana Tlapaltitlan,Buena Vista
3795,Resuelto,2025-08-07 12:47:37,2025-08-07 18:20:13,"Frente gasolinería sobre las vías del tren ",Boulevard Alberto Einstein,"19.28840457690829,-99.61064391680601",Santa Ana Tlapaltitlan,Buena Vista
3793,Resuelto,2025-08-07 11:49:35,2025-12-29 19:03:43,"EN SEGUIMIENTO A REPORTE 3763 quizá no me explique , no es calle independencia donde se tiene ya planeado el proyecto de sendero seguro y en otro proyecto de otro tamo sobre la misma calle, estos que reporto son aproximadamente 8 baches para taparse ubicados en calle independencia pero fuera de los tramos que ya se tienen considerados en proyecto ,por eso pedimos de su apoyo con cuadrilla de bacheo o bien con apoyo de material, abarcando calles de reforma, ayuntamiento,constituyentes muchas gracias ",Avenida Independencia 628,"19.3178484,-99.5950774",San Mateo Otzacatipan,La Floresta
3792,Resuelto,2025-08-07 11:11:21,2025-12-28 15:08:17,"Uds ya saben que la calle está intransitable y horrible por favor ya atiendan van más de 3 años que la calle está así,  genera mucho tráfico y problemas automotores ",Avenida Paseo Vicente Lombardo Toledano 319C,"19.308058513487754,-99.59271088873567",Santa María Totoltepec,Arboledas
3790,Resuelto,2025-08-07 10:50:08,2025-10-07 14:39:38,un bache se a vuelto peligroso e visto vehículos dañados y algún percance ya está muy grande y con la lluvia no se distingue el tamaño," Universitaria","19.2875263,-99.6794688",Ciudad Universitaria,Plazas De San Buenaventura
3789,Resuelto,2025-08-07 10:05:02,2025-12-30 09:50:51,Es la avenida principal del Fraccionamiento Real de San Pablo... Requiere toda la avenida Lerma un reencarpetamiento total desde la calle Toluca hasta la última calle hacia Real de San Pablo... solo pude anexar una de las múltiples fotos de la avenida en general,Lerma 110,"19.387465199999998,-99.6427775",San Pablo Autopan,San Diego Linares
3787,Cancelado,2025-08-07 09:33:39,2025-12-29 18:23:43,frente a tienda la jirafa,Avenida Santa Elena 1400,"19.3088141,-99.6149102",San Lorenzo Tepaltitlan,Rincón De San Lorenzo
3786,Cancelado,2025-08-07 09:32:28,2025-10-02 22:23:40,frente a oxxo,Avenida Santa Elena 150,"19.307620099999998,-99.6150298",San Lorenzo Tepaltitlan,Rincón De San Lorenzo
3784,Cancelado,2025-08-07 09:20:16,2025-12-29 18:22:51,toda la avenida bacheo ademas frente a pozo de agua de rincon de san lorenzo diversos puntos,Avenida Santa Elena 11,"19.3093009,-99.6148619",San Lorenzo Tepaltitlan,Rincón De San Lorenzo
3783,Resuelto,2025-08-07 09:03:13,2025-10-06 13:33:18,Este bache se esta arrancando dia con dia ya q el flujo de uso. yvlos carros y camiones se ladean y pasa por debajo un canal de agua residual y se pidria hacer un socavón por su atención gracias,Calle Ignacio Zaragoza 3,"19.347652500000002,-99.60769619999999",San Mateo Otzacatipan,Rancho San José
3763,Resuelto,2025-08-06 19:51:22,2025-09-23 16:46:00,"Solicitamos su apoyo con una cuadrilla de bacheo para la calle Reforma en geovillas de san mateo hasta la calle fray Servando Teresa de mier. Ya se que nos apoyen con una cuadrilla o con solo el material y nosotros nos organizamos para la labor de bacheo ",Avenida Independencia 616,"19.317408399999998,-99.59502470000001",San Mateo Otzacatipan,La Floresta
3762,Resuelto,2025-08-06 19:27:06,2025-11-27 16:59:28,Frente al número 912,Dolores Hidalgo 1973,"19.2965274,-99.6366075",Independencia,Independencia
3761,Resuelto,2025-08-06 19:25:14,2025-11-27 16:58:28,frente al Número 914,Dolores Hidalgo 1012,"19.2963688,-99.6364638",Independencia,Independencia
3757,Resuelto,2025-08-06 17:33:23,2025-12-30 09:50:18,"enfrente de la tienda Camí se a echo más grande al pasar los meses es la segunda ocasión que se reporta y las autoridades hacen caso omiso ",Avenida Avenida José María Pino Suárez 161,"19.343250599999998,-99.65190419999999",San Pablo Autopan,Santa Cruz Ii
3756,Resuelto,2025-08-06 16:58:26,2025-12-28 14:35:36,esta en estado vulnerable que presenta riesgo ala comunidad somos una de las comunidades más abandonadas del municipio espero que el SR.RICARDO MORENO volte a nuestra comunidad ya que e echó varios reportes por medio de esta aplicación que espero que la aplicación sirva para que la ciudadanía no pierda su tiempo en mentiras,Independencia Independencia,"19.383680599999998,-99.7250903",San Martin Toltepec,Sebastián Lerdo De Tejada
3755,Resuelto,2025-08-06 16:48:13,2025-12-28 14:35:10,bacheo,Independencia Independencia,"19.377782,-99.7233335",San Martin Toltepec,Sebastián Lerdo De Tejada
3754,Resuelto,2025-08-06 16:04:37,2025-11-05 14:57:09,Cerca de la escuela de natación quimea,Manuel Bernal 1154,"19.2538677,-99.67042339999999",Capultitlán,Los Pinos
3752,Resuelto,2025-08-06 14:44:29,2025-12-30 09:49:57,"Se encuentran varios baches grandes que hay que atender ",San José 200,"19.3725105,-99.581327",Sauces,Villas Santín I
3751,Cancelado,2025-08-06 14:42:50,2025-10-02 22:50:39,en la esquina de la calle San pablo con avenida de las partidas se encuentran una serie de baches  ya muy profundos,Avenida de las Partidas Esquina,"19.372989699999998,-99.58096900000001",Sauces,Villas Santín I
3749,Resuelto,2025-08-06 14:18:59,2025-11-06 14:01:19,Paralela a las torres,Calle Puebla 504,"19.271546752493936,-99.64043927400436",Santa María De Las Rosas,Nueva Santa María De Las Rosas
3750,Resuelto,2025-08-06 14:18:59,2025-08-07 10:50:37,Paralela a las torres,Calle Puebla 504,"19.271546752493936,-99.64043927400436",Santa María De Las Rosas,Nueva Santa María De Las Rosas
3746,Resuelto,2025-08-06 13:29:22,2025-10-29 13:02:20,"Frente a portón principal de prepa 5 ",Calle Ceboruco 626,"19.260254009612854,-99.64404454234567",Del Parque,Ampliación Lázaro Cárdenas
3744,Resuelto,2025-08-06 12:27:38,2025-12-28 15:08:38,Desde en frente de misiones santa esperanza hasta en bodega Aurrerá,Vicente Lombardo Toledano,"19.3096511,-99.5833477",San Pedro Totoltepec,Manzana Sur
3740,Resuelto,2025-08-06 11:55:42,2025-09-04 16:57:39,"Otra calle igual, que está llena de cráteres, intransitable ya, no hay ni para dónde irse, esquivas un bache y te metes a 5, exijo que ya arreglen, llevamos meses así, nuestros carros chingandose y a ustedes les vale, ya estoy harta , Pd. no he podido tomar fotos para la evidencia  ???????",Avenida Cuauhtémoc,"19.301846243990074,-99.59332974717735",Santa Maria Totoltepec,El Olimpo
3739,Resuelto,2025-08-06 11:49:13,2025-08-07 10:32:53,"Aquí de plano nos hundimos, ya parece socavón, está de la chin%#^*, ya lleva meses aquí y les vale. Ya arreglen",Calle Cuitláhuac 100,"19.30330344782443,-99.59150545265693",Santa Maria Totoltepec,Del Centro
3738,Resuelto,2025-08-06 11:45:03,2025-09-04 16:51:23,"Está horrible aquí, ya no se puede transitar sin meterse a los baches, ya arreglen carajo",Avenida Cuauhtémoc 180,"19.29879308761663,-99.59410836519824",Santa Maria Totoltepec,El Olimpo
3737,Resuelto,2025-08-06 11:44:48,2025-10-29 13:00:52,"insistimos que es necesario arrehlar la entrada y salida de prepa 5 calle ceboruco no pongan la escusa de que esa calle es de metepec todavia es Toluca todo el dia es muy transitada,era para ayer inutiles",Fraccionamento Romiy 624,"19.2601062,-99.6443168",Del Parque,Azteca
3733,Cancelado,2025-08-06 11:03:32,2025-10-03 07:26:44,"Justo en esquina de Independencia e Insurgentes ",Avenida Benito Juárez Garcia Sur 111,"19.2912383,-99.6545713",Centro Histórico,Centro
3732,Resuelto,2025-08-06 10:29:39,2025-12-30 09:49:24,"frente Nova casa CEDIS Toluca a un costado de la paloma compañía de metales ",Calle Industria Minera OPTA 2000 S.A. DE C.V.,"19.3021124,-99.6128887",Santa Ana Tlapaltitlan,Buena Vista
3727,Cancelado,2025-08-06 00:15:22,2025-12-29 17:33:08,"Frente a Oxxo estrella park "," Santa Ana Tlapaltitlán","19.2908303,-99.61065289999999",Santa Ana Tlapaltitlan,Buena Vista
3726,Resuelto,2025-08-05 23:59:44,2025-08-07 09:51:03,"preescolar Luis Coto y Maldonado ",Calle Industria Minera 43,"19.3026306,-99.609002",Santa Ana Tlapaltitlan,Buena Vista
3725,Resuelto,2025-08-05 23:53:19,2025-12-30 19:59:25,"preescolar Luis Coto y Maldonado ",Calle Industria Minera 13,"19.3027302,-99.6076605",Santa Ana Tlapaltitlan,Buena Vista
3724,Cancelado,2025-08-05 22:37:32,2025-08-06 09:41:46,Pruebas mobzilla,test,"19.6688634,-99.1631347",,
3723,Cancelado,2025-08-05 22:20:28,2025-08-06 09:41:38,Pruebas mobzilla,test,"19.6688634,-99.1631347",,
3722,Resuelto,2025-08-05 21:38:02,2025-08-06 09:41:25," Zona de alto riesgo  ya que es una calle muy transitada por peatones y vehículos, se anexa foto de  la zona más afectada y esperamos se nos tome encuenta ya que es un acceso a varios fraccionamientos.",Calle Independencia 116,"19.309012217445737,-99.5908294984889",Santa María Totoltepec,Arboledas
3721,Resuelto,2025-08-05 21:37:55,2025-11-06 13:34:15," Zona de alto riesgo  ya que es una calle muy transitada por peatones y vehículos, se anexa foto de  la zona más afectada y esperamos se nos tome encuenta ya que es un acceso a varios fraccionamientos.",Calle Independencia 116,"19.309012217445737,-99.5908294984889",Santa María Totoltepec,Arboledas
3717,Resuelto,2025-08-05 19:28:45,2025-12-29 19:34:58,"Es toda la avenida desde el Oxxo que es la entrada al fraccionamiento hasta el final del mismo toda la avenida ",Boulevard San Pablo,"19.389065955683293,-99.64628109615904",San Pablo Autopan,Real De San Pablo
3716,Resuelto,2025-08-05 19:16:25,2025-12-15 18:08:39,"Ultima calle del fraccionamiento real de san Pablo ",Carretera Atlacomulco,"19.391171970679313,-99.64907541034162",San Pablo Autopan,Real De San Pablo
3715,Resuelto,2025-08-05 19:14:06,2025-12-28 14:33:09,"Es calle atlacomulco ",Carretera Atlacomulco,"19.393249615307056,-99.64234802681659",San Pablo Autopan,San Diego Linares
3714,Resuelto,2025-08-05 19:05:05,2025-12-29 19:13:09,"Es el camino hacia el fraccionamiento real de san Pablo ",Calle Lerma,"19.388747106230575,-99.64327528043415",San Pablo Autopan,San Diego Linares
3702,Resuelto,2025-08-05 13:17:33,2025-12-30 09:48:19,"Pasando la escuela Grupo Colegio Mexiquense pasando el cruce ",Calle Libertad,"19.24741695086355,-99.6429569749834",San Felipe Tlalmimilolpan,El Calvario
3695,Resuelto,2025-08-05 01:21:06,2025-11-06 13:31:46,"Casi esquina Lombardo Toledano ",Calle Independencia 106,"19.309026199999998,-99.5908108",Santa María Totoltepec,Arboledas
3689,Resuelto,2025-08-04 22:47:43,2025-11-27 17:13:00,"Junto a las vías del tren ",José Martí 101,"19.300840771125376,-99.64167103014975",La Maquinita,Tlacopa
3688,Resuelto,2025-08-04 22:43:59,2025-11-21 11:32:54,"Esquina ",Calle Valladolid,"19.299299617118415,-99.63241048905576",Independencia,San Juan Buenavista
3679,Resuelto,2025-08-04 20:08:29,2025-10-01 22:44:31,Toda la calle está en pésimas condiciones llevamos más de 7 años así,Calle Ignacio López Rayón,"19.335084740389995,-99.65645720837826",Santiago Miltepec,Miltepec Norte
3676,Resuelto,2025-08-04 19:31:57,2025-08-04 19:56:06,Por favor. Ayúdenos a que se repare todo este crucero. Es terrible que exista desde hace más de medio año y nadie haga algo!!! Los coches se maltratan y es peligroso. Ya hay piezas de autos que seguro se dañaron al pasar ? Gracias,Calle Emiliano Zapata,"19.29443089167496,-99.55028488307197",,
3674,Resuelto,2025-08-04 18:12:19,2025-11-12 16:55:28,"dando vuelta de Díaz Mirón en la calle Nezahualcoyotl es prácticamente del tamaño del carril. ",Nezahualcóyotl 217,"19.2812579,-99.63220629999999",San Sebastian,Izcalli Toluca
3672,Resuelto,2025-08-04 16:46:11,2025-11-27 15:50:15,frente al número 1902 de Dolores Hidalgo,Dolores Hidalgo 114(112),"19.2964605,-99.6369718",Independencia,Independencia
3663,Resuelto,2025-08-04 12:50:00,2025-12-15 18:08:18,"Esta muy feo y es Transito escolar ",Calle la Paz 20,"19.228657292386426,-99.67213756689996",Santiago Tlacotepec,Del Centro
3658,Cancelado,2025-08-03 17:24:19,2025-12-30 12:47:37,"a un costado de primaria juan de la barrera "," 031","19.362009999999998,-99.5929567",San Mateo Otzacatipan,San Diego De Los Padres Otzacatipan
3656,Cancelado,2025-08-03 16:43:04,2025-12-30 12:47:21,"Se solicita emparejar la calle de terracería con maquinaria o material de desecho. ",Calle Ignacio Manuel Altamirano 1708,"19.260804954871798,-99.65237361222283",Del Parque,Del Parque Ii
3655,Cancelado,2025-08-03 16:18:27,2025-12-30 12:47:09,"Frente a Sam’s club ",Calle Mariano Matamoros,"19.350660697030612,-99.59462939855223",Sauces,Sauces Ii
3652,Cancelado,2025-08-03 10:32:28,2025-12-30 12:44:52,"es primaria héroes de la independencia ",Miguel Hidalgo &,"19.3143803,-99.6231633",San Lorenzo Tepaltitlan,El Charco
3649,Cancelado,2025-08-03 09:28:49,2025-12-30 12:44:17,"El Bache tiene más de un año en estado crítico, lamentable que no sea reparado apesar de los múltiples reportes de vecinos ",Calle Ignacio Zaragoza 3,"19.347652500000002,-99.60769619999999",San Mateo Otzacatipan,Rancho San José
3647,Cancelado,2025-08-03 07:28:31,2025-12-30 12:44:00,Calle Con Baches,Retorno Diagonal Miguel Hidalgo y Costilla,"19.3206305,-99.6213114",San Lorenzo Tepaltitlan,San Angelín
3642,Resuelto,2025-08-02 20:39:27,2025-08-04 18:38:31,Enfrente del Autozone,Boulevard Adolfo López Mateos 106,"19.2880834,-99.6843548",San Mateo Oxtotitlan,Rincón Del Parque
3636,Cancelado,2025-08-02 13:06:57,2025-12-30 12:43:41,A un costado de la Subestación de CFE,Calle Galeana,"19.327409007861938,-99.5756981089567",San Pedro Totoltepec,San Miguel Totoltepec
3632,Resuelto,2025-08-02 09:28:16,2025-08-04 18:35:02,calle afectada rio Lerma de la colonia 3 caminos esquina rio sucheate calle principal de la iglesia con bastantes baches dejo mi teléfono 722 601 3543,Río Suchiate 100,"19.315445999999998,-99.6511197",Santiago Miltepec,Miltepec Centro
3629,Resuelto,2025-08-02 08:36:19,2025-08-04 18:33:13,calle principal urge su intervención rio sucheate es la afectada como referencia pongo mi domicilio rio sucheate 215 esquina rio balsas colonia 3caminos es calle principal con bastantes baches teléfono. 722 601 3543,Río Suchiate 100,"19.315445999999998,-99.6511197",Santiago Miltepec,Miltepec Centro
3628,Resuelto,2025-08-02 08:32:42,2025-08-04 18:29:11,"calle afectada rio balsas con mega baches urge su intervención en la colonia 3 caminos calle rio balsas esquina rio sucheate  como referencia pongo mi domicilio rio sucheate 215 ",Río Suchiate 100,"19.315445999999998,-99.6511197",Santiago Miltepec,Miltepec Centro
3627,Resuelto,2025-08-02 08:27:57,2025-08-04 18:26:36,"urge bacheo en la calle rio Lerma es la afectada es la calle de la iglesia y presenta bastantes baches rio lerma esquina rio sucheate colonia 3caminos  para referencias pongo mi domicilio rio Lerma 116 colonia 3caminos ",Río Suchiate 100,"19.315445999999998,-99.6511197",Santiago Miltepec,Miltepec Centro
3625,Resuelto,2025-08-02 08:16:34,2025-08-04 18:25:13,"es la calle principal de la colonia y requiere mantenimiento levantar adoquín y poner chapote o asfalto son tramos cortos es bacheo es la calle rio sucheate esquina rio balsas colonia 3caminos ",Río Suchiate 100,"19.315445999999998,-99.6511197",Santiago Miltepec,Miltepec Centro
3624,Cancelado,2025-08-02 08:07:06,2025-12-30 12:43:18,"está calle es principal presenta bastantes baches es la calle rio sucheate la afectada esquina rio balsas colonia tres caminos ",Río Suchiate 100,"19.315445999999998,-99.6511197",Santiago Miltepec,Miltepec Centro
3623,Resuelto,2025-08-02 08:03:27,2025-08-04 18:13:10,"está calle presenta varios baches ya está muy afectada urge su intervención  calle mil cumbres esquina rio papaloapan santa cruz atzcapotzaltongo ",Boulevard Isidro Fabela 1101,"19.3158752,-99.65101829999999",Santiago Miltepec,Miltepec Centro
3621,Resuelto,2025-08-02 08:00:12,2025-08-04 18:08:13,varios baches que ponen en riesgo la ciudadanía urge su mantenimiento  en la calle rio yaqui esquina rio papaloapan es la calle rio yaqui la afectada,Boulevard Isidro Fabela 1101,"19.3158752,-99.65101829999999",Santiago Miltepec,Miltepec Centro
3618,Cancelado,2025-08-02 03:31:23,2025-12-30 12:42:27,"Es un horror transitar por esta avenida ",Calle Independencia,"19.31495075496306,-99.59529187230142",San Mateo Otzacatipan,Geovillas Arboleda
3616,Cancelado,2025-08-02 00:37:35,2025-12-30 12:42:11,en marzo bachearon toda esa calle que estaba destruida  y en 3 meses otra vez esta igual ademas en la ibterseccion con la calle Emilio Campa dejaron  marcados algunos cuadros que marcaron con la sierra pero no levantaron y tambien volvieron a formarse mas baches en  donde ya estaba agrietado el asfalto,Calle Eduardo Gonzalez y Pichardo 2116,"19.260284499999997,-99.6669438",Ocho Cedros,Ocho Cedros Ii
3615,Resuelto,2025-08-02 00:29:10,2025-08-04 17:15:40,ya sabemos que no esa avenida le corresponde a la junta de caminos aun asi es su resposnabilidad como ayuntamiento hacer un nacheo temporal hasta que esos inutiles se dignen en arreglar todo el tramo,Calle Prolongación 5 de Mayo 2 Oriente 3633,"19.2734117,-99.6327316",San Sebastian,Comisión Federal De Electricidad
3614,Resuelto,2025-08-02 00:23:56,2025-08-04 16:58:18,todo esa avenida presenta hoyos sobre hoyos desde la esquina de Av de las torres hasta el panteon municipal,Heriberto Enríquez 340,"19.2614841,-99.6441179",,
3613,Resuelto,2025-08-02 00:20:12,2025-08-04 16:53:54,es urgente que arreglen ese crater que esta justo en la entrada y salida de prepa 5 es una molestia para los que estudian y trabajan en plantel  es una calle muy transitada que esperan!!!!,Heriberto Enríquez 904,"19.260365099999998,-99.64399499999999",Del Parque,Ampliación Lázaro Cárdenas
3612,Resuelto,2025-08-01 23:46:19,2025-12-31 11:43:44,frente a prepa 5,Calle Ceboruco 67,"19.260326499999998,-99.6442051",Del Parque,Ampliación Lázaro Cárdenas
3610,Cancelado,2025-08-01 20:20:46,2025-12-30 12:41:30,Cerca de la cementera,Calle Quetzalcóatl,"19.38863861234966,-99.61491281527732",San Andrés Cuexcontitlán,Loma La Providencia
3607,Cancelado,2025-08-01 18:15:26,2025-12-29 17:21:53,"todo el camino que lleva al refugio está en malas condiciones ",Calle Antonio Bernal 114A,"19.2523607,-99.66473930000001",Capultitlán,Guadalupe
3601,Resuelto,2025-08-01 14:30:53,2025-12-30 19:43:57,REQUIERE RENCARPETAMIETO,Avenida Paseo Vicente Lombardo Toledano 26,"19.308889594946088,-99.58724659780619",Santa María Totoltepec,Arboledas
3597,Resuelto,2025-08-01 11:24:44,2025-12-15 18:07:50,"Es algo muy grande ",Calle Chicomostoc 106,"19.30050221097157,-99.66036769075491",Barrios Tradicionales,Unión
3596,Cancelado,2025-08-01 11:21:05,2025-10-03 00:05:03,No solo es un bache son varios toda esa calle está inservible ya que carros se an ponchado llantas etc,Calle Juventino Rosas,"19.2969526,-99.6547958",Árbol De Las Manitas,Zopilocalco Sur
3594,Resuelto,2025-08-01 10:55:31,2025-09-23 16:21:24,"urge Bacheo, enormes agujeros que no se ven con la lluvia",Manuel Buendía Tellez Girón 610,"19.347146499999997,-99.64394019999999",San Pablo Autopan,Pueblo Nuevo Ii
3593,Resuelto,2025-08-01 10:54:22,2025-09-23 16:22:53,requiere bacheo urgente,Manuel Buendía Tellez Girón 4,"19.3454482,-99.6438467",San Pablo Autopan,Pueblo Nuevo Ii
3586,Resuelto,2025-07-31 20:59:55,2025-10-20 11:51:20,frente a la iglesia San martin,Urawa 629,"19.2839091,-99.63767709999999",San Sebastian,Progreso
3584,Resuelto,2025-07-31 20:18:58,2025-10-01 22:50:03,Toda la calle está destrozada urge hagan algo,Calle Ignacio López Rayón 320,"19.336308528266926,-99.65637815532311",Santiago Miltepec,Miltepec Norte
3583,Resuelto,2025-07-31 18:09:24,2025-12-29 19:34:42,"Toda la calle está intransitable y llena de baches lo que impide el libre tránsito de los carros y camiones pesados y más en temporada de lluvias ",Miguel Hidalgo y Costilla 2414,"19.3557761,-99.63377899999999",San Andrés Cuexcontitlán,Natividad
3581,Resuelto,2025-07-31 17:16:01,2025-12-30 09:47:52,"Son dos baches: el primero se encuentra en Callejón de Wenceslao Labra esquina con Pino Suárez, el segundo en la calle de Francisco Vázquez Gómez casi esquina con Callejón de Wenceslao Labra ",Francisco Vázquez 126,"19.272115499999998,-99.64209819999999",Santa María De Las Rosas,Nueva Santa María De Las Rosas
3576,Resuelto,2025-07-31 13:00:57,2025-10-03 09:44:24,Toda la calle dando la vuelta de garis hasta el Oxxo está así o peor,Calle Independencia,"19.307844917933963,-99.59599196084217",San Mateo Otzacatipan,Geovillas Independencia
3577,Resuelto,2025-07-31 13:00:57,2025-10-03 09:47:02,Toda la calle dando la vuelta de garis hasta el Oxxo está así o peor,Calle Independencia,"19.307844917933963,-99.59599196084217",San Mateo Otzacatipan,Geovillas Independencia
3578,Resuelto,2025-07-31 13:00:57,2025-07-31 18:41:49,Toda la calle dando la vuelta de garis hasta el Oxxo está así o peor,Calle Independencia,"19.307844917933963,-99.59599196084217",San Mateo Otzacatipan,Geovillas Independencia
3572,Resuelto,2025-07-31 09:13:59,2025-12-15 18:07:26,"Se ha identificado un bache de gran magnitud, con una longitud superior a 8 metros, que prácticamente ocupa toda la anchura de la calle. Este bache se encuentra rodeado de una serie de baches más pequeños pero persistentes, lo que agrava aún más la situación. Debido a su ubicación en una de las principales vías de tráfico de la zona industrial, este bache está generando importantes congestiones vehiculares. La profundidad del bache es considerable, lo que aumenta el riesgo de daños a los vehículos y pone en peligro la seguridad de los conductores y peatones. 

Dada la gravedad de la situación, considero que es fundamental que se priorice la reparación de este tramo crítico de la vía para prevenir accidentes, reducir el impacto negativo en la circulación y garantizar la seguridad de los usuarios.",Avenida Industria Automotriz 47,"19.296189599999998,-99.5948148",Santa Maria Totoltepec,El Olimpo
3571,Resuelto,2025-07-31 08:50:13,2025-07-31 18:36:31,"Se reporta la presencia de un enorme bache  que mide más de 4 metros de diámetro, localizado en el cruce del ferrocarril. Este punto es extremadamente peligroso, ya que se trata de una vía con un flujo constante de tráfico, donde circula maquinaria industrial. 

La situación es crítica, ya que este bache ha sido origen de colisiones en ocasiones anteriores, poniendo en riesgo la seguridad de todos los que transitan por esta área. Por lo tanto, es necesario realizar una reparación urgente para evitar futuros accidentes y garantizar la seguridad vial.",Boulevard Alberto Einstein 2017,"19.2968558,-99.6100462",Santa Ana Tlapaltitlan,Buena Vista
3568,Resuelto,2025-07-31 07:47:59,2025-12-30 09:47:24,"Atrás de price shoes ",Calle Manuel María Contreras 227,"19.2843958,-99.6359334",San Sebastian,San Sebastián Y Vértice
3566,Resuelto,2025-07-31 06:18:26,2025-09-23 16:16:11,Cerca De Farmacia,Manuel Buendía Tellez Girón 63,"19.3543098,-99.6432452",San Pablo Autopan,Pueblo Nuevo I
3565,Resuelto,2025-07-31 06:16:25,2025-09-23 16:17:45,"Frente A Purificadora} ",Manuel Buendía Tellez Girón 164,"19.354962399999998,-99.6434769",San Pablo Autopan,Pueblo Nuevo Ii
3564,Resuelto,2025-07-31 06:14:17,2025-09-23 16:19:06,"Frente A Papelería ",Manuel Buendía Tellez Girón 164,"19.354962399999998,-99.6434769",San Pablo Autopan,Pueblo Nuevo Ii
3563,Resuelto,2025-07-31 06:12:33,2025-07-31 18:29:01,Frente A Quinta Cedros,Manuel Buendía Tellez Girón 160,"19.355207999999998,-99.64349449999999",San Pablo Autopan,Pueblo Nuevo Ii
3562,Resuelto,2025-07-31 06:10:48,2025-09-23 16:10:20,Frente A FERRETERIA,Manuel Buendía Tellez Girón 147,"19.3554534,-99.6432365",San Pablo Autopan,Pueblo Nuevo I
3559,Cancelado,2025-07-30 22:20:45,2025-12-30 12:41:00,"toda la avenida revolución está muy dañada..  hay baches que casi cubren toda la carretera y cuando lluevese llenan de agua en verdad es muy peligroso ",De Los Abedules 20,"19.3551823,-99.5992682",Sauces,Sauces I
3558,Resuelto,2025-07-30 21:50:14,2025-12-30 17:01:53,"Desde Constituyentes hasta Morelos ",Calle Motolinía 310,"19.2869593,-99.670115",Ciudad Universitaria,San Bernardino
3556,Cancelado,2025-07-30 19:58:24,2025-12-30 12:40:03,reporte de bache ya que se puede hacer un socavón debido a que pasa por debajo un canal de agua y a la vez que tapen unos pequeños baches sobre flores magon antes de que se agranden por su atención gracias,Calle Ignacio Zaragoza 3,"19.347652500000002,-99.60769619999999",San Mateo Otzacatipan,Rancho San José
3553,Resuelto,2025-07-30 17:59:10,2025-10-27 10:18:17,"Frente al Parque Vicente Guerrero ",Calle José María Robelo 135,"19.285438027633877,-99.67420078126257",Ciudad Universitaria,San Bernardino
3551,Resuelto,2025-07-30 17:16:28,2025-07-31 14:17:33,La calle está en muy malas condiciones seguido se ponchan las llantas y cuando llueve es casi imposible transitar ya que a parte se estacionan trailers y es más complicado,Calle Independencia 65,"19.251899849593865,-99.71246782416988",Cacalomacan,Sagrado Corazón
3550,Cancelado,2025-07-30 17:16:27,2025-10-02 14:07:48,La calle está en muy malas condiciones seguido se ponchan las llantas y cuando llueve es casi imposible transitar ya que a parte se estacionan trailers y es más complicado,Calle Independencia 65,"19.251899849593865,-99.71246782416988",Cacalomacan,Sagrado Corazón
3544,Resuelto,2025-07-30 13:41:00,2025-12-30 09:46:52,"Hay dos baches grandes sobre la calle de Lerma, a la altura de la entrada y salida del Sanatorio Santa Cruz. La calle es muy transitada y estos dos baches cada día se hacen más grandes. Gracias. ",Calle Lerma 401,"19.2932561,-99.66974",Sánchez,La Teresona Ii
3542,Resuelto,2025-07-30 13:34:05,2025-07-30 14:44:57,"La calle de Lerma es uno de los accesos al Sanatorio Santa Cruz, y los baches complican el traslado de pacientes. Gracias.",Calle Lerma 508,"19.2943785,-99.6696975",Sánchez,Sector Popular
3543,Resuelto,2025-07-30 13:34:05,2025-07-30 14:44:53,"La calle de Lerma es uno de los accesos al Sanatorio Santa Cruz, y los baches complican el traslado de pacientes. Gracias.",Calle Lerma 508,"19.2943785,-99.6696975",Sánchez,Sector Popular
3541,Cancelado,2025-07-30 13:34:04,2025-12-30 12:39:38,"La calle de Lerma es uno de los accesos al Sanatorio Santa Cruz, y los baches complican el traslado de pacientes. Gracias.",Calle Lerma 508,"19.2943785,-99.6696975",Sánchez,Sector Popular
3539,Resuelto,2025-07-30 13:11:25,2025-12-28 14:32:40,aún costado de la iglesia de cristo rey,Quintana Roo 208,"19.3052282,-99.59744549999999",San Mateo Otzacatipan,Vicente Lombardo
3538,Resuelto,2025-07-30 13:11:21,2025-12-30 09:46:13,se reparo fuga de aguas negras,Filosofía 215,"19.2768655,-99.6904957",San Buenaventura,Cultural
3536,Resuelto,2025-07-30 12:56:42,2025-12-28 14:32:17,"aún costado d la farmacia Guadalajara ",Quintana Roo 208,"19.3052282,-99.59744549999999",San Mateo Otzacatipan,Vicente Lombardo
3534,Resuelto,2025-07-30 12:41:41,2025-12-01 10:41:26,"son 20 baches ",Malinalco 221,"19.361828799999998,-99.60097619999999",San Andrés Cuexcontitlán,San Diego De Los Padres I
3526,Resuelto,2025-07-30 07:59:46,2025-12-30 09:45:46,"La calle es intransitable, demasiados baches por más de 5 años y cuando llueve no se ven los baches y daña los vehículos particulares que transitan por la calle ",Miguel Hidalgo y Costilla 518,"19.3556472,-99.6330673",San Andrés Cuexcontitlán,Natividad
3523,Resuelto,2025-07-30 06:54:57,2025-10-03 18:43:08,"la calle a atender es en la colonia 3 caminos es la calle rio sucheate  con bastantes baches urge su atención porfavor para mayor información en calle rio sucheate #215 con Leonel ",Río Papaloapan 302,"19.3159007,-99.6518804",Santiago Miltepec,Miltepec Centro
3519,Resuelto,2025-07-30 00:57:22,2025-10-03 18:41:38,5 baches enormes urge su compostura es una avenida principal muy transitada,Río Papaloapan 111,"19.3151101,-99.65032479999999",Santiago Miltepec,Miltepec Centro
3516,Cancelado,2025-07-29 19:38:28,2025-12-30 12:39:18,"Toda la Unidad Armando Neyra Chavez está intransitable, la calle Independencia esta con un bache enorme",Calle la Palma 4,"19.311975099832093,-99.58436404711809",San Pedro Totoltepec,Manzana Sur
3515,Cancelado,2025-07-29 19:18:13,2025-12-30 12:39:01," avenida Sauces casi esquina con  Tamarindos  ya que es de mucho riezgo  por que con estas lluvias han caido varios carros y motociclistas",Calle Paseo de los Sauces 8–81,"19.357673087118396,-99.59387283528211",Sauces,Sauces I
3512,Resuelto,2025-07-29 17:58:27,2025-12-28 14:31:51,La gran parte de la calle se encuentra en malas condiciones.,Calle Independencia 59,"19.251935970335662,-99.71248991573411",Cacalomacan,Sagrado Corazón
3511,Resuelto,2025-07-29 17:53:15,2025-07-30 12:35:39,"Es la incorporación hacia Paseo Matlazincas viniendo sobre Adolfo López Mateos ",Boulevard Adolfo López Mateos,"19.287880299090684,-99.67948275500775",Ciudad Universitaria,Plazas De San Buenaventura
3508,Resuelto,2025-07-29 16:22:34,2025-12-30 09:45:20,"crecimiento de baches, junto al río Tejalpa en dirección a palmillas  ",Nicolás Bravo 485,"19.3376335,-99.68513449999999",Calixtlahuaca,San Francisco De Asis
3507,Pendiente,2025-07-29 15:15:16,2026-02-13 13:02:11,"Hoyo profundo ",Calle Rodolfo Soto Cordero,"19.285764615149567,-99.66746677303342",Ciudad Universitaria,San Bernardino
3505,Resuelto,2025-07-29 13:56:44,2025-07-30 12:27:00,"justo en calle libertad esquina Guadalupe ",Guadalupe 111,"19.2694837,-99.69112419999999",San Buenaventura,Pensador Mexicano
3504,Resuelto,2025-07-29 13:55:49,2025-11-05 11:26:24,Nicolas Bravo,Guadalupe 111,"19.2694837,-99.69112419999999",San Buenaventura,Pensador Mexicano
3503,Resuelto,2025-07-29 13:46:51,2025-11-05 14:58:55,"frente a escuela de natación ",Manuel Bernal 1154,"19.2538677,-99.67042339999999",Capultitlán,Los Pinos
3502,Resuelto,2025-07-29 13:35:51,2025-10-20 12:21:10,"toda la calle ",Alcatraz 107E,"19.2481138,-99.6344919",Metropolitana,Las Margaritas
3501,Resuelto,2025-07-29 13:26:26,2025-10-03 08:28:45,Por el Oxxo de Paseis del valle,Calle General José Antonio Albarrán,"19.255887533572366,-99.65002502289259",San Felipe Tlalmimilolpan,Jardines De San Pedro
3498,Resuelto,2025-07-29 11:18:10,2025-07-30 10:20:19,"calle nueva de pacífico a torres ",Privada de Héroes del 47 19,"19.2672776,-99.7173904",,
3497,Resuelto,2025-07-28 22:40:31,2025-12-28 14:31:26,"A un costado de la primaria ",Calle Juan Escutia 112,"19.29855022482673,-99.69227942052392",San Mateo Oxtotitlan,Niños Héroes I
3495,Resuelto,2025-07-28 22:32:27,2025-10-28 13:00:07,Hay Un Bacheo Muy Grande A Mitad De La Calle,Valentín Gómez Farías 1202,"19.285131399999997,-99.6675325",Ciudad Universitaria,San Bernardino
3492,Resuelto,2025-07-28 22:21:10,2025-07-29 19:06:09,"Hay Muchos Baches En Esta Calle ",Calle Epigmenio de la Piedra 119,"19.2857621,-99.6698701",Ciudad Universitaria,San Bernardino
3491,Resuelto,2025-07-28 22:12:26,2025-10-27 09:47:57,"Hay Muchos Baches En Esta Calle ",Fray Pedro de Gante 206,"19.2869134,-99.67188510000001",Ciudad Universitaria,San Bernardino
3486,Resuelto,2025-07-28 21:45:31,2025-07-29 19:04:15,"Hay Baches En Esta Calle ",Pedro Moreno 117,"19.2856491,-99.6719169",Ciudad Universitaria,San Bernardino
3485,Resuelto,2025-07-28 21:40:45,2025-07-29 19:04:24,"Hay Baches En Esta Calle ",Coronel Bernardo G. de Lara 120,"19.285589599999998,-99.6713563",Ciudad Universitaria,San Bernardino
3484,Cancelado,2025-07-28 21:36:15,2025-12-29 17:32:43,Hay Muchos Baches En Esta Calle,Epigmenio González 114,"19.2856549,-99.670934",Ciudad Universitaria,San Bernardino
3482,Cancelado,2025-07-28 19:13:13,2025-12-29 18:22:22,"La calle necesita un bacheo completo, ya esta fracturado el concreto ",Calle Salvador Sánchez Colín 311,"19.276081485286575,-99.68554593149432",San Buenaventura,Guadalupe
3480,Resuelto,2025-07-28 18:27:39,2025-07-28 18:33:28,"En las mañanas despies de que llovio toda la noche hay una fina capa de agua y no se ve donde hay baches y donde esta bien, yo cai wsta mañana rumbo al trabajo en un bache que hizo quw se doblara mi moto, el costo de reparlo es de aproximadamente 6000 pesos",Adolfo López Mateos 910,"19.285621199999998,-99.528793",,
3479,Cancelado,2025-07-28 18:26:57,2025-10-07 11:41:59,Hay un módulo y Oxxo en esta calle,Avenida José María Morelos y Pavón 112,"19.2879,-99.6532",Centro Histórico,5 De Mayo
3475,Resuelto,2025-07-28 16:41:04,2025-12-09 12:36:49,la calle contiene baches y por la lluvias están apareciendo mas,Calle Independencia Norte 78,"19.3184386,-99.6260764",San Lorenzo Tepaltitlan,El Charco
3474,Resuelto,2025-07-28 16:34:54,2025-07-29 18:55:30,"boulevard aeropuerto direccion sendero en puente ",Boulevard Aeropuerto 302,"19.348362599999998,-99.5910337",San Mateo Otzacatipan,San José Guadalupe Otzacatipan
3473,Resuelto,2025-07-28 16:33:17,2025-12-28 14:06:05,Puente peatonal,Juan de La Barrera 46,"19.3228831,-99.56818779999999",San Pedro Totoltepec,Nueva San Francisco
3471,Resuelto,2025-07-28 14:06:42,2025-12-28 14:31:00,"Calles perpendiculares a Vicente Lombardo Toledano estan en pésimas condiciones también ",Paseo Vicente Lombardo Toledano 343,"19.3088889,-99.5860663",Santa Maria Totoltepec,Del Centro
3456,Resuelto,2025-07-28 11:13:33,2025-11-22 09:55:00,"bache u hoyo profundo en prolongación Santos Degollado ",Santos Degollado 925,"19.3017444,-99.6433533",La Maquinita,Los Ángeles
3449,Resuelto,2025-07-28 09:36:00,2025-11-22 09:52:59,"Diversos baches en calle Guadalupe posadas, atras de la secundaria y kinder Vicente Guerrero, afluencia de vehiculos constante",Calle Jose Guadalupe Posada 139,"19.305339099999998,-99.6463916",La Maquinita,Los Ángeles
3441,Resuelto,2025-07-27 20:11:45,2025-12-28 14:30:31,"Toda La Avenida Esta En Pésimas Condiciones. ",Avenida Del Trabajo 127a,"19.311303199999998,-99.6451191",La Maquinita,"Guadalupe, Club Jardín Y La Magdalena"
3440,Resuelto,2025-07-27 20:09:33,2025-11-24 12:37:50,Negocios De Comida En Ambas Banquetas,Manuel Buendía Tellez Girón 62,"19.311409599999998,-99.6456674",La Maquinita,Carlos Hank Y Los Frailes
3438,Resuelto,2025-07-27 18:53:21,2025-07-28 11:16:41,frente a farmacias Guadalajara y bodega aurrerá san Francisco talcilalcalpan,Valle de Bravo 6,"19.2972248,-99.7696316",,
3437,Resuelto,2025-07-27 18:04:06,2025-12-08 13:17:06,"Frente a Sams Club Plaza Santin ",Boulevard Miguel Aleman 1101,"19.3519426,-99.5906716",Sauces,Sauces Ii
3436,Resuelto,2025-07-27 17:47:03,2025-10-03 09:04:19,calle llena de baches,Calle Antonio Bernal 298,"19.2554063,-99.66958679999999",Capultitlán,Los Pinos
3434,Resuelto,2025-07-27 17:12:50,2025-11-27 16:38:19,"La calle Ob de Rio Blanco,  está hecha un desastre ",Calle Obreros de Río Blanco,"19.310957772406322,-99.64227258663128",La Maquinita,"Guadalupe, Club Jardín Y La Magdalena"
3432,Resuelto,2025-07-27 16:08:32,2025-07-28 11:27:53,"frente a las zapaterías Mariana, se encuentra la calle más llena de baches",Valle de Bravo Valle de Bravo,"19.2979475,-99.753481",,
3427,Resuelto,2025-07-27 10:57:12,2025-07-28 11:30:34,"Por el Módulo De Policías, Sobre La Carretera Toluca Temoaya",Melchor Ocampo 1369,"19.355220499999998,-99.6294614",San Andrés Cuexcontitlán,Santa Rosa
3422,Resuelto,2025-07-27 00:44:28,2025-09-04 13:25:17,Prolongación paseo totoltepec,Prolongación Paseo Totoltepec 91,"19.31203253261832,-99.58583487086567",Santa María Totoltepec,Arboledas
3418,Resuelto,2025-07-26 20:08:10,2025-12-28 14:27:57,"la calle de andador de san luis obispo la foto que envio es de hace dos años y la calle esta mucho peor ","Calle Paseo De Los Matlatzincas, Paseo Tollocan Norte 218","19.301707099999998,-99.6601256",Barrios Tradicionales,San Luis Obispo
3415,Resuelto,2025-07-26 17:05:40,2025-12-28 14:27:36,"calle que comunica la central de abastos con gran parte de zona norte de Toluca ",Josefa Ortiz de Domínguez 20,"19.355530899999998,-99.6089374",San Cristobal Huichochitlan,San José Guadalupe
3414,Resuelto,2025-07-26 14:05:25,2025-09-04 13:23:18,https://www.facebook.com/share/v/19u2MaSBXg/?mibextid=wwXIfr,Prolongación Paseo Totoltepec 3,"19.310917283210564,-99.58587357823014",Santa María Totoltepec,Arboledas
3413,Resuelto,2025-07-26 13:01:28,2025-10-02 13:05:15,"Esa calle está totalmente intransitable, cuando llueve los carros se atascan",Avenida Miguel Hidalgo 108,"19.326013371038933,-99.57113221550621",San Pedro Totoltepec,San Miguel Totoltepec
3411,Resuelto,2025-07-26 11:48:16,2025-12-28 15:09:31,"toda la calle necesita mantenimiento,  lleva mas de 3 años sin ninguna mejora",Lerma 3,"19.375719,-99.6155306",San Andrés Cuexcontitlán,San Diego De Los Padres Ii
3408,Resuelto,2025-07-26 08:05:41,2025-10-29 15:28:19,enfrente del parque 18 de marzo,General Porfirio Díaz 408,"19.2646951,-99.65139130000001",Del Parque,Del Parque Ii
3407,Resuelto,2025-07-26 08:04:05,2025-12-28 14:27:11,la calle ya está muy deteriorada desde la carretera al zoológico asta san Felipe tlalmimilolpan,Camino a San Juan Tilapa Camino a San Juan Tilapa,"19.225553299999998,-99.6535748",San Felipe Tlalmimilolpan,Del Panteón
3405,Resuelto,2025-07-26 07:17:46,2025-12-15 18:07:05,"esta dañada toda la calle juan escutia es calle de escuelas ",Calle Juan Escutia 305,"19.2993111,-99.6923614",San Mateo Oxtotitlan,Niños Héroes I
3404,Resuelto,2025-07-26 07:16:01,2025-12-30 09:44:17,toda la calle esta dañada,Vicente Suárez 409,"19.302096,-99.6906465",San Mateo Oxtotitlan,Niños Héroes I
3401,Resuelto,2025-07-26 06:31:05,2025-07-28 11:19:08,"Casi frente al edificio de departamentos ",Calzada Metepec 8B,"19.286099534725377,-99.6066387056574",Santa Ana Tlapaltitlan,Santa María Norte
3400,Resuelto,2025-07-26 00:49:31,2025-12-30 09:43:55,"esta frente a una herrería es un socavón ",Lago Texcoco 110,"19.2719472,-99.6822444",San Buenaventura,Guadalupe
3399,Resuelto,2025-07-26 00:05:49,2025-12-28 14:26:45,"Toda la avenida al refugio, desde Tlacotepec hasta calle jinetes está en condiciones pésimas ",Avenida del Refugio,"19.22698932732694,-99.69572077564516",Santiago Tlacotepec,El Refugio
3395,Resuelto,2025-07-25 19:37:03,2025-07-28 11:08:58,"Toda la calle agustin millan, desde la entrada a  san pedro totoltepec frente a farmacias del ahorro, hasta miguel hidalgo sur esta horrible",Avenida Agustín Millán 67,"19.313973,-99.5676792",San Pedro Totoltepec,Barrio De San Francisco Totoltepec
3393,Resuelto,2025-07-25 19:28:26,2025-11-24 14:16:06,"Bacheo de la entrada de la colonia ",Calle José María Luis Mora,"19.315419054369748,-99.64588832460353",La Maquinita,Carlos Hank Y Los Frailes
3387,Resuelto,2025-07-25 17:51:58,2025-12-12 14:51:47,Bache que ya lleva más de un año,Calle Francisco Márquez 110,"19.299937135784635,-99.69276563810489",San Mateo Oxtotitlan,Niños Héroes I
3382,Resuelto,2025-07-25 14:02:06,2025-10-02 14:56:48,"URGE REENCARPETAMIENTO ASFÁLTICO DE TODA LA CALLE, todas las evidencias no caben solo en el archivo que permite la app",Privada Pino Suárez,"19.2838132,-99.6307933",Santa Ana Tlapaltitlan,Pino Suarez
3381,Resuelto,2025-07-25 13:58:41,2025-07-28 10:44:02,"La calle está en muy mal estado no es pareja, hay demasiados baches, años sin re pavimentar",Privada de Pino Suárez,"19.2845038,-99.6270323",Santa Ana Tlapaltitlan,Pino Suarez
3380,Resuelto,2025-07-25 13:55:35,2025-12-12 12:50:13,"La calle está horrible, hay demasiados baches y es casi imposible pasar ",Privada de Pino Suárez,"19.2845038,-99.6270323",Santa Ana Tlapaltitlan,Pino Suarez
3376,Resuelto,2025-07-25 11:08:30,2025-12-29 19:33:37,"a unas cuadras de la iglesia ",Calle Hermenegildo Galeana 211,"19.292813199999998,-99.68391439999999",San Mateo Oxtotitlan,Tlalnepantla
3374,Resuelto,2025-07-25 09:46:26,2025-10-28 13:27:00,Esta Calle Cada Día Se Deteriora Más Y Justo En La Avenida Principal Siempre Se Inunda Debido A Que La Coladera Esta Tapada,Av Torres Chicas,"19.28204244211046,-99.69258868727705",Adolfo López Mateos,Parques Nacionales Ii
3373,Resuelto,2025-07-25 07:56:04,2025-11-06 12:45:16,Frente a Iglesia,Leyes de Reforma 100,"19.267976,-99.63887919999999",Santa María De Las Rosas,Benito Juárez
3372,Resuelto,2025-07-25 07:53:20,2025-11-06 13:45:42,frente a Panadería Lecaroz,Laguna Encantada 101,"19.2676885,-99.63873369999999",Santa María De Las Rosas,Benito Juárez
3371,Resuelto,2025-07-25 07:48:11,2025-11-06 13:40:42,"panaderia ",Laguna Encantada 101,"19.2676885,-99.63873369999999",Santa María De Las Rosas,Benito Juárez
3364,Resuelto,2025-07-24 21:56:34,2025-10-28 19:46:12,"Frente a Clínica Paris ",Avenida José María Morelos y Pavón 112,"19.2879,-99.6532",Centro Histórico,5 De Mayo
3362,Resuelto,2025-07-24 21:29:52,2025-10-29 18:35:48,"Hay 2 baches frente a mi casa que hacen que varios carros se maltraten cuando pasan, al mismo tiempo al sacar mi auto todos los días me tocan la llanta trasera golpearla en uno de ellos ",Paseo General Vicente Guerrero int. 3,"19.279985,-99.6719159",Ciudad Universitaria,Vicente Guerrero
3355,Resuelto,2025-07-24 18:54:53,2025-12-15 18:06:44,siglo xxl,Privada de Héroes del 47 27A,"19.2653049,-99.71417009999999",San Antonio Buenavista,Camino Real
3354,Resuelto,2025-07-24 18:44:34,2025-12-01 14:30:01,Existen 3 baches y hoyo a la orilla de la calle  y largo de la misma,6 de Enero 75,"19.381015899999998,-99.63125459999999",San Pablo Autopan,Jicaltepec Autopan
3353,Cancelado,2025-07-24 18:18:58,2025-10-02 14:19:06,calle que lleva al CBT,Independencia 47,"19.251860699999998,-99.71246389999999",Cacalomacan,Sagrado Corazón
3347,Resuelto,2025-07-24 16:46:30,2025-07-28 09:49:01,"Casi esquina con Adolfo López Mateos ","Eduardo Vasconcelos ","19.303399603298185,-99.64957143565621",La Maquinita,Rancho La Mora
3346,Resuelto,2025-07-24 16:46:29,2025-12-30 09:43:30,"Casi esquina con Adolfo López Mateos ","Eduardo Vasconcelos ","19.303399603298185,-99.64957143565621",La Maquinita,Rancho La Mora
3340,Resuelto,2025-07-24 13:25:26,2025-11-28 16:36:56,"toda la calle esta hecha un desastre ya están llegando los baches a las tuberías (verificar superficie de rodamiento, para descartar posible repavimentación)",Calle Lázaro Cárdenas 307,"19.297821138168175,-99.63139826646432",Independencia,San Juan Buenavista
3339,Resuelto,2025-07-24 13:24:12,2025-12-01 12:31:43,"bache alargado ni como esquivarlo ",Calle Mariano Matamoros 1009,"19.278418,-99.6561818",Universidad,Universidad
3337,Resuelto,2025-07-24 12:33:15,2025-12-28 14:26:19,Calle Carlos a Velez presenta en casi todo el tramo de calle varios baches  le comparto imagen para que porfavor nos puedan apoyar con darle solucion,Calle Carlos A. Vélez 504,"19.279731899999998,-99.6500657",Universidad,Cuauhtémoc
3336,Resuelto,2025-07-24 12:29:26,2025-10-30 15:27:23,Bache en la calle  Carlos A Velez en el paso vehicular generando afectaciones a los vehiculos qurbpor ahi transitan como referencia afuera del domicilio #408,Calle Carlos A. Vélez 402,"19.2805024,-99.6500703",Universidad,Cuauhtémoc
3335,Resuelto,2025-07-24 12:27:20,2025-11-27 17:11:24,justo en la desviación a José Martí antes de cruzar las vías del tren (verificar en sitio estado de la superficie de rodamiento para descartar posible repavimentación),Av Isidro Fabela Norte 816,"19.3007055,-99.64165949999999",Independencia,Reforma Y Ferrocarriles Nacionales (san Juan Bautista)
3334,Resuelto,2025-07-24 12:03:48,2025-12-30 09:43:06,"en barrio de San Diego de los padres otzacatipan entrando al poblado están baches de más de 1mtro de largo son más de 6 calles con la avenida principal llena de baches  y el ayuntamiento nunca ha venido a dar mantenimiento y los pobladores ponen cascajo pero en épocas de lluvia se desborda la sanja y toda la tierra y lodo que tapa los baches se van para las dos sanjas que tiene la avenida principal ya que es una del lado izquierdo y otra del lado derecho y como la avenida Revolución está inclimada los baches quedan descubiertos por el agua  
La calle es revolución entrada principal al poblado 
Barrio San Diego de los padres otzacatipan 
Toluca estado de México cp 50205
Cómo referencia se encuentra atrás de la zona habitacional sauces  (contactar peticionario para verificar la calle que solicita)","Revolución ","19.3551823,-99.5992682",Sauces,Sauces I
3333,Resuelto,2025-07-24 11:31:30,2025-11-19 10:29:53,Karsapan,Avenida Miguel Hidalgo y Costilla 408,"19.289941779493613,-99.64939003334304",Centro Histórico,5 De Mayo
3332,Resuelto,2025-07-24 11:24:25,2025-11-28 17:18:58,CFE,Electrificación,"19.292587568296952,-99.6339366239402",Independencia,Reforma Y Ferrocarriles Nacionales (san Juan Bautista)
3331,Resuelto,2025-07-24 11:19:56,2025-11-27 16:50:58,"Terreno baldío y miscelánea ",Calle Ejército Trigarante,"19.300643802377262,-99.63563597210181",Independencia,Independencia
3329,Resuelto,2025-07-24 09:29:42,2025-12-30 09:42:27,"Frente A Ocra ",Privada Juan Aldama 201,"19.288607799999998,-99.6869416",San Mateo Oxtotitlan,Centro
3327,Resuelto,2025-07-24 09:01:02,2025-12-28 14:25:43,"muy malas condiciones de el asfalto , baches por todos lados y mucha inseguridad necesitamos cámaras aquí tan también y patrullas que den sus vueltas nunca hay nadie cuidando al pueblo (contactar peticionario para verificar referencias y ubicación)",Josefa Ortiz de Domínguez 20,"19.356622899999998,-99.609371",San Cristobal Huichochitlan,San José Guadalupe
3323,Resuelto,2025-07-24 08:20:57,2025-10-30 14:26:37,"en realidad es toda la calle de la barranca, al ser una calle muy transitafa cuando el tren atravesado presenta mucho bache",De La Barranca 142,"19.3040076,-99.6404564",La Maquinita,Tlacopa
3322,Resuelto,2025-07-24 06:54:15,2025-12-30 09:41:45,"calle principal por lluvias se boto el pavimento ",Privada Juan Aldama 201,"19.288607799999998,-99.6869416",San Mateo Oxtotitlan,Centro
3311,Resuelto,2025-07-23 22:00:52,2025-10-20 14:37:52,"Frente al Residencial Alamillos y frente a la delegación ",Calle Lago Guzmán,"19.287405048846477,-99.6952030509079",Adolfo López Mateos,Miguel Hidalgo (corralitos)
3301,Resuelto,2025-07-23 17:55:09,2025-09-04 16:50:03,"Tienda comex (verificar en sitio superficie de rodamiento, para descartar posible repavimentación) ",Avenida Cuauhtémoc 175,"19.29867133351302,-99.59408542352949",Santa Maria Totoltepec,El Olimpo
3300,Resuelto,2025-07-23 17:53:09,2025-09-04 16:45:13,"Cervecería y coca cola (verificar en sitio superficie de rodamiento, para descartar posible repavimentación) ",Avenida Cuauhtémoc 80,"19.297649543285456,-99.59413384341603",Santa Maria Totoltepec,El Olimpo
3299,Resuelto,2025-07-23 17:48:52,2025-12-04 14:16:31,"Oxxo, kinder Jean peaget (verificar con peticionario referencias de ubicación)",Avenida el Olimpo,"19.301066836124836,-99.5914992215883",Santa Maria Totoltepec,El Olimpo
3292,Resuelto,2025-07-23 17:37:27,2025-09-04 15:47:54,"Planta de coca cola (verificar en sitio estado de la superficie de rodamiento, para descartar repavimentación) ",Avenida Cuauhtémoc,"19.295069481937748,-99.59446881329538",Santa Maria Totoltepec,El Olimpo
3291,Resuelto,2025-07-23 17:35:25,2025-07-24 13:05:43,"Planta de coca cola ",Calle Solidaridad,"19.295360369583207,-99.5940855446502",Santa Maria Totoltepec,El Carmen Totoltepec
3290,Resuelto,2025-07-23 17:35:24,2025-09-04 15:52:21,"Planta de coca cola (verificar con peticionario que reporta sobre Av. Cuauhtémoc, en sitio verificar el daño de la superficie de rodamiento para descartar posible repavimentación)",Calle Solidaridad,"19.295360369583207,-99.5940855446502",Santa Maria Totoltepec,El Carmen Totoltepec
3287,Cancelado,2025-07-23 17:09:46,2025-12-29 18:21:52,"folio sin atender num 3819 (se requiere verificar en sitio el estado de la vialidad, para descartar mayor daño sobre el concreto)",Calle Prolongacion Zapotecas 369,"19.300437499999997,-99.6642577",Barrios Tradicionales,Unión
3285,Cancelado,2025-07-23 16:53:39,2025-12-29 18:31:39,"Parroquia de San Mateo Oxtotitlán (se requiere contactar al peticionario ya que las referencias, ubicación y fotografía no son coincidentes)",Calle Ignacio Manuel Altamirano 23–25,"19.30116556813585,-99.68804828405389",San Mateo Oxtotitlan,Niños Héroes I
3283,Resuelto,2025-07-23 15:29:23,2025-12-30 09:41:24,"servicio solicitado desde octubre del 2022 autorizado y sin ejecutar oficio EC/DG/00812/2022 (verificar en sitio el estado del pavimento, para descartar posible repavimentación) ",Avenida Ignacio Comonfort 82,"19.283800799999998,-99.6095708",Santa Ana Tlapaltitlan,Santa María Norte
3281,Resuelto,2025-07-23 15:15:18,2025-11-12 17:53:52,2 baches,Manuel Acuña 311,"19.2794126,-99.6363598",San Sebastian,Progreso
3279,Resuelto,2025-07-23 15:01:02,2025-12-30 09:40:59,"a un costado de primaria Juan de la Barrera (se requiere verificar en sitio el estado de la carpeta asfáltica, para descartar posible repavimentación en la vialidad)",Revolución 20,"19.3615376,-99.5932425",San Mateo Otzacatipan,San Diego De Los Padres Otzacatipan
3277,Resuelto,2025-07-23 14:38:53,2025-11-19 10:33:30,"frente a los consultorios médicos ",Avenida Miguel Hidalgo 517,"19.2900778,-99.64739619999999",Centro Histórico,Santa Clara
3273,Cancelado,2025-07-23 13:26:38,2025-12-29 17:32:19,"Junto a la Gasolinera de Av. Matlazincas ",Calle Paseo Matlatzincas 666,"19.2910047,-99.6770051",Sánchez,La Teresona I
3267,Resuelto,2025-07-23 10:48:21,2025-10-29 17:28:10,A un costado de la tortillería plata,Avenida Juan Aldama 2003,"19.262369699999947,-99.65499350000002",Del Parque,Del Parque I
3264,Resuelto,2025-07-23 07:56:09,2025-12-09 13:39:03,"La calle está en muy mal estado, varios vecinos hemos presentado daños en nuestros vehículos. Como referencias hay una purificadora de agua y una farmacia (se requiere verificar en sitio el material y daño que presenta)",Calle Licenciado Adolfo López Mateos 523,"19.30874948932808,-99.64924358591898",Santiago Miltepec,Miltepec Centro
3258,Resuelto,2025-07-22 21:16:06,2025-10-02 12:36:32,"Es urgente la reparación (verificar en sitio posible repavimentación de toda la vialidad) ",Calle Ignacio López Rayón Sur 379,"19.348047449671878,-99.65658764058567",San Pablo Autopan,Santa Cruz Ii
3257,Resuelto,2025-07-22 21:12:16,2025-12-15 18:06:26,"Se encuentra en muy malas condiciones, es urgente la reparación en prácticamente toda la calle Ignacio López Rayón (se requiere verificar en sitio, posible repavimentación)",Calle Ignacio López Rayón Norte,"19.35942916358389,-99.65741782975283",San Pablo Autopan,Santa María Tlachaloyita
3256,Resuelto,2025-07-22 21:08:00,2025-10-01 22:39:24,"Está en muy malas condiciones y es una calle principal de mucho tránsito (verificar en sitio, posible repavimentación)",Calle Ignacio López Rayón Sur,"19.334590636017477,-99.65661042691383",Santiago Miltepec,Miltepec Norte
3245,Resuelto,2025-07-22 20:18:23,2025-12-30 09:40:19,"Bache En Mitad De la Calle ",Calle Plutarco González 1004,"19.289052899999998,-99.6705111",Ciudad Universitaria,San Bernardino
3236,Resuelto,2025-07-22 19:08:35,2025-12-30 09:39:38,"Hay Baches En La Calle ",Calle Plutarco González 903,"19.2888919,-99.6697305",Ciudad Universitaria,San Bernardino
3231,Resuelto,2025-07-22 17:30:14,2025-10-01 15:57:21,"existe baches y ya no cuenta con pavimento, siendo una calle principal (se requiere verificar la ubicación solicitada, ya que la fotografía no corresponde a la misma)",Guadalupe Victoria 60,"19.380523999999998,-99.6380609",San Pablo Autopan,Jicaltepec Autopan
3228,Resuelto,2025-07-22 16:16:21,2025-09-04 13:20:27,"Calle totalmente destruida, urge arreglo de prolongación Paseo Totoltepec, ya lleva años así y nadie hace nada por arreglar la calle. La foto es de google Maps de hace un año, actualmente la calle está en peores condiciones, prácticamente intransitable. ",Prolongación Paseo Totoltepec 1,"19.311384171971316,-99.58585882181302",Santa María Totoltepec,Arboledas
3226,Resuelto,2025-07-22 14:37:45,2025-07-24 12:52:12,"en barrio de San Diego de los padres. entrando al poblado están baches de más de 1mtro de largo son más de 6 calles con la avenida principal llena de baches  y el ayuntamiento nunca ha venido a dar mantenimiento y los pobladores ponen cascajo pero en épocas de lluvia se desborda la sanja y toda la tierra y lodo que tapa los baches se van para las dos sanjas que tiene la avenida principal ya que es una del lado izquierdo y otra del lado derecho y como la avenida Revolución está inclimada los baches quedan descubiertos por el agua  ",Paseo de los Ebanos 102,"19.356715299999998,-99.59724659999999",Sauces,Sauces I
3225,Resuelto,2025-07-22 14:37:32,2025-12-30 09:39:08,"es en casi esquina (se requiere verificar ubicación, ya que la fotografía no es coincidente con la ubicación proporcionada)",Puerto de San Blas 218,"19.3029993,-99.6931721",San Mateo Oxtotitlan,Niños Héroes I
3219,Resuelto,2025-07-22 11:06:17,2025-10-25 12:20:15,"Una calle totalmente deficiente con grandes baches ",Calle José María Alarcón Araujo 100,"19.28908220566163,-99.66435396982725",Centro Histórico,La Merced (alameda)
3217,Resuelto,2025-07-22 10:47:29,2025-09-04 14:36:17,"Dicha calle lleva años con deficiencias en baches, es necesario arreglarla. ",Calle Independencia 104,"19.319105264456002,-99.59519223980632",San Mateo Otzacatipan,Geovillas Arboleda
3214,Resuelto,2025-07-22 08:05:17,2025-12-03 12:59:24,esquina con Winipeg pero toda la calle esta echa pedasos (se requiere verificación en sitio ya que puede ser un posible reencarpetado),Calle 15 de Mayo 102,"19.2660043,-99.6819862",San Buenaventura,Del Deporte
3212,Resuelto,2025-07-22 07:10:27,2025-09-04 13:17:18,"Pasando la bodega Aurrerá toda la calle está llena de baches afectando a toda la comunidad de los fraccionamientos ",Prolongación Paseo Totoltepec 1,"19.311395650200094,-99.58585986809979",Santa María Totoltepec,Arboledas
3210,Resuelto,2025-07-21 22:46:34,2025-11-12 17:52:49,"hay varios baches juntos en la colonia ",Francisco Olaguibel 202,"19.277565,-99.63430040000001",San Sebastian,Comisión Federal De Electricidad
3209,Resuelto,2025-07-21 22:41:50,2025-10-30 12:50:48,"es la calle d el velatorio pedimos como vecinos, q nos apoyen con el bacheo pero lo mas importante es la coladera ya q la calle y el problema de la coladera a causado muchos accidentes ",Torres Chicas 1415,"19.268889100000003,-99.673322",Seminario Conciliar,Seminario El Módulo
3207,Resuelto,2025-07-21 22:31:58,2025-11-18 19:02:34,"Oxxo y farmacia Guadalajara en la esquina ",Calle Bosque de Flamboyanes,"19.257001329565103,-99.6581251959692",Moderna De La Cruz,Bosques De Colón
3203,Resuelto,2025-07-21 21:23:15,2025-10-29 14:25:13,Calle Llena De Baches,Fray Bartolomé de Las Casas 304,"19.287174699999998,-99.67148139999999",Ciudad Universitaria,San Bernardino
3202,Resuelto,2025-07-21 21:19:28,2025-12-12 13:00:40,Toda Esta. Calle Esta Llena De Baches,Motolinía 313,"19.2868781,-99.6699256",Ciudad Universitaria,San Bernardino
3196,Resuelto,2025-07-21 16:17:50,2025-12-15 18:06:02,"Con este tipo de hoyos está toda la calle de avenida industria automotriz ",Avenida Industria Automotriz,"19.296005265893328,-99.59950528730919",Santa Maria Totoltepec,El Olimpo
3191,Cancelado,2025-07-21 13:31:31,2025-12-30 09:38:37,"Frente a COPAD ",Calle Industria Minera,"19.30207440803312,-99.61213277989542",Santa Ana Tlapaltitlan,Buena Vista
3188,Resuelto,2025-07-21 12:11:25,2025-09-04 15:00:19,"Solicitamos nos apoyen con el bacheo de calle independencia esquina Lombardo toledano hasta calle prevista , aproximadamente 8 baches grandes. Gracias ",Avenida Independencia 127,"19.3086399,-99.5958223",San Mateo Otzacatipan,Geovillas Independencia
3181,Resuelto,2025-07-20 22:46:36,2025-10-30 14:35:37,"Colonia Tlacopa ",Río Verdiguel 152,"19.3058355,-99.6405992",La Maquinita,Tlacopa
3180,Resuelto,2025-07-20 22:45:27,2025-10-30 15:14:31,Colonia Talcopa,Trueno 142,"19.3050583,-99.6389995",La Maquinita,Tlacopa
3174,Resuelto,2025-07-20 12:46:19,2025-10-25 13:11:24,Rinconada Pino Suarez,Pino Suárez 305,"19.2872961,-99.6496933",Centro Histórico,5 De Mayo
3173,Resuelto,2025-07-20 12:42:47,2025-10-25 13:17:09,"se solicita pavimentacion de toda la calle rinconada de Pino Suarez ya que esta llena de baches ",Rinconada de Pino Suárez 116,"19.2871552,-99.64942669999999",Centro Histórico,5 De Mayo
3172,Resuelto,2025-07-20 12:42:26,2025-10-25 13:14:13,Frente a escuela Liceo,Rinconada de Pino Suárez 116,"19.2871552,-99.64942669999999",Centro Histórico,5 De Mayo
3171,Resuelto,2025-07-20 10:09:51,2025-10-02 12:27:51,"Toda la avenida necesita mantenimiento, no es posible transitar.",A San Juan Tilapa 10,"19.2286751,-99.6679448",Santiago Tlacotepec,Shigande
3166,Cancelado,2025-07-20 00:48:10,2025-07-20 00:49:11,"En bistro
",calle r,"19.290702926338177,-99.6550350508795",Centro Histórico,Centro
3160,Cancelado,2025-07-20 00:19:43,2025-07-20 00:24:45,"Joyero ",Calle 4,"19.289565592241527,-99.65432584592662",Centro Histórico,5 De Mayo
3156,Cancelado,2025-07-20 00:00:15,2025-07-20 00:07:11,"farmacia 
","Calle ","19.29006056938294,-99.65121574351527",Centro Histórico,Santa Clara
3155,Cancelado,2025-07-19 23:48:26,2025-07-19 23:58:21,"Enfrente del parque.  ",Calle4,"19.290036625324987,-99.65279396893689",Centro Histórico,5 De Mayo
3154,Cancelado,2025-07-19 23:08:51,2025-07-19 23:37:59,obss,ca22,,,
3152,Cancelado,2025-07-19 20:38:44,2025-07-19 20:38:44,,cc,,,
3150,Resuelto,2025-07-19 18:29:33,2025-09-04 14:40:20,"Es La Calle Independencia Qué Inicia Desde El Garis, Esta Llena De Baches, Las Personas La Utilizan Como Opcional A Salir Al Aeropuerto Cuando Lombardo Toledano Esta Llena De Tráfico ",Independencia 1745,"19.3164941,-99.5952258",San Mateo Otzacatipan,Geovillas Arboleda
3148,Resuelto,2025-07-19 14:53:31,2025-10-30 13:20:56,Hay Cuatro baches.,General Manuel González 1201,"19.2602779,-99.66902950000001",Ocho Cedros,"Ocho Cedros, Segunda Sección"
3147,Resuelto,2025-07-19 14:42:18,2025-12-01 13:57:49,Hay 9 baches en la calle Lago del Gran Oso.,General Manuel González 704,"19.260180100000003,-99.6675885",Ocho Cedros,Ocho Cedros Ii
3146,Resuelto,2025-07-19 14:40:45,2025-12-30 09:38:04,"Bache A Mitad De la Calle ",Motolinía 203,"19.288753800000002,-99.6701547",Ciudad Universitaria,San Bernardino
3145,Resuelto,2025-07-19 14:37:52,2025-12-30 09:37:41,"Bache En Mitad De La Calle ",Fray Bartolomé de las Casas,"19.289040999999997,-99.6713035",Ciudad Universitaria,San Bernardino
3144,Pendiente,2025-07-19 14:35:24,2026-02-13 12:31:56,"Bache En Av Hidalgo ",MIguel Hidalgo,"19.2887771,-99.673163",Ciudad Universitaria,San Bernardino
3142,Resuelto,2025-07-19 14:17:28,2025-12-30 09:33:40,Completamente hecha caos y horror la calle,Calle Miguel Hidalgo 4,"19.340426896685763,-99.58085851262103",San Mateo Otzacatipan,San Nicolás Tolentino I
3137,Resuelto,2025-07-19 13:23:42,2025-12-30 09:32:21,"Muchos Baches En Esta Calle ",Fray. J. de S. Alberto,"19.289099099999998,-99.6748788",Ciudad Universitaria,San Bernardino
3134,Resuelto,2025-07-19 12:42:44,2025-11-06 12:42:31,"esta bache cubre el 60 % de la calle ",Mitla 103A,"19.2677373,-99.63925859999999",Santa María De Las Rosas,Benito Juárez
3133,Resuelto,2025-07-19 12:38:14,2025-07-23 09:18:02,"este bache lleva como un año y cada vez es mas grande ",Boulevard Solidaridad las Torres 1212,"19.2700218,-99.6414657",Santa María De Las Rosas,Nueva Santa María
3130,Resuelto,2025-07-19 09:25:04,2025-12-15 18:05:36,"entre el rancho el difunto panadero ",Cuauhtémoc 55,"19.2212125,-99.66632109999999",San Juan Tilapa,Lázaro Cárdenas
3128,Resuelto,2025-07-18 22:59:53,2025-12-30 09:27:58,Frente al 228 casa naranja,Calle Marcos Quiroz,"19.3020719,-99.6524555",La Maquinita,Rancho La Mora
3127,Resuelto,2025-07-18 22:13:46,2025-10-02 12:31:11,"Esta el campo de fútbol y la Primaria Josefa Ortiz de Dominguez  ",A San Juan Tilapa 21,"19.2299181,-99.66791599999999",Santiago Tlacotepec,Shigande
3126,Resuelto,2025-07-18 21:58:55,2025-12-30 09:27:28,"Me dirijo a ustedes de la mejor manera para suplicar que hagan algo para tapar un enorme agujero que inició como un bache y hoy en día es una cráter de volcán enorme y muy peligroso, y cuando llueve se llena de agua y no es nada visible ver donde está el hoyo .  Está ubicado en la calle de 1 de mayo y calle albert Einstein , es la calle trasera de la universidad UNITEC. De verdad es una calle muy transitada y de carros pesados como tráiler y camiones urbanos , es un riesgo latente para todos los jóvenes que acuden a la universidad UNITEC y salen por la calle de 1ro. De Mayo .  Ojalá puedan atender esta solicitud. ",Calle Primero de Mayo 1809,"19.290950997193125,-99.61062115673403",Santa Ana Tlapaltitlan,Buena Vista
3118,Resuelto,2025-07-18 20:43:55,2025-12-15 18:04:37,"Enfrente de una papeleria (no se visualiza asfalto sobre concreto, tampoco se descarta, se requiere determinar en sitio)",Aztecas 357,"19.298352299999998,-99.66237059999999",Barrios Tradicionales,San Miguel Apinahuizco
3117,Resuelto,2025-07-18 20:42:13,2025-12-15 18:04:13,"Enfrete de una casa blanca con jardin grande (presencia de asfalto sobre concreto, daño severo)",Aztecas 319,"19.2981779,-99.66169029999999",Barrios Tradicionales,San Miguel Apinahuizco
3116,Resuelto,2025-07-18 20:40:09,2025-12-15 18:03:52,"Enfrete de casas con rejas ",Aztecas 313,"19.2981271,-99.6613945",Barrios Tradicionales,San Miguel Apinahuizco
3115,Resuelto,2025-07-18 20:38:15,2025-12-15 18:03:33,"Enfrete de unas locales con cortina verde 

Se requiere verificar el material en sitio, ya que en la fotografía no se logra determinar si es concreto o asfalto (carpeta sobre carpeta)",Aztecas 303,"19.2978576,-99.6607023",Barrios Tradicionales,San Miguel Apinahuizco
3114,Resuelto,2025-07-18 20:34:34,2025-10-20 11:08:46,"Alado del oxxo en la esquina ",Calle Nicolás Bravo Norte 507,"19.296562599999998,-99.65839539999999",Barrios Tradicionales,El Cóporo
3113,Resuelto,2025-07-18 20:26:41,2025-10-20 11:19:19,"en frete de una tortilleria después del tope y antes ",Calle Nicolás Bravo Norte 500,"19.2961381,-99.6581882",Barrios Tradicionales,El Cóporo
3111,Cancelado,2025-07-18 19:58:29,2025-07-22 16:18:06,"Esto es una prueba Mobzilla ",calle 4,"19.283854599999998,-99.65196",Universidad,Cuauhtémoc
3110,Resuelto,2025-07-18 19:33:37,2025-10-30 13:41:19,"Frente edificio blanco de departamentos ",Calle Plateros 108,"19.25696680819851,-99.67175386668023",Ocho Cedros,"Ocho Cedros, Segunda Sección"
3107,Cancelado,2025-07-18 18:30:44,2025-07-18 22:47:00,"Enfrente de la casa azul ",Calle,"19.288959847649426,-99.6532",Centro Histórico,5 De Mayo
3105,Resuelto,2025-07-18 17:53:30,2025-11-19 10:31:48,Frente casa espora,Calle Primero de Mayo 412,"19.290825427284915,-99.64911108586371",Centro Histórico,Santa Clara
3103,Resuelto,2025-07-18 17:43:42,2025-10-01 16:44:49,"Calle en mal estado requiere servicio de bacheo ",Calzada de las Arboledas,"19.306809355993135,-99.60736845367008",San Mateo Otzacatipan,Jardines De La Crespa
3101,Resuelto,2025-07-18 16:58:11,2025-10-02 12:36:05,"carretera al refugio toda en mal estado ",Al Refugio 98,"19.2319095,-99.6753293",Santiago Tlacotepec,Santa María
3100,Resuelto,2025-07-18 16:09:45,2025-10-30 11:21:31,"Toda la privada de Pinosuarez esta desecha, se requiere bacheo profundo debido a gran afluencia denautos por escuelas",Rinconada de Pino Suárez 111,"19.2868448,-99.6487844",Centro Histórico,5 De Mayo
3099,Cancelado,2025-07-18 16:08:20,2025-07-18 19:41:05,"Esto es una prueba Mobzilla ",Call 3,"19.2879,-99.6532",Centro Histórico,5 De Mayo
3096,Resuelto,2025-07-18 15:25:33,2025-12-29 19:32:20,"Prácticamente toda la venida está así pero este tramo en especial està impasable ",Metepec-Zacango 705,"19.221411985892736,-99.65618006348166",San Juan Tilapa,El Durazno
3095,Resuelto,2025-07-18 15:02:23,2025-10-02 12:44:28,"cerca del depósito la palma ojalá fuera repavimentación ",Al Refugio 22,"19.2320302,-99.6785967",Santiago Tlacotepec,Santa María
3094,Resuelto,2025-07-18 14:53:42,2025-12-15 18:02:47,"toda la calle Carlos León que va a la primaria y Alfonso Alarcón intransitables ",Carlos León Gracidas 24,"19.2222743,-99.6670698",Santiago Tlacotepec,Cristo Rey
3093,Cancelado,2025-07-18 14:21:42,2025-12-30 12:38:09,"Estimados servidores públicos. Ante la lamentable ausencia del municipio para la reparación de baches, los vecinos de San Jorge, de la calle ex Hda de Xalpa, han optado por contestar gente que bacheé su calle. ¿Cuál es el poder de servir?","San Mateo Oxtotitlán, Ex Hacienda San Jorge, Edo. Méx., Calle Exhacienda de Xalpa, 50100","19.29188329854826,-99.6952976756252",San Mateo Oxtotitlan,San Jorge
3086,Resuelto,2025-07-18 11:56:33,2025-11-24 14:13:07,Aún constado de las oficinas de Issemym,Calle José María Luis Mora,"19.315465286412486,-99.6460387295356",La Maquinita,Carlos Hank Y Los Frailes
3085,Resuelto,2025-07-18 11:52:42,2025-12-28 14:24:16,"Delegación Maquinita ",Avenida del Trabajo 101,"19.311078499999983,-99.64365709999998",La Maquinita,"Guadalupe, Club Jardín Y La Magdalena"
3083,Resuelto,2025-07-18 11:43:44,2025-11-24 13:56:36,"Toda la calle está llena de baches grandes ",Calle Obreros de Río Blanco 220,"19.31095777240633,-99.64227258663132",La Maquinita,"Guadalupe, Club Jardín Y La Magdalena"
3081,Resuelto,2025-07-18 11:20:11,2025-12-28 14:23:50,"bacheo profundo de toda la calle, baches profundos",Calle Angel Ma. Garibay 103,"19.3036824,-99.6434361",La Maquinita,Los Ángeles
3080,Resuelto,2025-07-18 11:17:18,2025-11-27 16:39:13,"Frente a las canchas de básquet ",Calle Manuel Macario Diéguez 507,"19.309935360700504,-99.64271919259016",La Maquinita,"Guadalupe, Club Jardín Y La Magdalena"
3077,Cancelado,2025-07-18 07:24:09,2025-10-02 15:14:04,"En Las Rampas, Tanto De Subida Como De Bajada De Paseo Tollocan A Av López Mateos Hay Baches Que Han Generado Varios Incidentes Viales. Urge Atención!!! ",4ta Cda Ex-hda de Tlalpan 4,"19.294613299999998,-99.6953537",San Mateo Oxtotitlan,San Jorge
3076,Resuelto,2025-07-18 06:14:52,2025-12-30 09:23:40,"Toda esa zona de ahí está llena de baches, es la bajada de cu con Morelos y la intersección de Vicente Guerrero ",Paseo Vicente Guerrero,"19.28825413930187,-99.67700166304076",Ciudad Universitaria,Plazas De San Buenaventura
3060,Resuelto,2025-07-17 20:46:07,2025-10-29 17:22:53,"solicito cebache la calle Sierra de Ixtlán en el tramo de José Antonio albarán y Lauro del Villar, Colonia Lázaro Cárdenas como referencia enfrente está una tortillería a mano una pollería y una tienda",Calle Sierra de Ixtlan 1803,"19.266045599999998,-99.6494767",Del Parque,Lázaro Cárdenas
3059,Resuelto,2025-07-17 20:31:10,2025-12-30 09:23:15,Aproximadamente 30 baches,Circuito Adolfo López Mateos 211A,"19.300794455242745,-99.64984657800073",La Maquinita,Rancho La Mora
3048,Resuelto,2025-07-17 17:22:51,2025-12-30 09:22:53,en estacionamiento de los andadores tiene mas de 6 años sin que arreglen la calle esa llena de hoyos los marcan y nunca los tapan,Café 109,"19.2833018,-99.6329098",San Sebastian,Izcalli Toluca
3046,Resuelto,2025-07-17 16:11:35,2025-09-04 13:58:55,"Buen día, quisiera saber qué se tiene que realizar como gestión para el cambio de  encarpetado de tramos importantes en la av Vicente lombardo. Como ciudadana que cumple con el pago de sus impuestos y quien ha tenido diversos percances por baches que han afectado nuestro vehiculo y quien ha cubiertos los costos gracias al seguro contratado, siento la necesidad de expresar el mal estado que está esta y muchas calles más. Siento que por tema económico está av tiene tiendas y flujo de personas importante, ojalá pudieran invertir más en la vialidad, quizá sería incluso más segura ya que su aspecto lo hace ver como peligroso . ",Avenida Paseo Vicente Lombardo Toledano 400,"19.30814186547502,-99.59215529389125",Santa Maria Totoltepec,Del Centro
3042,Resuelto,2025-07-17 13:24:36,2025-12-30 09:22:22,es la calle que va hacia barbabosa,Privada de Héroes del 47 15,"19.2649322,-99.7136773",San Antonio Buenavista,Camino Real
3029,Cancelado,2025-07-17 06:25:06,2025-12-29 18:31:13,"a un costado del campo de fútbol de pasto sintético ",Avenida Insurgentes 509Delegación,"19.3154705,-99.66834809999999",Santiago Tlaxomulco,El Calvario
3022,Resuelto,2025-07-16 22:37:54,2025-12-01 11:17:13,"La calle está repleta de baches desde hace más de 3 administraciones ",Calle Benito Juárez García Sur 524,"19.29754691119748,-99.6551508660078",Árbol De Las Manitas,Zopilocalco Sur
3021,Resuelto,2025-07-16 22:31:06,2025-07-18 19:24:36,"Ya no está transitable la calle ",Calle Benito Juárez García Sur 523,"19.297702886935845,-99.65524303420511",Barrios Tradicionales,Santa Bárbara
3020,Resuelto,2025-07-16 22:31:05,2025-12-01 11:13:57,"Ya no está transitable la calle ",Calle Benito Juárez García Sur 523,"19.297702886935845,-99.65524303420511",Barrios Tradicionales,Santa Bárbara
3019,Resuelto,2025-07-16 22:25:15,2025-12-01 10:56:45,"Demasiados baches ",Calle Benito Juárez García Sur 526,"19.297710575302776,-99.65511947504162",Árbol De Las Manitas,Zopilocalco Sur
3018,Resuelto,2025-07-16 21:34:03,2025-12-15 18:02:15,Calle llena de baches,Avenida del Trabajo 137,"19.311124683061266,-99.64395474046195",La Maquinita,"Guadalupe, Club Jardín Y La Magdalena"
3017,Resuelto,2025-07-16 19:24:09,2025-12-30 09:20:18,capilla de san isidro,San Isidro 1,"19.3122479,-99.61280889999999",San Lorenzo Tepaltitlan,San Isidro
3015,Resuelto,2025-07-16 19:15:31,2025-10-01 22:38:06,Desde la prolongación Isidro fabela hasta 5 de mayo está llena de baches pero hay zonas donde es intransitable los camiones pesados han destruido la calle además de que se adueñan de ella usándola como patio de maniobras,Calle Ignacio López Rayón 148,"19.33072830819741,-99.65623294107404",Santiago Miltepec,Miltepec Norte
3014,Resuelto,2025-07-16 18:03:04,2025-12-15 18:01:49,"Base de camiones ALM ",Prolongación 5 de Mayo,"19.31224819384214,-99.61244713810619",San Lorenzo Tepaltitlan,San Isidro
3012,Resuelto,2025-07-16 16:50:13,2025-11-25 12:59:42,"la carretera está en pecimas condiciones ",Prolongación Ignacio López Rayón 113,"19.3415932,-99.5938759",San Mateo Otzacatipan,San José Guadalupe Otzacatipan
3011,Resuelto,2025-07-16 16:49:08,2025-11-25 12:58:20,"por la fabrica de árabela hay mucho bache ",Prolongación Ignacio López Rayón 113,"19.3415932,-99.5938759",San Mateo Otzacatipan,San José Guadalupe Otzacatipan
3004,Cancelado,2025-07-16 12:01:47,2025-07-16 12:36:31,postes de telecomunicacion,Vía Sin Nombre Vía Sin Nombre,"19.428950500000003,-99.66282919999999",Tlachaloya,San Carlos
2993,Cancelado,2025-07-16 10:32:16,2025-07-16 12:03:21," Prueba mobzilla",Avenida José María Morelos y Pavón 112,"19.2879,-99.6532",Centro Histórico,5 De Mayo
2989,Resuelto,2025-07-16 10:03:41,2025-10-03 07:11:36,Los automóviles se suben a la banquete para evitar el bache y es peligroso para los peatones,Boulevard Isidro Fabela 855,"19.3044351,-99.64356649999999",La Maquinita,Los Ángeles
2986,Resuelto,2025-07-16 09:22:24,2025-12-28 14:22:43,cerca  base camiones,El Nevado 55,"19.2461879,-99.71176360000001",Cacalomacan,Sagrado Corazón
2985,Resuelto,2025-07-16 09:21:26,2025-12-30 09:19:50,"exactamente en la esquina de Jaime nuno e hidalgo.a un costado de la panadería esperanza hay un mega bache y está bastante peligroso que tiene más de 1 mes ",Avenida Miguel Hidalgo 1301,"19.2901554,-99.6382314",Independencia,Reforma Y Ferrocarriles Nacionales (san Juan Bautista)
2983,Cancelado,2025-07-16 09:10:49,2025-12-29 18:20:51,"Justo en el semáforo el hoyo está enorme, han tratado de poner piedra y escombro pero está fatal, estos mismos hoyos se extienden por toda la avenida de industria automotriz en dirección a la empresa de Coca Cola.",Avenida Industria Automotriz,"19.29704922918742,-99.61038880860211",Santa Ana Tlapaltitlan,Buena Vista
2980,Resuelto,2025-07-16 01:47:11,2025-10-30 14:53:45,"Calle de la Barranca toda con baches ",Calle de la Barranca 144,"19.305993537508286,-99.6404970608336",La Maquinita,Tlacopa
2979,Resuelto,2025-07-16 01:41:38,2025-11-28 17:15:54,Toda la calle de Maríe Curie con baches,Marie Curie 331,"19.294071021290225,-99.63000224598711",Independencia,Reforma Y Ferrocarriles Nacionales (san Juan Bautista)
2975,Resuelto,2025-07-15 21:51:10,2025-11-05 11:43:29,socabo aciendose mas grande,Calle Hemeroteca 404,"19.2767935,-99.68994930000001",San Buenaventura,Cultural
2973,Resuelto,2025-07-15 20:20:42,2025-10-02 22:30:45,Está el altar de la virgen,Avenida Santa Elena 100,"19.304907255655436,-99.61615755028264",San Lorenzo Tepaltitlan,Rincón De San Lorenzo
2971,Resuelto,2025-07-15 18:13:03,2025-12-28 14:22:00,"Las calles se encuentran en muy mal estado, necesitamos ayuda "," 97VF+G6","19.3938322,-99.72699039999999",San Martin Toltepec,Sebastián Lerdo De Tejada
2969,Resuelto,2025-07-15 15:56:17,2025-10-28 12:21:53,"pueste que va de tollocan a av. lopez Mateos ",Adolfo López Mateos 1204,"19.288276099999997,-99.67842530000001",Sánchez,Electricistas Locales
2967,Resuelto,2025-07-15 14:42:04,2025-10-02 17:01:31,Enfrente del oxxo,Jose Maria Pino Suarez 2027,"19.284935,-99.6168119",Santa Ana Tlapaltitlan,Santa María Norte
2965,Resuelto,2025-07-15 14:41:32,2025-07-16 09:56:26,Justo en intersección de calles Pino Suarez y Libertad,Jose Maria Pino Suarez 77BIS,"19.2849038,-99.61384129999999",Santa Ana Tlapaltitlan,Santa María Norte
2964,Resuelto,2025-07-15 14:40:32,2025-10-02 17:04:05,Justo en intersección de calles Pino Suarez y Libertad,Jose Maria Pino Suarez 79,"19.284969,-99.61368999999999",Santa Ana Tlapaltitlan,Santa María Norte
2962,Resuelto,2025-07-15 14:29:47,2025-10-25 10:31:14,casi esquina 8 columnas.,Fray Andrés de Castro 100A,"19.2901032,-99.6664893",Ciudad Universitaria,San Bernardino
2960,Resuelto,2025-07-15 14:17:30,2025-11-12 16:56:35,bache enorme afuera de la preparatoria #2,Nezahualcóyotl 698,"19.2811292,-99.6319082",San Sebastian,Izcalli Toluca
2949,Resuelto,2025-07-15 11:37:32,2025-12-10 11:53:13,"Hay 3 juntos empezó siendo 1 ya hay 3 ",Avenida Norte General Ignacio López Rayón 215,"19.291642316756644,-99.65291121389261",Centro Histórico,Santa Clara
2946,Resuelto,2025-07-15 08:36:44,2025-12-30 09:19:06,"Estas bocas de tormenta están muy flojas, en verdad no se puede dormir. No sé si le toque al área de agua o infraestructura,",Calle Isabel la Católica,"19.2909234,-99.643051",Independencia,Reforma Y Ferrocarriles Nacionales (san Juan Bautista)
2936,Resuelto,2025-07-14 18:47:20,2025-12-30 09:18:21,baches grandes en el acceso a la primaria profa candelaria quiroz,Paseo de La Reforma 511,"19.358715,-99.57270369999999",San Mateo Otzacatipan,San Nicolás Tolentino Ii
2925,Resuelto,2025-07-14 14:26:22,2025-10-02 12:42:17,Carretera al refugio desde calle Ermita hasta la preparatoria oficial 197,Calle al Refugio 12,"19.231599445228763,-99.67757644525622",Santiago Tlacotepec,Santa María
2921,Resuelto,2025-07-14 12:56:45,2025-12-30 09:17:51,En Google Maps Aparece como club de box Marino,Calle Nezahualcóyotl 16,"19.384475989238368,-99.61233380688682",San Andrés Cuexcontitlán,San Diego De Los Padres Ii
2920,Resuelto,2025-07-14 12:11:05,2025-11-27 14:47:08,"enfrente del Oxxo y a un lado hay oyosque los carros esquivan subiéndose a la siclovia y pueden ocasionar un accidente en la calle Ricardo flores Magon ",Calle Ricardo Flores Magón 156,"19.3437685,-99.60970329999999",San Mateo Otzacatipan,Santa Cruz Otzacatipan
2915,Resuelto,2025-07-14 08:42:45,2025-10-27 11:35:31,"Intersección entre Torres Chicas y López Mateos, baches muy grandes que ya provocaron accidentes. ",Avenida Torres Chicas 505,"19.28861690808385,-99.69342483175241",Adolfo López Mateos,Miguel Hidalgo (corralitos)
2914,Resuelto,2025-07-14 06:33:57,2025-10-31 14:23:16,"en pésimas condiciones Agustin Melgar y Altamirano ",Agustín Melgar 303,"19.3058335,-99.68873459999999",San Mateo Oxtotitlan,Niños Héroes I
2910,Cancelado,2025-07-13 22:58:44,2025-12-30 12:36:57,La calle está llena de hoyos y no se han reparado,Calle General Álvaro Obregón 163–229,"19.270012375021434,-99.65797997332493",Colón,Colón Y Ciprés Ii
2901,Cancelado,2025-07-13 21:20:59,2025-12-30 12:36:46,"Todo rayón está destrozado la casa de materiales , recicle y, el rastro con su trailers se han encargado de dejar la calle así, si ustedes no van arreglar obliguen a las empresas a hacerlo",Calle Ignacio López Rayón,"19.335387979353964,-99.65662865811275",Santiago Miltepec,Miltepec Norte
2899,Cancelado,2025-07-13 19:29:35,2025-12-30 12:34:59,"se requieren trabajos de bacheo ya que está en condiciones deplorables la calle. Aunque la app solo deja subir evidencia de un bache, se contabiliza más de una veintena. ",Fray Andrés de Castro 100A,"19.2901032,-99.6664893",Ciudad Universitaria,San Bernardino
2898,Resuelto,2025-07-13 19:26:15,2025-12-31 11:29:55,Frente a la fábrica bio papel,Calle de la Barranca 144A,"19.304198668389702,-99.6404997699397",La Maquinita,Tlacopa
2897,Resuelto,2025-07-13 19:26:10,2025-12-31 11:28:03,Frente a la fábrica bio papel,Calle de la Barranca 144A,"19.304198668389702,-99.6404997699397",La Maquinita,Tlacopa
2896,Resuelto,2025-07-13 19:19:18,2025-10-25 10:18:50,"Toda la calle se encuentra en las mismas condiciones con baches profundos ",Calle Fray Andrés de Castro Norte 104C,"19.29046195514759,-99.66666057921665",Ciudad Universitaria,San Bernardino
2895,Resuelto,2025-07-13 19:09:54,2025-12-28 14:21:33,"ya está en un estado vulnerable somos una de las colonias más olvidas de nuestro municipio le pido al sr precidente municipal RICARDO MORENO que nos apoye ",Independencia Independencia,"19.3780241,-99.72342289999999",San Martin Toltepec,Sebastián Lerdo De Tejada
2894,Resuelto,2025-07-13 19:06:39,2025-12-30 09:17:11,"Casi con esquina con doctor Juan Rodríguez ",Calle Andrés Quintana Roo 728,"19.27684742240767,-99.66299447367726",Colón,Colón Y Ciprés I
2891,Resuelto,2025-07-13 12:42:18,2025-10-30 15:04:18,Toda la calle de la Barranca en la vuelta con Rio Verdiguel,Calle de la Barranca,"19.30166,-99.6406205",Independencia,Independencia
2889,Resuelto,2025-07-13 12:37:39,2025-12-30 09:15:56,Hay Un Bacheo A Mitad De La Calle Y Por Esa Calla Es Un Tráfico Vehicular Muy Intenso,Avenida J. M. Morelos Y P. 1316,"19.287911599999997,-99.6700508",Ciudad Universitaria,San Bernardino
2888,Cancelado,2025-07-13 11:52:26,2025-12-30 12:34:07,"La calle presenta deterioro mayor y encharcamiento de agua ",Calle Ignacio Manuel Altamirano 1702–1708,"19.260963461327602,-99.65235517638565",Del Parque,Del Parque Ii
2887,Resuelto,2025-07-13 11:05:53,2025-12-30 09:15:09,"envio un cordial saludo y solicito un rellenado a los baches que estan menos prolongados sobre calle san pablo en el fraccionamiento villas santin ya que ya hace muy difícil la circulacion en esa calle y los autos de suben a la banqueta y es un peligro ",San Mateo 200,"19.371310299999998,-99.58201969999999",Sauces,Villas Santín I
2885,Resuelto,2025-07-13 10:46:08,2025-10-25 10:14:29,frente a la tienda,Fray Andrés de Castro 113,"19.290571999999997,-99.6667566",Ciudad Universitaria,San Bernardino
2876,Resuelto,2025-07-12 19:56:28,2025-07-15 15:01:00,"la entrada a san Pedro totoltepec ",Avenida Agustín Millán 318,"19.313680599999998,-99.5711403",San Pedro Totoltepec,Del Centro
2875,Resuelto,2025-07-12 19:52:41,2025-11-11 19:29:59,"en la curva ",Calle José María Marroquí 484,"19.333944499999998,-99.6168502",San Mateo Otzacatipan,La Magdalena
2874,Resuelto,2025-07-12 19:51:28,2025-11-06 19:13:42,"cruce de la calle Benito Juárez ",Calle José María Marroquí 609,"19.333338899999998,-99.6160237",San Mateo Otzacatipan,La Magdalena
2873,Resuelto,2025-07-12 19:49:18,2025-11-06 19:08:27,"casi en la esquina ",Calle José María Marroquí 816,"19.332769700000004,-99.6143002",San Mateo Otzacatipan,La Magdalena
2864,Cancelado,2025-07-12 11:21:21,2025-12-30 12:33:50,"Toda la calle así, desde la principal Adolfo López Mateos",Josefa Ortiz de Domínguez 111,"19.30938972052162,-99.64956179149084",Santiago Miltepec,Miltepec Centro
2862,Resuelto,2025-07-12 10:11:30,2025-07-15 14:57:02,"está lámpara ya no sirve en anteriores ocasiones ya vinieron a reparar pero comentaron que es remplazo es urgente ya que no tiene luz esa parte de la calle y está peligroso ",Privada Río Papaloapan 201-A,"19.3149571,-99.65007179999999",Santiago Miltepec,Miltepec Centro
2861,Resuelto,2025-07-12 10:06:06,2025-12-31 12:10:51,este bache urge su reparación porque a a ocacionar un accidente esta ubicado aún costado del Oxxo tres caminos y es una vialidad muy transitada en rio papaloapan está enorme los vecinos tuvieron que ponerle graba,Río Papaloapan 2027,"19.3152076,-99.6504808",Santiago Miltepec,Miltepec Centro
2856,Resuelto,2025-07-12 00:02:33,2025-09-04 17:03:17,"Toda esa av de Cuahutemoc ya se necesita reencarpetar completa esta llena de baches es completa ",Avenida Cuauhtémoc 30,"19.303450750069075,-99.5895510374453",Santa Maria Totoltepec,Del Centro
2854,Resuelto,2025-07-11 22:13:29,2025-12-28 14:21:09,escuela secundaria técnica 178 Jose María velazcol,A Nativitas 25,"19.2175106,-99.6533092",,
2851,Cancelado,2025-07-11 21:45:34,2025-12-30 12:33:13,"un negocio de venta de trabajos de aluminio pidiendo de favor emparejar toda la calle si es posible colocar fresado ",Calle las Piedras 160,"19.2519357,-99.6829562",Capultitlán,La Soledad
2842,Resuelto,2025-07-11 19:49:53,2025-12-30 09:14:44,a una cuadra de la UNITEC,Avenida Independencia 1900A,"19.292473599999997,-99.61456090000001",Santa Ana Tlapaltitlan,Buena Vista
2840,Resuelto,2025-07-11 18:16:53,2025-10-20 11:18:50,"Enfrente jardín de niños ",Calle José María González Arratia 410,"19.29468582836605,-99.64446206912149",Independencia,Reforma Y Ferrocarriles Nacionales (san Juan Bautista)
2838,Resuelto,2025-07-11 17:39:34,2025-12-30 09:14:18,"Es justo donde entronca la calle República de Uruguay con 5 de Mayo y Paseo Tollocan. ",Calle 5 de Mayo 2 Oriente 99,"19.2816552,-99.64201059999999",San Sebastian,San Sebastián Y Vértice
2837,Resuelto,2025-07-11 17:36:24,2025-10-31 14:34:24,Enfrente de la Ex Hacienda Altamirano,Calle Ignacio Manuel Altamirano 1,"19.2985679,-99.6909494",San Mateo Oxtotitlan,Centro
2831,Resuelto,2025-07-11 16:44:37,2025-11-27 17:17:53,"bache ya cuadrado pero no terminado como de 2 x2 MTRs ",Calle Ruta de la Independencia MZ 016,"19.2998179,-99.63390439999999",Independencia,Independencia
2829,Resuelto,2025-07-11 16:30:39,2025-10-25 10:05:41,toda la calle es un desastre,Fray Andrés de Castro 113,"19.290571999999997,-99.6667566",Ciudad Universitaria,San Bernardino
2828,Cancelado,2025-07-11 16:17:35,2025-12-30 12:32:59,"Buenas me dirijo a ustedes antemano con mucho respeto como autoridades que les corresponde en esta área Saludos.solicito de su apoyo para realizar un nuevo recarpetamiento de asfalto porque ya con un bacheo no quedará ya que el caminó se encuentra en mal estado pero lo dejo a su consideración buenas.Estoy a sus órdenes esperando una respuesta favorable ",Camino a San José La Costa Camino a San José La Costa,"19.4287729,-99.6573646",Tlachaloya,San José La Costa
2821,Resuelto,2025-07-11 14:12:49,2025-08-14 12:07:50,"Atrás de la central de abastos ",Calle Ignacio Zaragoza 3,"19.347485956128,-99.60755708327298",San Mateo Otzacatipan,Rancho San José
2820,Resuelto,2025-07-11 14:11:36,2025-08-14 11:54:42,Es ya el problema tan grave que al esquivar todos los baches se puede provocar un accidente,Calle Ignacio Zaragoza 3,"19.3475471216689,-99.60756934930724",San Mateo Otzacatipan,Rancho San José
2818,Resuelto,2025-07-11 13:52:43,2025-10-27 15:11:19,Junto a casa ejidal enfrente del panteon,Calzada del Panteón,"19.261432512894693,-99.71591059114554",San Antonio Buenavista,Camino Real
2816,Resuelto,2025-07-11 13:42:28,2025-12-30 09:13:53,El hueco genera riesgo de accidentes vehiculares y daños a automóviles. Presenta bordes irregulares y acumulación de agua cuando llueve.  Urge reparación para prevenir incidentes.,Avenida Industria Automotriz,"19.29701265600748,-99.61025985117638",Santa Ana Tlapaltitlan,Buena Vista
2815,Resuelto,2025-07-11 13:22:28,2025-11-25 13:05:32,"Baches el la calle principal y en la Josefa Ortiz ",Prolongación Ignacio López Rayón 113,"19.3415932,-99.5938759",San Mateo Otzacatipan,San José Guadalupe Otzacatipan
2814,Resuelto,2025-07-11 13:19:55,2025-10-03 08:58:19,pueden visualizarse mas baches en francisco villa,Manuel Bernal 1154,"19.2538677,-99.67042339999999",Capultitlán,Los Pinos
2813,Resuelto,2025-07-11 13:09:25,2025-08-14 12:33:34,Entre Valle de la hacienda y Ex Hacienda san jose,Calle Ignacio Zaragoza 3,"19.347652500000002,-99.60769619999999",San Mateo Otzacatipan,Rancho San José
2810,Resuelto,2025-07-11 12:31:29,2025-11-12 17:55:08,"esta  un orificio de mas menos  15 cms  al  exterior pero se ve mas ancho adentro como un pequeño socavón ",Ricardo V. Garrido 401,"19.2789798,-99.6349597",San Sebastian,Salvador Sánchez Colín
2809,Resuelto,2025-07-11 12:21:31,2025-08-14 12:35:31,bache  peofundo de lado a lado de la calle,Calle Ignacio Zaragoza 3,"19.347652500000002,-99.60769619999999",San Mateo Otzacatipan,Rancho San José
2808,Resuelto,2025-07-11 12:11:47,2025-12-13 09:46:15,"Toda la calle lleva años sin ser reparada está en el olvido tota, ya mandé toda la evidencia al correo que me dieron y ahora la quieren por aquí ??",Calle Juana de Asbaje 70,"19.3040787,-99.6561006",Santiago Miltepec,Miltepec Sur
2802,Cancelado,2025-07-11 12:08:02,2025-12-29 18:26:57,muchos baches en Av presidente Vicente Lombardo Toledano,Paseo Vicente Lombardo Toledano 486,"19.307965799999998,-99.5923593",San Mateo Otzacatipan,Vicente Lombardo
2801,Cancelado,2025-07-11 11:24:17,2025-10-02 11:58:57,"Muy cerca del establecimiento modo avión ",Calle Juan de la Barrera,"19.323009886372827,-99.56788547052253",San Pedro Totoltepec,Barrio De San Francisco Totoltepec
2792,Resuelto,2025-07-11 09:33:55,2025-11-28 16:45:17,Frente a Casa Naranja con Zaguán color negro,Calle Lázaro Cárdenas 117,"19.296487330244027,-99.6314136052235",Independencia,San Juan Buenavista
2791,Resuelto,2025-07-11 09:33:42,2025-11-28 16:42:54,Frente a Casa Naranja con Zaguán color negro,Calle Lázaro Cárdenas 117,"19.296487330244027,-99.6314136052235",Independencia,San Juan Buenavista
2789,Resuelto,2025-07-11 09:09:06,2025-12-13 10:23:50,"La calle está dañando a los autos, y ocasionando accidentes de motociclistas",Calle Juana de Asbaje Norte 116,"19.30094290043935,-99.65554827948247",Santiago Miltepec,Miltepec Sur
2788,Resuelto,2025-07-11 09:06:26,2025-12-08 13:31:45,Baches desde hace meses. favor apoyar,Calle Ricardo Flores Magón 147,"19.353457900000002,-99.60237380000001",San Cristobal Huichochitlan,San José Guadalupe
2787,Resuelto,2025-07-11 09:06:22,2025-09-04 13:15:32,"La afectación está sobre Prol paseo Totoltepec, 20 m antes de justo Flores y 50 m después de independencia, urge repavimentación, el bacheo no sirve!! ",Calle Prolongación Paseo Totoltepec 5,"19.3116116,-99.58582949999999",Santa María Totoltepec,Arboledas
2785,Resuelto,2025-07-11 08:03:57,2025-12-30 09:13:15,"en toda la calle de Chalco está llena de banches, por lo menos hay 10 a 15 baches de diferentes tamaños ",Chalco 214,"19.2952186,-99.66550149999999",Sánchez,Sector Popular
2783,Resuelto,2025-07-11 06:14:52,2025-12-04 14:57:22,"Escuela primaria ",Miguel Hidalgo &,"19.3143803,-99.6231633",San Lorenzo Tepaltitlan,El Charco
2781,Resuelto,2025-07-11 00:35:16,2025-10-25 11:59:58,"Hoyos bastante profundos, por favor arreglar ",Calle Manuel Gómez Pedraza 115,"19.29473370057275,-99.65405211349771",Árbol De Las Manitas,Zopilocalco Sur
2780,Resuelto,2025-07-11 00:28:18,2025-10-02 17:07:26,"Estos hoyos llevan así más de 10 años ya no está lloviendo pueden tapar todos y hay materiales más resistentes ",Calle José María Pino Suárez 90,"19.285289663501867,-99.60828576220729",Santa Ana Tlapaltitlan,Santa María Norte
2779,Resuelto,2025-07-11 00:24:09,2025-12-30 09:12:38,"Ya hay materiales para ponerse resistentes al agua, ya no está lloviendo pueden arreglar ",Avenida Industria Automotriz,"19.2881107,-99.6499462",Centro Histórico,5 De Mayo
2775,Cancelado,2025-07-10 23:17:46,2025-12-30 12:32:28,"hay enormes oyos antes del cruce con la vale Miguel Hidalgo den ambos sentidos, frente a la escuela primaria y se solicita también reductores de velocidad.",Calle Pensador Mexicano 5,"19.314459799999998,-99.622945",San Lorenzo Tepaltitlan,San Angelín
2774,Cancelado,2025-07-10 23:12:28,2025-12-30 12:32:14,"frente a escuela héroes de la independencia ",Calle Pensador Mexicano 128,"19.3143751,-99.6232976",San Lorenzo Tepaltitlan,El Charco
2765,Cancelado,2025-07-10 20:39:27,2025-12-30 12:31:51,"Toda la avenida se encuentra en este estado ",Calle Revolución,"19.35536507143742,-99.59997547620007",San Mateo Otzacatipan,San Diego De Los Padres Otzacatipan
2761,Cancelado,2025-07-10 18:54:41,2025-12-30 12:31:37,"está terrible ",San Pablo 124 esq,"19.371939899999997,-99.58142310000001",Sauces,Villas Santín I
2760,Cancelado,2025-07-10 18:53:13,2025-12-30 12:31:24,es un cráter URGE bacheo o reencarpetado,San Gabriel 202,"19.372923,-99.5810293",Sauces,Villas Santín I
2759,Cancelado,2025-07-10 18:50:00,2025-12-30 12:31:00,"Hola Pido Su Apoyo Para La Pronta Respuesta Y Reparación De Baches, Ya que Se Estan Realizando Trabajos De Bacheo En Calles Vecinas, Y A Nosotros Que Estamos A Unos Minutos No Nos Puede Llegar El Apoyo Para Solucionar Los Baches! Es Un Problema Que Mos Genera Problemas De Movilización A Todos Los Vecinos ",Josefa Ortiz de Domínguez 20,"19.3558988,-99.6102453",San Cristobal Huichochitlan,San José Guadalupe
2757,Cancelado,2025-07-10 18:39:08,2025-12-30 12:30:51,"Es una calle con mucho tránsito de estudiantes en moto, los baches representan un peligro, sobre todo en la noche y los días de lluvia. Espero pronto puedan ayudar. Gracias",Avenida Santa Elena 180,"19.308757959750977,-99.61482699358682",San Lorenzo Tepaltitlan,Rincón De San Lorenzo
2755,Cancelado,2025-07-10 18:37:13,2025-12-30 12:30:39,"En el cruce con Vicente Lombardo. Prácticamente un carril está no transitable, se tienen que mover coches para dejar pasar a los autos y que no sufran daños. Agradezco su atención",Calle Emiliano Zapata 103,"19.30571992343455,-99.61323703172343",San Lorenzo Tepaltitlan,San Isidro
2754,Cancelado,2025-07-10 18:33:06,2025-12-30 12:30:18,"Envío evidencia, la calle ya está muy maltratada. Está cerca de una escuela y muchos de sus estudiantes usan motocicleta, los baches tan grandes son un peligro país ellos y también para los automóviles y personas",Avenida Santa Elena,"19.31213043844488,-99.61413845976632",San Lorenzo Tepaltitlan,Rincón De San Lorenzo
2751,Cancelado,2025-07-10 18:08:17,2025-12-30 12:29:04,Roda la calle esta llena de baches,Calle Lago Sayula 508,"19.272754199999998,-99.67701280000001",Seminario 2 De Marzo,Seminario Cuarta Sección Ii
2750,Cancelado,2025-07-10 18:06:39,2025-12-30 12:28:44,Bache En Uruguay Numero 215,Rep. de Uruguay 115,"19.2816364,-99.6423903",Universidad,Américas
2749,Cancelado,2025-07-10 18:01:22,2025-12-30 12:27:50,Bache En Uruguay Numero 100,Rep. de Belice 100,"19.281429,-99.6433083",Universidad,Américas
2748,Resuelto,2025-07-10 17:56:11,2025-12-31 11:51:59,Baches En Bolivia 305,Rep. de Bolivia 305,"19.281256,-99.643575",Universidad,Américas
2747,Resuelto,2025-07-10 17:50:42,2025-12-31 11:48:54,"Bache En Calle Bolívia ",Rep. de Bolivia 318,"19.2803692,-99.6437976",Universidad,Américas
2741,Cancelado,2025-07-10 16:52:10,2025-12-30 12:26:58,"Toda la calle de camino viejo (Benito Juarez) desde el panteón hasta la Colón está llena de baches  ",Calle Licenciado Benito Juárez García 326,"19.249598690963964,-99.65974568483495",Capultitlán,San Isidro Labrador
2740,Resuelto,2025-07-10 16:23:14,2025-12-31 10:10:08,4 calles pasando el coppel,Ex-hda. de Tlalpan 15A,"19.2940722,-99.69559849999999",San Mateo Oxtotitlan,San Jorge
2738,Resuelto,2025-07-10 15:06:57,2025-12-31 14:39:21,"A espaldas del IEDIS ",Calle Exhacienda del Herradero 19B,"19.295578894902178,-99.69552447600876",San Mateo Oxtotitlan,San Jorge
2737,Cancelado,2025-07-10 15:04:14,2025-12-30 12:25:54,Esquina de Flores Magon y Niños Héroes,Calle Ignacio Zaragoza 3,"19.347652500000002,-99.60769619999999",San Mateo Otzacatipan,Rancho San José
2736,Cancelado,2025-07-10 14:07:10,2025-12-30 12:25:39,"En la Esquina hay un edificio verde , viejo, apuntalado ",Calle Norte 21 de Marzo 109–203,"19.29230482558034,-99.66141133966825",Barrios Tradicionales,La Retama
2735,Cancelado,2025-07-10 14:05:35,2025-12-30 12:25:27,"Atrás de la central de abastos Toluca ",Calle Ignacio Zaragoza 3,"19.347526350132387,-99.60756908472865",San Mateo Otzacatipan,Rancho San José
2733,Cancelado,2025-07-10 13:54:31,2025-12-30 12:24:12,Se tiene baches enormes y se pinchan llantas,Calle Ignacio Zaragoza 3,"19.347492641853147,-99.6075761211428",San Mateo Otzacatipan,Rancho San José
2730,Cancelado,2025-07-10 12:57:57,2025-12-30 12:23:45,hay dos baches a mitad de calle,Manuel Acuña 311,"19.2794126,-99.6363598",San Sebastian,Progreso
2718,Cancelado,2025-07-10 09:00:52,2025-12-30 12:23:33,"baches parece marte más de diez años sin hacer nada ",Chalco 216,"19.295216699999997,-99.6655221",Sánchez,Sector Popular
2716,Resuelto,2025-07-10 08:37:51,2025-12-31 10:49:35,"Coca cola ",Avenida Cuauhtémoc 127,"19.296887343569143,-99.59414230836919",Santa Maria Totoltepec,El Olimpo
2715,Cancelado,2025-07-10 07:24:15,2025-12-30 12:22:33,"Bache En Carlos A. Velez a La Mitad De Cuadra ",Calle Carlos A. Vélez 606,"19.2784063,-99.64997009999999",Universidad,Universidad
2714,Cancelado,2025-07-10 07:19:37,2025-12-30 12:22:12,Bache en Calle Carlos A Vélez Esquina Carranza Por el Negocio Llamado Malecon,Calle Carlos A. Vélez 604,"19.2786276,-99.65004189999999",Universidad,Universidad
2713,Cancelado,2025-07-09 23:43:20,2025-12-29 18:20:08,"Esquina cda. Misión y av Nuevo México. Se solicitan trabajos de reparación y rencarpetamiento, con lluvia de “rompe” y se hacen hoyos de gran tamaño y profundidad. Principal acceso para fracc vista hermosa. ",Avenida Nuevo México 24,"19.235999273730997,-99.64521766277707",San Felipe Tlalmimilolpan,Del Panteón
2712,Resuelto,2025-07-09 22:16:04,2025-07-10 10:12:44,"puente que va de la carretera Naucalpan dirección aeropuerto ",Boulevard Aeropuerto 300,"19.348188399999998,-99.590908",San Mateo Otzacatipan,San José Guadalupe Otzacatipan
2705,Resuelto,2025-07-09 20:08:34,2025-11-12 17:14:40,"este bache ya es casi de todo el carril ",Nezahualcóyotl 698,"19.2811292,-99.6319082",San Sebastian,Izcalli Toluca
2704,Resuelto,2025-07-09 20:03:39,2025-10-02 14:48:50,"Está sobre la vialidad Díaz Mirón y Nezahualcoyotl ",Nezahualcóyotl 55,"19.280954400000002,-99.631416",Santa Ana Tlapaltitlan,Pino Suarez
2702,Resuelto,2025-07-09 19:59:58,2025-11-12 17:00:39,"Calle recientemente pavimentada ",Nezahualcóyotl 702,"19.2809596,-99.63184869999999",San Sebastian,Salvador Sánchez Colín
2701,Resuelto,2025-07-09 19:49:14,2025-10-30 12:40:55,el bache mide 1 m cuadrado no esta profundo,Calle Lago Valencia 406,"19.2672712,-99.6767418",Seminario Conciliar,Seminario El Módulo
2699,Resuelto,2025-07-09 19:21:27,2025-12-30 09:09:58,"ya hay muchos baches y están algo profundos , el detalle es que es de las calles principales de san Diego y los carros siempre caen en ellos y una que otra moto se caen por culpa de los baches ",Calle Zinacantepec 120,"19.380848999999998,-99.6393006",San Pablo Autopan,San Diego
2684,Cancelado,2025-07-09 12:44:45,2025-10-02 11:57:38,"la calle está totalmente intransitable, pero en la salida al entronque con boulevard aeropuerto está un bache tan grande que los coches pegan lo que lo hace peligroso ya que es un entronque a una via rápida ",Juan de La Barrera 22,"19.323054199999998,-99.5678528",San Pedro Totoltepec,Barrio De San Francisco Totoltepec
2677,Resuelto,2025-07-09 10:11:21,2025-12-30 09:09:31,frente a preparatoria número 116,José Luis Alamo 211,"19.2856929,-99.66822719999999",Ciudad Universitaria,San Bernardino
2676,Resuelto,2025-07-09 10:08:11,2025-10-29 15:21:31,"casi enfrente del Oxxo, en esa misma calle hacia las Torres hay otro tres baches similares.",José Antonio Albarrán 536,"19.2608179,-99.64976329999999",Del Parque,Del Parque Ii
2673,Resuelto,2025-07-09 09:27:44,2025-11-12 17:27:30,"hay baches justo delante del tope y hay varios ",Francisco Olaguibel 211,"19.277795899999997,-99.6335797",San Sebastian,Salvador Sánchez Colín
2666,Resuelto,2025-07-08 21:20:34,2025-12-30 09:08:08,Todas Las Calles (4) De La Colonia,Bosque de Pirules 101,"19.2581338,-99.656582",Moderna De La Cruz,Bosques De Colón
2665,Resuelto,2025-07-08 21:13:32,2025-11-12 13:57:32,Entre el quiosco y la parroquia,Calle Cuauhtémoc Norte 100,"19.228511346116015,-99.67329332269259",Santiago Tlacotepec,Del Centro
2664,Resuelto,2025-07-08 21:11:51,2025-12-30 09:07:02,Esquina de la delegación,Calle Ermita 3,"19.228670142154023,-99.67281753311279",Santiago Tlacotepec,Del Centro
2663,Cancelado,2025-07-08 20:46:04,2025-12-29 18:19:44,"hay varios baches grandes en la calle ",Leonardo Rodríguez 140D,"19.277578899999998,-99.6331924",San Sebastian,Comisión Federal De Electricidad
2659,Resuelto,2025-07-08 17:35:06,2025-11-12 18:00:28,Atención a dos baches que están casi a la misma altura de la calle.,Joaquín Fernández de Lizardi 302,"19.279776899999998,-99.634562",San Sebastian,Salvador Sánchez Colín
2653,Resuelto,2025-07-08 16:07:09,2025-12-30 09:06:24,"Calle de atrás de oficinas de CFE (TORRES) ",Calle Lago Sayula 114,"19.27735734715556,-99.6782882165451",Seminario Las Torres,Seminario Segunda Sección
2652,Resuelto,2025-07-08 15:48:16,2025-07-08 18:56:17,primaria,Calle Libertad 143,"19.337208699999998,-99.68253829999999",Calixtlahuaca,San Francisco De Asis
2651,Resuelto,2025-07-08 15:29:35,2025-09-25 14:54:50,Necesitamos nos apoyen con más material de fresado para que en comunidad  podamos continuar realizando labores de bacheo en nuestra colonia,Calle Independencia 123,"19.3086552,-99.59604429999999",San Mateo Otzacatipan,Geovillas Independencia
2649,Resuelto,2025-07-08 14:39:01,2025-12-15 18:00:53,"Desde la gasolinera hasta la calle principal se encuentra con baches ",Ignacio Zaragoza 21,"19.2854414,-99.6289675",Santa Ana Tlapaltitlan,Pino Suarez
2645,Cancelado,2025-07-08 13:33:59,2025-10-02 19:26:08,"Buenas tardes,quisiera hacer un segundo reporte sobre la calle Albert Einstein que está llena de baches y ya no es posible pasar,es una calle principal y no se preocupan por ella,urge que arreglen esa calle es imposible ya pasar y las evidencias es solo de un tramo chiquito,pero toda la calle está así esta por favor ya arreglen esa calle ",L 28 22,"19.3168312,-99.6129683",San Lorenzo Tepaltitlan,La Cruz Comalco
2644,Resuelto,2025-07-08 13:22:13,2025-12-16 23:19:14,Frente al condominio C5 está un bache enorme,Atenea 2 D,"19.3004989,-99.5889787",Santa Maria Totoltepec,El Olimpo
2643,Resuelto,2025-07-08 13:21:22,2025-12-16 23:19:52,"Bache enorme en la esquina de Dioses del Olimpo y El Olimpo ",Vulcano 32,"19.300644500000004,-99.58882729999999",Santa Maria Totoltepec,El Olimpo
2642,Resuelto,2025-07-08 12:30:44,2025-11-24 15:12:06,"Calle con baches ya con profundidad considerable además de ser entrada principal a la colina y da acceso a otras colonias ",Calle la Palma 4,"19.311400010911765,-99.58435950139982",Santa María Totoltepec,Arboledas
2640,Resuelto,2025-07-08 11:06:00,2025-09-04 15:45:58,"camellón de Av Cuauhtémoc ",Avenida Cuauhtémoc 109,"19.2949426,-99.5939873",Santa Maria Totoltepec,El Carmen Totoltepec
2639,Resuelto,2025-07-08 10:41:54,2025-12-30 09:05:46,"gasolieria en la esquina de Aguascalientes y estado de México ",Leona Vicario 2086,"19.380707599999997,-99.62880679999999",San Pablo Autopan,Jicaltepec Autopan
2637,Resuelto,2025-07-08 09:52:31,2025-12-09 14:42:16,"En la intersección de Prado Sur y Calle Miguel Hidalgo ",Encino 101,"19.298911,-99.59269359999999",Santa Maria Totoltepec,El Olimpo
2635,Resuelto,2025-07-08 09:24:31,2025-12-30 09:05:20,toda la calle necesita bacheo,Calle Libertad 741,"19.317873,-99.6627402",Santiago Tlaxomulco,La Peña
2630,Resuelto,2025-07-07 20:29:05,2025-07-08 18:28:54,"Hay un trabó un tanto largo con este tipo de baches, creo deberán levantar asfalto y colocar nuevo para que dure. Es peligroso pasar por aquí porqué los sitios volantean por esquivar baches ",Distribuidor vial José López Portillo,"19.314607871468578,-99.63354803209556",Santa Cruz Atzcapotzaltongo,Ex Hacienda La Magdalena (barrio San Juan De La Cruz)
2629,Resuelto,2025-07-07 20:25:54,2025-07-08 18:27:25,En el tramo de Isidro Fabela para incorporarse a Filiberto Gómez. Ojalá puedan atender pronto. Gracias,Avenida Filiberto Gómez,"19.305910488971154,-99.6439521154258",La Maquinita,Tlacopa
2628,Cancelado,2025-07-07 19:54:30,2025-12-30 12:21:58,"Antes del Hotel Valle Inn, calle con árbol en medio ",Calle Paseo Ecuestre,"19.25450779035891,-99.6873707431618",Cacalomacan,Rancho San Miguel Zacango
2627,Cancelado,2025-07-07 19:34:35,2025-12-30 12:21:45,adelante de el colegio albatros,Cerrada de Niños Héroes 211,"19.3151109,-99.5989836",San Mateo Otzacatipan,Geovillas Arboleda
2626,Cancelado,2025-07-07 19:09:37,2025-12-30 12:21:26,EL CAMINO CON MUCHOS BACHES ES ENTRE LA CALLE DE HIDALGO E ISIDRO FABELA,Boulevard Lic. Adolfo López Mateos 547,"19.3106985,-99.64775159999999",Santiago Miltepec,Miltepec Centro
2620,Cancelado,2025-07-07 14:20:17,2025-12-30 12:20:51,Cerca de UNITEC,Avenida Independencia 300,"19.2927762,-99.6193787",Santa Ana Tlapaltitlan,Buena Vista
2619,Cancelado,2025-07-07 14:06:32,2025-12-30 12:20:28,"iglesia, capilla",Adolfo López Mateos 111,"19.312523199999998,-99.67155559999999",Santiago Tlaxomulco,El Calvario
2612,Cancelado,2025-07-07 12:33:51,2025-12-30 12:12:56,"bastantes baches y cuando llueve fuerte el agua se sale de las coladeras ",Reforma 565,"19.3179406,-99.59442159999999",San Mateo Otzacatipan,La Floresta
2609,Resuelto,2025-07-07 10:27:59,2025-12-31 10:06:49,al fondo ay un árbol grande,Ex-hda. de Tlalpan 6b,"19.2937494,-99.69604679999999",San Mateo Oxtotitlan,San Jorge
2606,Cancelado,2025-07-07 09:46:06,2025-12-30 12:12:08,valle de la hacienda condominio 3,Calle Ignacio Zaragoza 3,"19.347652500000002,-99.60769619999999",San Mateo Otzacatipan,Rancho San José
2605,Cancelado,2025-07-07 08:40:00,2025-12-30 12:11:28,"justo enfrente de la empresa Bosch, es un socavón lleva un año sin reparar. ",Calle Roberto Bosch 2,"19.2960761,-99.6196501",Santa Ana Tlapaltitlan,Buena Vista
2600,Cancelado,2025-07-06 22:31:12,2025-12-30 12:11:07,"esta calle está llena de baches y cada que llueve parece río y es imposible pasar caminando sin que se mojen o los carros que siempre caen en los baches ",Guadalupe Victoria 60,"19.380523999999998,-99.6380609",San Pablo Autopan,Jicaltepec Autopan
2599,Cancelado,2025-07-06 22:29:40,2025-12-30 12:10:48,bacheo pendiente en calle juan escutia entre  calle castillo de chapultepec y benito juarez en la subdelegacion niños heroes,Calle Juan Escutia 701,"19.3049803,-99.69324669999999",San Mateo Oxtotitlan,Niños Héroes I
2586,Cancelado,2025-07-06 16:57:28,2025-12-30 12:09:43,Cada día se hacen más grandes,Calle Felipe Villanueva 1615,"19.2681039,-99.6668109",Seminario Conciliar,Seminario Tercera Sección
2585,Resuelto,2025-07-06 15:16:01,2025-12-30 19:40:58,cruce de vias de tren,Boulevard Alberto Einstein 2017,"19.2968558,-99.6100462",Santa Ana Tlapaltitlan,Buena Vista
2582,Resuelto,2025-07-06 12:08:09,2025-11-12 18:05:54,Presencia de bache.,Juan Garza 104C,"19.2817892,-99.6352273",San Sebastian,Salvador Sánchez Colín
2577,Resuelto,2025-07-06 10:16:29,2025-07-07 11:16:10,"Toda la Calle de la barranca tiene baches de profundidad considerable, es importante su atención, ya que es un riesgo para toda la gente que vivimos en la zona.",Calle de la Barranca,"19.30166,-99.6406205",Independencia,Independencia
2576,Resuelto,2025-07-06 10:16:26,2025-10-30 15:02:46,"Toda la Calle de la barranca tiene baches de profundidad considerable, es importante su atención, ya que es un riesgo para toda la gente que vivimos en la zona.",Calle de la Barranca,"19.30166,-99.6406205",Independencia,Independencia
2575,Resuelto,2025-07-06 01:54:45,2025-10-25 13:26:47,"Antes De La Iglesia De San Sebastian ",5 de Mayo 2 Oriente 338A,"19.28681,-99.6476082",Centro Histórico,5 De Mayo
2574,Cancelado,2025-07-06 01:53:07,2025-12-29 17:21:22,Modulo De Copaci,Las Palomas 80,"19.247205100000002,-99.6353245",Metropolitana,Las Palomas
2573,Resuelto,2025-07-05 21:51:58,2025-10-20 12:15:12,Casi al llegar al semáforo de Urawa,Urawa 101,"19.2836794,-99.63739350000002",San Sebastian,Izcalli Toluca
2569,Resuelto,2025-07-05 19:47:53,2025-07-07 10:59:39,frente a la talachera,José María Morelos y Pavón 90,"19.3999399,-99.69969119999999",San Cayetano Morelos,San Cayetano
2568,Resuelto,2025-07-05 19:42:36,2025-12-28 14:20:44,"frente al campo juventus y antes de llegar al salon testigos de jehova ",Miguel Hidalgo y Costilla 30,"19.402368,-99.7016536",San Cayetano Morelos,San Cayetano
2566,Resuelto,2025-07-05 19:30:10,2025-11-26 12:37:56,frente al campo de abundio,Héroes de la Independencia 694,"19.404792399999998,-99.702156",San Cayetano Morelos,San Cayetano
2565,Resuelto,2025-07-05 19:27:04,2025-12-09 11:59:57,sobre heroes de la Independencia esquina miguel hidalgo,Héroes de la Independencia 609,"19.4027033,-99.7022853",San Cayetano Morelos,San Cayetano
2562,Resuelto,2025-07-05 19:04:16,2025-12-09 11:15:16,"es el paso para una gran parte de la población ",Héroes de la Independencia 93,"19.4004495,-99.70220239999999",San Cayetano Morelos,San Cayetano
2561,Resuelto,2025-07-05 19:00:13,2025-07-07 10:40:17,"esta a pie de caretera el bache y lleva mas de año y medio sin recibir Reencarpetamiento ",José María Morelos y Pavón 9,"19.399673099999998,-99.7022542",San Cayetano Morelos,San Cayetano
2560,Resuelto,2025-07-05 18:55:16,2025-07-07 10:39:18,"en esta calle se encuentran varios baches , 1 frente a la rosticeria  1 frente a la tienda el paso y 1 frente a la verduleria , y frente a la farmacia san cayetano ",Calle Tomás 219,"19.399304,-99.7044124",San Cayetano Morelos,San Cayetano
2559,Resuelto,2025-07-05 18:49:53,2025-07-07 10:38:23,"se encuentra frente a la cremeria y panaderia ",Isidro Fabela 42,"19.3986926,-99.7047616",San Cayetano Morelos,San Cayetano
2557,Resuelto,2025-07-05 17:59:33,2025-07-07 10:37:34,"calle principal , se encuentra en pesimas condiciones ",José María Morelos y Pavón 562,"19.398482599999998,-99.70591519999999",San Cayetano Morelos,San Cayetano
2556,Resuelto,2025-07-05 17:38:42,2025-07-07 10:36:29,"es la av. principal y paso para la comunidad de el Cerrillo, tlachaloya y san jose la costa ",José María Morelos y Pavón 276,"19.398307,-99.70823709999999",San Cayetano Morelos,San Cayetano
2555,Resuelto,2025-07-05 17:33:18,2025-07-07 10:34:05,"En el módulo de san Andrés ",Calle Melchor Ocampo 0,"19.354745579120678,-99.62938213956912",San Andrés Cuexcontitlán,Santa Rosa
2554,Resuelto,2025-07-05 17:27:08,2025-12-15 18:00:20,"Torre de teléfono ",Privada Mexicalcingo 302,"19.297066282001055,-99.66895417378551",Sánchez,Sector Popular
2551,Resuelto,2025-07-05 15:31:44,2025-09-04 16:08:33,Junto A La Taqueria,Manuel Buendía Tellez Girón 139,"19.3585661,-99.6436944",San Pablo Autopan,Pueblo Nuevo I
2550,Resuelto,2025-07-05 15:30:12,2025-09-04 16:04:30,Frente Al Taller De Bicicletaz,Manuel Buendía Tellez Girón 139,"19.3585661,-99.6436944",San Pablo Autopan,Pueblo Nuevo I
2549,Resuelto,2025-07-05 15:28:17,2025-07-07 10:26:31,Contra Esquina De La Panaderia,Manuel Buendía Tellez Girón 124,"19.3593239,-99.6441365",San Pablo Autopan,Pueblo Nuevo Ii
2548,Resuelto,2025-07-05 15:26:19,2025-09-04 16:02:57,Frente A Casa Amarlla,Manuel Buendía Tellez Girón 124,"19.3593239,-99.6441365",San Pablo Autopan,Pueblo Nuevo Ii
2547,Resuelto,2025-07-05 15:24:55,2025-09-04 16:01:28,Frente A La Huerta,Manuel Buendía Tellez Girón 120,"19.3599685,-99.6441294",San Pablo Autopan,Pueblo Nuevo I
2546,Resuelto,2025-07-05 15:23:24,2025-09-04 16:00:11,Entrada De La Privada,Manuel Buendía Tellez Girón 120,"19.3599685,-99.6441294",San Pablo Autopan,Pueblo Nuevo I
2545,Resuelto,2025-07-05 15:21:14,2025-09-04 15:58:21,"Frente A La Lechería ",Manuel Buendía Tellez Girón 118,"19.3601276,-99.6443796",San Pablo Autopan,Pueblo Nuevo Ii
2544,Resuelto,2025-07-05 15:20:06,2025-09-04 15:56:38,Frente A Calle Iturbide,Manuel Buendía Tellez Girón 113,"19.3605825,-99.64440289999999",San Pablo Autopan,Pueblo Nuevo I
2543,Resuelto,2025-07-05 15:18:07,2025-09-23 16:05:51,Frente A Papeleria,Calle Juan Aldama 116,"19.3606689,-99.64306359999999",San Pablo Autopan,Pueblo Nuevo I
2537,Resuelto,2025-07-05 10:50:53,2025-10-31 14:37:44,"Emiliano zapata ",Primera Cerrada Ex Hacienda del Herradero,"19.29577192786238,-99.69481045550602",San Mateo Oxtotitlan,San Jorge
2534,Resuelto,2025-07-05 09:53:35,2025-12-30 09:04:53,"Toda la calle llena de hoyos, calle usada por una distraía automotriz inpasable",Avenida Industria Automotriz,"19.296918757140745,-99.60601861582444",Santa Ana Tlapaltitlan,Buena Vista
2533,Resuelto,2025-07-05 08:41:46,2025-08-14 12:40:57,"Atrás de la central de abasto ",Calle Ignacio Zaragoza 3,"19.347652500000002,-99.60769619999999",San Mateo Otzacatipan,Rancho San José
2518,Resuelto,2025-07-04 20:00:15,2025-09-04 15:55:20,Frente A Las Hamburguesas,Manuel Buendía Tellez Girón 111,"19.3607175,-99.644415",San Pablo Autopan,Pueblo Nuevo I
2517,Resuelto,2025-07-04 19:58:32,2025-09-04 15:52:17,Frente A Inicio De Calle Aldama,Manuel Buendía Tellez Girón 112,"19.3609862,-99.6446675",San Pablo Autopan,Pueblo Nuevo Ii
2516,Resuelto,2025-07-04 19:56:54,2025-09-04 15:43:07,Frente A Taller De Bicicletas,Manuel Buendía Tellez Girón 106,"19.3615904,-99.64480569999999",San Pablo Autopan,Pueblo Nuevo Ii
2515,Resuelto,2025-07-04 19:55:08,2025-09-04 15:45:15,Junto A Xulcanixadora,Manuel Buendía Tellez Girón 106,"19.3615904,-99.64480569999999",San Pablo Autopan,Pueblo Nuevo Ii
2514,Resuelto,2025-07-04 19:51:57,2025-09-04 16:17:02,Esquina,Manuel Buendía Tellez Girón 102,"19.362452299999998,-99.6449066",San Pablo Autopan,Pueblo Nuevo Ii
2508,Resuelto,2025-07-04 17:35:09,2025-10-02 16:58:44,"Toda la calle de bahía de todos los santos está llena de hoyos ",Calle Bahía de Todos los Santos 129,"19.286059861489147,-99.61773981028712",Santa Ana Tlapaltitlan,Del Panteón
2506,Resuelto,2025-07-04 17:18:02,2025-10-31 14:42:23,A espaldas de escuela IEDIS,Calle Exhacienda del Herradero 19–21,"19.295576661291918,-99.69557096540527",San Mateo Oxtotitlan,San Jorge
2502,Resuelto,2025-07-04 16:06:53,2025-12-10 11:57:10,"Por las madererías ",Calle República de Venezuela 101,"19.283736800000007,-99.64434989999997",San Sebastian,San Sebastián Y Vértice
2501,Resuelto,2025-07-04 15:27:25,2025-07-06 10:50:11,"hay un bache profundo, no se ve con el agua, me causo un accidente en días pasados, y ya supe de un par más en el mismo lugar "," Guadalupe y Club Jardín","19.306615999999998,-99.6440447",La Maquinita,"Guadalupe, Club Jardín Y La Magdalena"
2496,Resuelto,2025-07-04 12:57:35,2025-12-15 17:59:59,A un costado de la Primaria Lic. Juan Fernández Albarrán Frente Al Campo De Futbol Numero 1,Mariano Matamoros 110,"19.357744399999998,-99.6600098",San Pablo Autopan,Santa María Tlachaloyita
2494,Resuelto,2025-07-04 12:46:44,2025-11-12 16:50:58,"En esquina con Salvador Díaz Miron justo a un lado de la coladera ,",Nezahualcóyotl 700,"19.281092599999997,-99.63178680000001",San Sebastian,Izcalli Toluca
2491,Resuelto,2025-07-04 11:09:15,2025-12-28 14:20:02,"Necesitamos Por Favor Alguna Solución Por Lo Menos Temporal En Lo Que Pasa La Temporada De Lluvias. Ya que La Vialidad Esta Intransitable "," San Jose Guadalupe Huichochitlan","19.3556511,-99.6096709",San Cristobal Huichochitlan,San José Guadalupe
2486,Resuelto,2025-07-04 08:51:07,2025-10-20 13:56:20,"Pasando la escuela primaria Horacio Zúñiga. Hay 4 baches grandes, mi foto es de mayo, pero se han hecho más grandes.",Felipe Villanueva 913,"19.2778627,-99.66557949999999",Morelos,Morelos Segunda Sección
2484,Resuelto,2025-07-03 23:04:54,2025-07-06 10:23:36,"Camino ",Avenida Industria Automotriz,"19.297017548357747,-99.61030798197584",Santa Ana Tlapaltitlan,Buena Vista
2478,Cancelado,2025-07-03 18:49:26,2025-12-30 12:09:07,"muchos baches de concreto hidráulico por dónde pasan los tubos que abastecen al tanque San Bernardino ",Calle General Agustín Millán 1137,"19.3000954,-99.6738587",Sánchez,La Teresona I
2474,Resuelto,2025-07-03 18:13:59,2025-10-07 15:48:10,muchos baches,Bugambilias 1300,"19.3127663,-99.632993",San Lorenzo Tepaltitlan,Las Flores
2473,Resuelto,2025-07-03 18:12:10,2025-10-07 15:49:38,muchos baches en el crucero,Calle Morelia 827,"19.3132666,-99.6335416",San Lorenzo Tepaltitlan,Las Flores
2472,Resuelto,2025-07-03 18:05:16,2025-10-07 15:50:16,muchos baches en toda la cudra,Calle Morelia 829,"19.3137634,-99.6340455",San Lorenzo Tepaltitlan,El Mogote
2470,Resuelto,2025-07-03 17:30:40,2025-12-29 19:52:22,Frente a una casa blanca con cafe,Pedro Moreno 118,"19.2857228,-99.67215569999999",Ciudad Universitaria,San Bernardino
2466,Resuelto,2025-07-03 13:30:55,2025-12-30 09:04:26,"se encuentra la Comisión Estatal de Mejora Regulatoria, se genera tráfico y puede dañar a los vehículos ",Avenida Primero de Mayo 411,"19.2908857,-99.64889079999999",Centro Histórico,Santa Clara
2465,Resuelto,2025-07-03 13:18:46,2025-12-30 09:04:08,"a media calle en la panadería ""asbaje""",Avenida Primero de Mayo 416,"19.290748999999998,-99.6488858",Centro Histórico,Santa Clara
2464,Resuelto,2025-07-03 12:52:50,2025-12-30 09:03:50,"En la esquina se encuentra en restaurante El Descorche, envíe un reporte en mayo y no ha habido respuesta. Les encargo. Gracias.",Avenida Industria Automotriz 400,"19.2966957,-99.6234234",Santa Ana Tlapaltitlan,Buena Vista
2462,Resuelto,2025-07-03 11:53:28,2025-12-30 09:03:35,"Casa gris con puertas blancas, Nicolás Bravo está llena de baches y ya es imposible pasar con el coche sin tener que estar al pendiente de la suspensión.",Privada Independencia,"19.312227107828726,-99.58143292988288",San Pedro Totoltepec,Manzana Sur
2461,Resuelto,2025-07-03 11:31:10,2025-12-30 09:03:18,"bqches y retorno que ya no se puede usar el cruce de las vias ",Avenida Independencia 1900A,"19.292473599999997,-99.61456090000001",Santa Ana Tlapaltitlan,Buena Vista
2459,Resuelto,2025-07-03 10:00:31,2025-12-30 09:03:01,"Toda la calle, desde Tollocan hasta Vicente Guerrero, presenta baches pronunciados.",Calle Abrazo de Acatempan,"19.279495251966065,-99.67402940698608",Ciudad Universitaria,Vicente Guerrero
2455,Resuelto,2025-07-03 08:40:53,2025-12-30 09:02:40,"toda la calle de la primaria ",Calle Libertad 19,"19.3366941,-99.6879056",Calixtlahuaca,San Francisco De Asis
2453,Resuelto,2025-07-03 08:13:17,2025-09-04 15:09:16,"Ya es imposible transitar, peor que una calle de terracería, urge reencarpetado ",Avenida Independencia 560,"19.3150057,-99.59510329999999",San Mateo Otzacatipan,La Floresta
2447,Resuelto,2025-07-02 19:55:01,2025-12-30 09:02:17,"La calle tiene muchos baches desde hace como 15 Años ",Emiliano Zapata 186,"19.3164229,-99.57389359999999",San Pedro Totoltepec,Geovillas
2445,Resuelto,2025-07-02 18:29:45,2025-12-10 11:42:32,"el crater esta justo en el cruce de Hidalgo y Sor juana ibes de la cruz, es increible que ni las calles del cebtro historico puedan darles mantenimiento!!!",Calle Sor Juana I. de La C. 103,"19.2898212,-99.65146829999999",Centro Histórico,5 De Mayo
2444,Resuelto,2025-07-02 18:26:20,2025-10-29 18:44:09,1 cuadra antes parque de la bomba,Calle José María Coss 138,"19.283030611402943,-99.67155084919082",Morelos,Morelos Primera Sección
2442,Resuelto,2025-07-02 17:46:26,2025-10-30 11:20:28,Se encuentra entre 2 campos de futbol.,Calle Doctor Nicolás San Juan,"19.321550000722077,-99.63304045192575",Santa Cruz Atzcapotzaltongo,Ex Hacienda La Magdalena (barrio San Juan De La Cruz)
2441,Resuelto,2025-07-02 17:07:02,2025-09-04 17:00:57,Intersección de Av. Cuauhtemoc y calle Cuitlahuac,Avenida Cuauhtémoc 53,"19.3033255,-99.5916008",Santa Maria Totoltepec,Del Centro
2439,Resuelto,2025-07-02 17:02:46,2025-09-04 16:59:08,En la intersección de Av Cuauhtémoc y El Olimpo,Avenida Cuauhtémoc 1,"19.301948199999998,-99.5932303",Santa Maria Totoltepec,El Olimpo
2438,Resuelto,2025-07-02 16:50:39,2025-07-02 18:31:12,"Frente a Secretaría de movilidad ",Avenida Paseo Tollocan 312,"19.2766324,-99.6453998",San Sebastian,Valle Verde Y Terminal
2432,Resuelto,2025-07-02 15:13:49,2025-08-14 12:37:29,Atrás de la central de abastos,Calle Ignacio Zaragoza 3,"19.347652500000002,-99.60769619999999",San Mateo Otzacatipan,Rancho San José
2431,Resuelto,2025-07-02 15:01:21,2025-12-30 09:01:58,"La calle se pavimentó hace año y medio y ya tiene muchos baches ",Calle Aguascalientes,"19.380639187634074,-99.62733357536466",San Andrés Cuexcontitlán,Jicaltepec Cuexcontitlán
2430,Resuelto,2025-07-02 13:51:49,2025-10-30 18:01:27,A un costado del panteón municipal entre calle las flores y hacienda del moran,Anastacio Parodi 313,"19.259037443736517,-99.64720227169636",Del Parque,Azteca
2429,Resuelto,2025-07-02 13:49:39,2025-10-02 13:07:37,"Muy transitada por transporte público y de carga ",Avenida Miguel Hidalgo Sur,"19.319793064676848,-99.57172028899599",San Pedro Totoltepec,Geovillas
2427,Resuelto,2025-07-02 13:38:50,2025-07-02 18:26:00,"Transitada por transporte público, de carga, escolar y particular ",Calle Agustín Millán 230,"19.313916692237736,-99.56740350123486",San Pedro Totoltepec,Barrio De San Francisco Totoltepec
2426,Resuelto,2025-07-02 13:33:15,2025-12-30 09:01:41,"Calle transitada por transporte público y de carga ",Calle Juan de la Barrera 7–12,"19.322392090173356,-99.5691588614831",San Pedro Totoltepec,Nueva San Francisco
2425,Resuelto,2025-07-02 13:28:44,2025-12-28 14:19:35,"Calle con paso de camiones de transporte público y de carga así como automóviles ",Calle Niños Héroes 287,"19.3163874,-99.5728615",San Pedro Totoltepec,Geovillas
2423,Resuelto,2025-07-02 13:01:54,2025-08-14 12:00:37,"Esquina de ambas calles fuera de fraccionamiento valle de la hacienda ",Calle Ignacio Zaragoza 3,"19.34751513771951,-99.60759782493345",San Mateo Otzacatipan,Rancho San José
2422,Resuelto,2025-07-02 13:01:46,2025-08-14 12:29:00,"La Calle Esta Muy Deteriorada Y Pasan Camiones Muy Pesados Abriendo Más Los Baches Se Torna Peligroso Porque Puede Romperse El Puente, Pero no Por Favor Su Pronta Ayuda Y Atencion",,"19.34749,-99.607498",San Mateo Otzacatipan,Rancho San José
2420,Resuelto,2025-07-02 12:42:27,2025-08-14 12:39:23,"atrás de la central de abastos ",Calle Ignacio Zaragoza 3,"19.347652500000002,-99.60769619999999",San Mateo Otzacatipan,Rancho San José
2419,Resuelto,2025-07-02 12:30:19,2025-08-14 12:12:17,Entrada  fraccionamiento valle de la hacienda,Calle Ignacio Zaragoza 3,"19.34747212825146,-99.60752818900215",San Mateo Otzacatipan,Rancho San José
2417,Resuelto,2025-07-02 12:12:46,2025-12-28 14:19:13,"Calles muy deterioradas ","Calle Mandarinas 17 ","19.3222224,-99.5705082",San Pedro Totoltepec,Nueva San Francisco
2412,Cancelado,2025-07-02 10:29:34,2025-12-30 12:08:34,"Esta Justo En la Esquina De La esperanza, De Frente a La Entrada De La Fiscalia",Avenida Miguel Hidalgo 1301,"19.2901554,-99.6382314",Independencia,Reforma Y Ferrocarriles Nacionales (san Juan Bautista)
2410,Resuelto,2025-07-02 10:06:15,2025-09-04 16:55:57,Bache afuera del kinder,Avenida Cuauhtémoc 73,"19.3011432,-99.59371449999999",Santa Maria Totoltepec,El Olimpo
2408,Cancelado,2025-07-02 07:42:57,2025-12-29 18:30:49,Esquina Amazonas con Ecuestre,Paseo de Los Toros Bravos 3,"19.2520672,-99.6875464",Cacalomacan,Rancho San Miguel Zacango
2405,Resuelto,2025-07-02 00:34:00,2025-10-27 13:19:57,"Muchos Baches Pequeños, Profundos Muy Cercanos, Aproximadamente 10 En La Misma Calle",Juan Fernández Albarrán 503,"19.2777217,-99.65196139999999",Universidad,Universidad
2398,Resuelto,2025-07-01 23:40:48,2025-12-30 09:01:17,Baches Que Indican Undimiento,Pablo Sidar 436,"19.277468,-99.6532826",Universidad,Universidad
2394,Resuelto,2025-07-01 21:02:12,2025-12-30 09:01:01,Justo en la esquina y cruce de las calles Prado Sur y Cuahtemoc.,Carlos Hank González 171,"19.298864299999998,-99.59394250000001",Santa Maria Totoltepec,El Olimpo
2392,Resuelto,2025-07-01 17:43:45,2025-10-20 11:08:47,"también hay muchos baches más de 20 en González Arratia desde avenida de los maestros y hasta independencia ",Avenida de los Maestros 218,"19.2954781,-99.6446452",Centro Histórico,Santa Clara
2390,Resuelto,2025-07-01 15:55:18,2025-12-30 09:00:40,"Hay una Gasolinera y semáforo ",Avenida Industria Automotriz 435,"19.2971046,-99.6109618",Santa Ana Tlapaltitlan,Buena Vista
2388,Resuelto,2025-07-01 15:46:32,2025-12-30 09:00:14,Las Hesperides San Mateo Otzacatipan,Aretusa 14-2,"19.315310000000004,-99.5928433",San Mateo Otzacatipan,La Floresta
2387,Resuelto,2025-07-01 15:28:30,2025-10-01 17:26:38,"Buenas tardes,Solicitar Mezcla Asfáltica para Reparar los Desperfectos de la Calle,ya que a causa de las lluvias está en muy Malas Condiciones ",José María Morelos y Pavón 62,"19.3378049,-99.58547929999999",San Pedro Totoltepec,San Miguel Totoltepec
2385,Resuelto,2025-07-01 14:53:20,2025-09-04 14:55:33,Un Garis,Avenida Independencia 143,"19.309959900000003,-99.59560809999999",San Mateo Otzacatipan,Geovillas Independencia
2384,Resuelto,2025-07-01 14:09:51,2025-09-25 14:50:27,"Un terreno muy grande que tiene un letrero que esta en venta ",Avenida José María Morelos Poniente 1017,"19.2877534,-99.66528489999999",Centro Histórico,La Merced (alameda)
2379,Resuelto,2025-07-01 11:39:24,2025-10-01 16:12:02,"enfrente de la telesecundaria, afecta a los alumnos y vehículos que transitan, se ponen en riesgo ya que los vehículos para evitar pasar por los baches se suben a la banqueta y ponen en riesgo la integridad de los alumnos.",Guadalupe Victoria 21,"19.3792886,-99.63854979999999",San Pablo Autopan,Jicaltepec Autopan
2375,Resuelto,2025-07-01 10:05:08,2025-09-04 13:11:44,"Frente a cancha de basketball y lote baldío ",Calle Prolong Paseo Totoltepec,"19.312323938868403,-99.58589379260718",Santa María Totoltepec,Arboledas
2374,Resuelto,2025-07-01 07:54:37,2025-09-04 14:45:36,"Le urge a la calle un bacheo a conciencia,porque esta horrible y lleva así más de un año",Independencia 1841,"19.3163616,-99.5952372",San Mateo Otzacatipan,Geovillas Arboleda
2371,Resuelto,2025-06-30 23:27:13,2025-12-30 08:59:48,"Pavimentación de toda la calle Isaac Newton, por que está en pésimas condiciones, favor de indicar si se requiere hacer reporte individual por bache, pero sería pavimentar completamente toda la calle, la foto no le hace justicia a todos los baches que hay presentes en la calle",Calle Isaac Newton 203,"19.304843719272935,-99.6317867022477",Independencia,Las Torres (científicos)
2370,Resuelto,2025-06-30 23:20:14,2025-12-01 11:14:11,"Saliendo de la calle Thomas Alva Edison del lado de las casas, y entrando a la calle 20 de noviembre, hay baches, es del lado donde está el Eco Gym",Calle 20 de Noviembre 200,"19.305555297213242,-99.63215290237427",Independencia,Las Torres (científicos)
2369,Resuelto,2025-06-30 23:17:36,2025-07-01 13:56:33,"Bache saliendo de la calle Jesús González Ortega, en segundo carril, yendo en sentido hacia paseo Tollocan",Calle Profesor Jesus González Ortega,"19.29517227560261,-99.62795160194203",Independencia,San Juan Buenavista
2368,Resuelto,2025-06-30 23:15:18,2025-11-28 16:46:20,"Micro baches, calle desgastada, mismas deficiencias de calle parte de los reportes 2365, 2366, se busca que ese tramo de calle quede en perfectas condiciones",Calle Lázaro Cárdenas 117,"19.296380257909632,-99.6314018569004",Independencia,San Juan Buenavista
2367,Resuelto,2025-06-30 23:13:08,2025-12-01 11:46:53,"Bache pasando el tope casi terminar la calle llegando a hacienda de canutillo, frente a una tienda y un despacho jurídico",Calle Lázaro Cárdenas 207,"19.297282811874684,-99.63138631619374",Independencia,San Juan Buenavista
2366,Resuelto,2025-06-30 23:09:18,2025-11-28 17:09:58,"Se reportan baches grandes en toda esa parte de la calle, se hizo un reporte previo de otro, se hace reporte de este por si se requiere considerar en la reparación, el otro reporte de otro hoyo muy cerca es reporte es 2365",Calle Lázaro Cárdenas 2,"19.2956145825374,-99.63135385296196",Independencia,San Juan Buenavista
2365,Resuelto,2025-06-30 23:06:03,2025-11-28 16:44:15,"Hay varios baches, casi de inicio de esa parte de la calle, hasta donde termina hay partes que la calle se está desgastando, por lo que también se agradecería que se pavimentara ",Calle Lázaro Cárdenas 117,"19.296471091722044,-99.63138406056544",Independencia,San Juan Buenavista
2361,Resuelto,2025-06-30 21:06:39,2025-12-12 13:14:04,"Toda la calle C. de la palma tiene muchos baches, no se puede pasar bien. Desde AutoZone hasta el otro lado donde termina la calle son puros baches, ya los coches se han dañado por lo mismo. Tengo entendido que ahorita por la lluvia no se puede trabajar pero quiero que tomen en cuenta está calle, le mando la evidencia y tengo más dónde se muestran todos los baches.",Calle la Palma 4,"19.3118709,-99.584498",Santa María Totoltepec,Arboledas
2357,Resuelto,2025-06-30 19:36:43,2025-12-30 08:59:25,es en el cruce de las calles Aretusa y Eritia,Calle Eritia esquina,"19.3147095,-99.592714",San Mateo Otzacatipan,La Floresta
2356,Resuelto,2025-06-30 19:33:31,2025-09-04 14:37:35,en la esquina de av independencia y Aretusa,Independencia 2224,"19.3149145,-99.5951738",San Mateo Otzacatipan,La Floresta
2355,Resuelto,2025-06-30 19:30:17,2025-09-04 14:52:38,"Es toda la av independencia, desde Lombardo toledano hasta Fray Servando Teresa de Mier",Independencia 1917,"19.3161196,-99.5953042",San Mateo Otzacatipan,Geovillas Arboleda
2351,Resuelto,2025-06-30 15:31:29,2025-12-30 08:59:08,Esta En Toda La Avenida Pno Me Deja Subir Más Fotos,Lerma 16A,"19.381738,-99.64007079999999",San Pablo Autopan,San Diego
2348,Resuelto,2025-06-30 14:16:22,2025-12-28 14:18:51,"Hay hoyos por toda la Diagonal, por favor ayuda cuando llueve no ves ni que vas a caer en hoyo",Diagonal Miguel Hidalgo y Costilla 10,"19.319809889744512,-99.62172721927782",San Lorenzo Tepaltitlan,San Angelín
2347,Resuelto,2025-06-30 13:54:21,2025-11-19 10:28:34,"antes de llagar al mercado 16 de septiembre ",M. Gómez Pedraza 315,"19.2949546,-99.65097",Árbol De Las Manitas,Zopilocalco Sur
2346,Resuelto,2025-06-30 13:21:44,2025-11-18 17:35:13,frente a inox,Monterrey 102C,"19.2715866,-99.64347269999999",Santa María De Las Rosas,Santa María De Las Rosas
2345,Resuelto,2025-06-30 13:08:29,2025-12-30 08:58:48,"baches enormes justo en el cruce del semáforo ",Avenida Independencia 1900A,"19.292473599999997,-99.61456090000001",Santa Ana Tlapaltitlan,Buena Vista
2344,Resuelto,2025-06-30 10:27:15,2025-11-06 15:33:08,"a 3 cuadras terminal de Toluca ",Alfredo del Mazo Vélez 110,"19.2745686,-99.6449088",San Sebastian,Valle Verde Y Terminal
2343,Resuelto,2025-06-30 10:13:46,2025-10-25 12:46:22,Están 3 baches del lado derecho de la calle. 150 metros antes de llegar a la esquina de Gómez Farías. Estan muy cerca de la banqueta y he visto como varias personas casi caen por pisar. Ya son de tamaño considerablemente grandes y hondos,Calle Nicolás Bravo 403B,"19.284894920771595,-99.65753913386968",Centro Histórico,Francisco Murguía (el Ranchito)
2335,Resuelto,2025-06-29 19:52:58,2025-10-29 15:01:53,"Hay varios baches enormes que han empeorado los últimos días , francamente puede ocasionar muchos daños y accidentes pues los autos por evadirlos , invaden carril contrario (los baches abarcan ambos carriles ",Calle General José Antonio Albarrán 633B,"19.258442309047343,-99.6498215727929",Del Parque,Azteca
2328,Resuelto,2025-06-29 17:03:03,2025-12-28 14:18:26,lleva 1 año y cada día se pone peor,Abrazo de Acatempan 409,"19.2787047,-99.67552769999999",Ciudad Universitaria,Vicente Guerrero
2326,Resuelto,2025-06-29 15:45:27,2025-12-05 14:44:51,"Está calle funciona como un paradero del caminante, es la salida del fraccionamiento y si estado de deterioro es tremendo, está calle es muy transitada entre semana sin embargo en fin de semana no es mucha la afluencia, si se requiere atención por favor.",Avenida de las Partidas Esquina,"19.372989699999998,-99.58096900000001",Sauces,Villas Santín I
2325,Resuelto,2025-06-29 15:36:25,2025-11-26 11:59:02,"toda la calle presenta afectaciones ",Carlos Arruza 139,"19.3705739,-99.58493779999999",Sauces,Villas Santín I
2324,Resuelto,2025-06-29 15:34:42,2025-11-21 14:27:53,"Toda la calle tiene este problema, la calle es poco transitada los fines de semana.",Silverio Pérez 160,"19.370906299999998,-99.5830728",Sauces,Villas Santín I
2321,Resuelto,2025-06-29 13:30:33,2025-06-30 10:19:14,"Subiendo el distribuidor vial desde la avenida López Portillo  que lleva a boulevard aeropuerto está lleno de baches hasta la bajada al boulevard aeropuerto ",Boulevard Aeropuerto 300,"19.347815746180448,-99.5905409768916",San Mateo Otzacatipan,San José Guadalupe Otzacatipan
2320,Resuelto,2025-06-29 13:28:45,2025-06-30 10:18:41,"Subiendo el distribuidor vial desde la avenida López Portillo  que lleva a boulevard aeropuerto está lleno de baches hasta la bajada al boulevard aeropuerto ",Boulevard Miguel Alemán Valdez,"19.34804467085457,-99.59065222830536",San Mateo Otzacatipan,San José Guadalupe Otzacatipan
2319,Resuelto,2025-06-29 13:26:22,2025-06-30 10:18:02,"Subiendo el distribuidor vial desde la avenida López Portillo  que lleva a boulevard aeropuerto está lleno de baches hasta la bajada al boulevard aeropuerto ",Avenida José López Portillo,"19.349441137060428,-99.59040783348198",San Mateo Otzacatipan,San José Guadalupe Otzacatipan
2316,Cancelado,2025-06-29 11:56:50,2025-12-30 12:08:11,"atrás de escuela PAIDEIA, por lluvia calle de terracería llena de baches es paso alterno a camiones de carga que van para Corredores que no pasan por los macetones y paso de alumnos de la escuela ya van varias cartas a desarrollo urbano y no me dan respuesta ",Camino Al Panteón 116,"19.2535804,-99.69432590000001",Cacalomacan,Rancho San Miguel Zacango
2314,Resuelto,2025-06-29 10:37:00,2025-10-02 12:18:10,"desde la entrada de Santiago Tlacotepec hasta San Juan Tilapa está llena de baches no se puede transitar de tanto bache que hay ",Calle Industria 25,"19.2271614,-99.6679644",Santiago Tlacotepec,Shigande
2313,Resuelto,2025-06-29 10:31:36,2025-06-30 10:09:44,"Es en el puente que sale viene de la López Portillo hacia blvd aeropuerto, en el distribuidor.",Boulevard Aeropuerto 296,"19.3479468,-99.59050099999999",San Mateo Otzacatipan,San José Guadalupe Otzacatipan
2312,Resuelto,2025-06-29 09:48:00,2025-12-30 08:58:29,"Cruzando Carranza Esquina Tollocan, Hay Un Bachesote",Calle General Venustiano Carranza 20 Poniente 2620,"19.278142,-99.6748726",Ciudad Universitaria,Vicente Guerrero
2311,Resuelto,2025-06-29 09:38:58,2025-10-20 12:07:12,"Vinieron a reparar hace 3 meses los de agua y saneamiento y dejaron la calle así ",Calle Francisco Mungia 403,"19.28102798914145,-99.65110651331842",Universidad,Cuauhtémoc
2300,Resuelto,2025-06-28 19:52:29,2025-12-30 08:58:12,"Calle Vía Láctea Calle Vía Láctea , Esquina con andrómeda",Calle Vía Láctea Calle Vía Láctea,"19.3956093,-99.6463101",San Pablo Autopan,Galaxia Toluca
2298,Resuelto,2025-06-28 17:03:37,2025-10-25 12:42:41,5 baches de aprox 1mt de radio. En el mismo punto,Calle Nicolás Bravo 403B,"19.284896670375566,-99.65753305241279",Centro Histórico,Francisco Murguía (el Ranchito)
2287,Resuelto,2025-06-27 23:26:06,2025-06-30 09:56:32,"La carretera Cerrillo-San Pedro Totoltepec está en pésimas condiciones ",Camino Al Cerrillo No. 2020,"19.3159769,-99.56197619999999",San Pedro Totoltepec,Francisco I. Madero
2285,Resuelto,2025-06-27 21:58:06,2025-10-01 17:14:09,"calle de terracería a espaldas de las naves industriales ",José María Morelos y Pavón 424,"19.333289399999998,-99.58571069999999",San Pedro Totoltepec,San Miguel Totoltepec
2282,Cancelado,2025-06-27 20:09:48,2025-10-02 17:31:39,Antes De La Gasolinera De Ex Cama De Piedra,Avenida Sebastián Lerdo de Tejada 727,"19.2904867,-99.6704687",Sánchez,Electricistas Locales
2281,Resuelto,2025-06-27 19:07:03,2025-12-29 17:31:55,"En frente de la torteria el pichi o contra esquina de la secundaria #5 anexa a la ensem ",Calle Natalia Carrasco,"19.279108817463303,-99.66841173764081",Morelos,Federal (adolfo López Mateos)
2278,Resuelto,2025-06-27 16:20:27,2025-06-27 19:00:38,entrando en por Alfredo del Mazo,Av. Alfredo del Mazo 501,"19.2974413,-99.62796929999999",Independencia,San Juan Buenavista
2277,Resuelto,2025-06-27 16:10:41,2025-09-04 14:45:52,"La calle avenida independencia en su totalidad desde lombardo toledano hasta Fray Servando Teresa de Mier requiere bacheo y en tramos reparacion total ",Independencia 2269,"19.314619399999998,-99.5954106",San Mateo Otzacatipan,Geovillas Arboleda
2276,Resuelto,2025-06-27 15:12:18,2025-12-30 08:57:51,"Esquina Casa Azul ",Cda Constituyentes 34,"19.2540625,-99.70729279999999",Cacalomacan,Del Centro
2275,Resuelto,2025-06-27 15:07:15,2025-12-15 17:59:07,"Dos cuadras de la primaria Juan Escutia ",Calle Juan Escutia 401B,"19.3001707,-99.6923139",San Mateo Oxtotitlan,Centro
2274,Resuelto,2025-06-27 14:50:27,2025-12-15 17:58:46,"la avenida niños héroes desde fuente geovany asta el fraccionamiento arboledas V.. es imposible transitar en auto por la gran cantidad de hoyos.. nunca han dado un buen mantenimiento y pavimentado está calle ,que es acceso a nuestros hogares ",Cerrada de Niños Héroes 672,"19.314855899999998,-99.599734",San Mateo Otzacatipan,Geovillas Arboleda
2273,Resuelto,2025-06-27 14:43:45,2025-09-04 14:32:12,"hay una mega laguna por la cantidad de hoyos que hay en la mera esquina de ambos lados ",Calle Independencia 102,"19.3217231,-99.5953328",San Mateo Otzacatipan,Geovillas Arboleda
2272,Resuelto,2025-06-27 14:41:14,2025-09-04 15:00:26,"toda la calle está llena de hollos desde calle del Oxxo prevista asta calle ayuntamiento... es imposible transitar en auto ",Independencia 9200,"19.3157149,-99.5952945",San Mateo Otzacatipan,Geovillas Arboleda
2271,Resuelto,2025-06-27 14:24:00,2025-10-01 22:33:50,Antes de llegar a la Recicladora,"Calle Ignacio López Rayon, Camino Ál Tejocote 812","19.330004799999998,-99.6564679",Santiago Miltepec,Miltepec Norte
2270,Resuelto,2025-06-27 13:50:59,2025-11-06 13:47:13,"Calle en muy mal estado y es ruta de paso de vehículos que vienen de pino Suárez, Torres, para salir a Heriberto Enríquez… hay como 30 baches.",Calle Felipe Berriozábal 1003,"19.2677951,-99.6447395",Santa María De Las Rosas,Eva Sámano De López Mateos
2269,Resuelto,2025-06-27 13:45:44,2025-12-30 08:57:28,"camino de acceso a la comunidad ",Camino a San José La Costa Camino a San José La Costa,"19.4287729,-99.6573646",Tlachaloya,San José La Costa
2268,Resuelto,2025-06-27 13:40:00,2025-12-30 08:57:09,"Por favor bachear este tramo ya que es el camino por dónde transitan muchos vehículos y también los estudiantes de las escuelas que caminan diario por este camino, es un peligro para todos y nuestros niños llegan sucios también por las salpicaduras de los vehículos, Gracias ",Nezahualcóyotl 93,"19.3830874,-99.6100257",San Andrés Cuexcontitlán,San Diego De Los Padres Ii
2266,Resuelto,2025-06-27 12:26:47,2025-10-29 17:25:24,Acceso por vialidad las Torres a un costado de la panadería.,Alberto Violante 106,"19.2667447,-99.65428779999999",Del Parque,Del Parque I
2263,Resuelto,2025-06-27 12:04:28,2025-12-30 08:56:41,"hay baches grande aún lado de la coladera ",Filiberto Navas Valdés 84,"19.2951847,-99.58047230000001",Santa Maria Totoltepec,Héroes
2261,Resuelto,2025-06-27 11:27:56,2025-09-04 13:08:38,"el bache se encuentra frente a la privada de jazmines ",Calle Prolongación Paseo Totoltepec TC,"19.3154117,-99.58580669999999",San Pedro Totoltepec,Del Panteón
2260,Resuelto,2025-06-27 10:43:19,2025-12-15 17:58:26,"En general toda la calle de Niños Héroes se centra en pésimo estado. Sin embargo en el punto marcado hay bache de gran magnitud que ha afectado diversos vehículos de los vecinos, se anexa foto ",Calle Niños Héroes,"19.30939151702073,-99.60002273273614",San Mateo Otzacatipan,Geovillas Independencia
2259,Cancelado,2025-06-27 10:28:03,2025-12-28 15:27:12,"es la calle que esta justo enfrente a la primaria, se encuentra en pesimas condiciones ya es muy complicado pasar incluso caminando los niños no pueden pasar bien aveces se caen o resvalan y se llenan de lodo",Miguel Hidalgo 148,"19.3243981,-99.58488870000001",San Pedro Totoltepec,Bordo De Las Canastas
2252,Resuelto,2025-06-27 08:09:46,2025-12-29 20:18:20,"hay muchos oyos y el pavimento ya desapareció ",Filiberto Navas Valdés 91,"19.2951934,-99.5804706",Santa Maria Totoltepec,Héroes
2251,Cancelado,2025-06-27 07:39:01,2025-10-03 18:19:23,"hay baches muy grandes,  entrando por vitro, es toda la calle naranjos ",Filiberto Navas Valdés 82,"19.295191799999998,-99.5803237",Santa Maria Totoltepec,Héroes
2247,Resuelto,2025-06-26 23:21:11,2025-06-27 10:00:18,"Los baches sobre los puentes de la Jose Lopez Portillo que cruza la Alfredo del Mazo, son muchísimos...el más alarmante es el que va dirección Toluca hacia La Central de Abastos, hay una super bache en la unión de 2 trabes del puente...tarde o temprano va a causar un grave accidente, ademas de los daños a los vehículos que ya causa",Via Alfredo del Mazo 271,"19.312628099999998,-99.63565009999999",San Lorenzo Tepaltitlan,El Mogote
2246,Resuelto,2025-06-26 23:17:15,2025-06-27 09:57:56,"Los puentes del distribuidor Naucalpan -Toluca y Blvd Aeropuerto en todas sus direcciones está lleno de baches. Ya a provocado accidentes cuando los coches deben frenar y los camiones no lo hacen ",Boulevard Aeropuerto 300,"19.348188399999998,-99.590908",San Mateo Otzacatipan,San José Guadalupe Otzacatipan
2240,Resuelto,2025-06-26 18:57:35,2025-10-01 16:16:18,"la calle esta con muchos hoyos, no se puede transitar, es peligroso,  mi carro se ha dañado varias veces",Guadalupe Victoria 50,"19.3786554,-99.6390859",San Pablo Autopan,Jicaltepec Autopan
2237,Resuelto,2025-06-26 16:50:22,2025-12-28 14:17:51,La calle está llena de baches y se inunda,Josefa Ortiz de Domínguez 238,"19.3430648,-99.5947455",San Mateo Otzacatipan,San José Guadalupe Otzacatipan
2234,Resuelto,2025-06-26 16:35:33,2025-06-26 17:11:56,"VARIOS BACHES EN ESQUINA DE PLAN DE SAN LUIS Y PINOSUAREZ ",Bulevar José María Pino Suárez 1819,"19.268835499999998,-99.6393042",Santa María De Las Rosas,La Magdalena
2233,Resuelto,2025-06-26 16:30:48,2025-09-04 14:04:08,"desde la crespa a san Pedro ",Paseo Vicente Lombardo Toledano 28,"19.3083189,-99.59177389999999",Santa María Totoltepec,Arboledas
2231,Resuelto,2025-06-26 14:59:12,2025-12-30 08:56:22,"Miscelanea Marin ",Calle Anillo Perimetral 206,"19.3048437,-99.6210351",San Lorenzo Tepaltitlan,Celanese
2230,Resuelto,2025-06-26 14:31:31,2025-12-12 12:27:03,Bache muy profundo,Calle 16 de Septiembre 89,"19.33276049696713,-99.6297012517568",San Cristobal Huichochitlan,La Trinidad I
2229,Resuelto,2025-06-26 14:21:00,2025-12-30 08:55:59,calle con muchos baches," Toluca de Lerdo","19.271518699999998,-99.6400919",Santa María De Las Rosas,Nueva Santa María De Las Rosas
2228,Resuelto,2025-06-26 14:19:43,2025-11-06 13:58:03,calle con muchos baches,Puebla 503,"19.2716074,-99.640435",Santa María De Las Rosas,Nueva Santa María De Las Rosas
2222,Resuelto,2025-06-26 12:06:46,2025-09-04 13:04:52,"La calle es horrible y las lagunas que se hacen en ese tramo impiden la libre vialidad, es importante dar atención ya que es un a avenida importante y el acceso a 2 colegios y varios residenciales ",Prolongación Paseo Totoltepec 1,"19.311583755195414,-99.58586264809759",Santa María Totoltepec,Arboledas
2221,Resuelto,2025-06-26 11:49:36,2025-10-01 16:14:38,"frente a Telesecundaria Josué poeta Mirlo ",Guadalupe Victoria 95,"19.3787862,-99.6387774",San Pablo Autopan,Jicaltepec Autopan
2220,Resuelto,2025-06-26 10:59:27,2025-12-15 17:57:59,"Dos cuadras de la primaria Juan Escutia ",Calle Tercera Privada Juan Escutia 312,"19.2998168,-99.6922027",San Mateo Oxtotitlan,Centro
2215,Resuelto,2025-06-26 10:04:36,2025-10-29 15:01:06,"urge solucionen el problema de los baches todas las calles tienen hoyos y por lo menos uno enorme, tomen cartas en el asunto y den una ciudad digna porque transitar asi es una vergüenza ",General José A. Albarrán 625 B,"19.258316600000004,-99.64976380000002",Del Parque,Azteca
2213,Resuelto,2025-06-26 09:16:38,2025-10-28 17:26:10,"En esta ubicación la calle está bastante dañada, llena de baches, los carros tienen complicaciones al pasar y muchos sufren de daños en su autos. Por ello se pide que a la brevedad se tapen los baches para evitar accidentes de peor alcance.",Calle Independencia 215,"19.2474716,-99.66093869999999",Capultitlán,San Isidro Labrador
2211,Resuelto,2025-06-26 08:45:54,2025-10-28 17:24:15,urge hay autos con llantas ponchadas,Calle Independencia 215,"19.2474716,-99.66093869999999",Capultitlán,San Isidro Labrador
2210,Resuelto,2025-06-26 08:39:58,2025-10-27 12:36:50,Camino a San Felipe,Calle Independencia 209,"19.247703299999998,-99.6607265",Capultitlán,San Isidro Labrador
2209,Resuelto,2025-06-26 08:12:56,2025-10-20 14:02:10,Junto a casa ejidal y panteon de san antonio,Calzada del Panteón,"19.261415167914784,-99.71598557782255",San Antonio Buenavista,Camino Real
2208,Resuelto,2025-06-26 07:14:31,2025-10-28 10:47:55,existen baches desde la primaria hasta paseo tollocan,Felipe Villanueva 926,"19.27749,-99.6658381",Morelos,Morelos Segunda Sección
2204,Cancelado,2025-06-25 22:40:35,2025-12-28 15:28:42,No ahí alumbrado público con caminos de terracería en mal estados,Leona Vicario Leona Vicario,"19.3853051,-99.62996840000001",San Pablo Autopan,San Diego Linares
2202,Resuelto,2025-06-25 22:15:17,2025-12-30 08:55:39,"vialidad de acceso a Las Bugambilias ",Crisantemos 1,"19.3699175,-99.7082889",San Martin Toltepec,San Martín
2190,Resuelto,2025-06-25 18:33:13,2025-11-13 14:10:08,"Hay una tienda de nombre ""Tio Nacho"" y hay un oxxo cerca.",Calle Eduardo Gonzalez y Pichardo 2010,"19.2641425,-99.66626819999999",Ocho Cedros,Ocho Cedros I
2187,Resuelto,2025-06-25 17:47:16,2025-12-08 13:12:21,Buenas tardes en Sauces1 frente a las canchas de skate falta bacheo por favor cuando binieron a bachear se les pudio que lo hicieran pero lis señores dijeron que no era necesario ahorira ya es necesario ya son pozos espero su pronta respuestas gracias.,Paseo de Los Eucaliptos 66-102,"19.3541195,-99.59452789999999",Sauces,Sauces I
2177,Resuelto,2025-06-25 14:54:56,2025-12-30 08:55:21,Enfrente Prepa Unam Y Ejido,Juan Escutia 106,"19.3166676,-99.5984557",San Mateo Otzacatipan,Geovillas Arboleda
2175,Resuelto,2025-06-25 14:03:01,2025-12-30 08:54:50,ni 6 meses tiene que se reparo y ya se esta haciendo feo,Cerrada Guadalupe Victoria 65,"19.3042947,-99.6059229",Santa Ana Tlapaltitlan,Buena Vista
2174,Resuelto,2025-06-25 13:58:36,2025-09-04 14:43:02,"toda la zona parece minada ",Independencia 2235,"19.3149423,-99.5954232",San Mateo Otzacatipan,Geovillas Arboleda
2172,Cancelado,2025-06-25 13:50:16,2025-12-28 15:29:06,"la calle esta intransitable se necesita urgente que se reencarpete la avenida ",Acolman 46,"19.3846629,-99.6148526",San Andrés Cuexcontitlán,San Diego De Los Padres Ii
2168,Resuelto,2025-06-25 11:56:09,2025-12-01 12:24:32,Baches que están entrando a la calle Thomas Alva Edison por Guillermo Marconi y viceversa saliendo de la calle Tomás Alva Edison hacia Guillermo Marconi,Calle Tomás Alva Edison 200B,"19.305537519417193,-99.63211558920138",Independencia,Las Torres (científicos)
2167,Resuelto,2025-06-25 11:38:49,2025-12-30 08:54:08,"Urge reencarpetamiento en las calles presa de la amistad, 16 de septiembre e Ignacio Zaragoza, están en deplorable estado, ya intransitables, los vehículos se dañan",Calle Presa de la Amistad 27,"19.27980558060736,-99.61002870820467",Santa Ana Tlapaltitlan,Santa María Sur
2165,Resuelto,2025-06-25 10:37:20,2025-11-28 17:07:43,bache a mitad de carretera que representa un problema para el trancito de la colonia,Lázaro Cárdenas 109,"19.295943599999998,-99.6312121",Independencia,San Juan Buenavista
2160,Resuelto,2025-06-25 10:08:55,2025-12-30 08:53:50,esta horrible las calles mucho trafico y hay accidentes,Calle Alberto Einstein 391,"19.3057025,-99.6049711",Santa Ana Tlapaltitlan,Buena Vista
2154,Resuelto,2025-06-24 22:51:51,2025-12-30 08:53:30,"BUENAS NOCHES, PARA SOLICITAR SU APOYO E INTERVENCION PARA FRESADO,RASTREO Y COMPACTACIÓN PARA TAPAR ALGUNOS BACHES DE CALLE PREVISTA Y NIÑOS HEROES HASTA PREVISTA Y JAZMIN COLONIA CRESPA FLORESTA ",Azalea 8B,"19.3124121,-99.5928016",San Mateo Otzacatipan,La Floresta
2150,Resuelto,2025-06-24 21:20:46,2025-12-30 08:53:09,"frente al relog de sol ",De Río Papaloapan 589,"19.3176213,-99.5946736",San Mateo Otzacatipan,La Floresta
2149,Resuelto,2025-06-24 20:46:01,2025-10-02 12:42:28,"Gran Afectación En La Calle Ignacio López Rayón, Urge Un Recorrido Para Buscar Soluciones, Desde La Altura Del Rastro ",Calle Ignacio López Rayón 530,"19.3415973,-99.6567029",San Pablo Autopan,Santa Cruz Ii
2140,Resuelto,2025-06-24 17:10:20,2025-12-15 17:57:31,"Carretera San Juan TILAPA, Cruce A San Felipe Tlalmimilolpan",A San Felipe Tlalmimilolpan 4,"19.2246281,-99.6576874",San Juan Tilapa,El Durazno
2135,Resuelto,2025-06-24 16:08:19,2025-10-03 12:59:11,"La calle está en pésimas condiciones dañes por la casa de materiales desde que empezaron a llegar su tráilers pesados, no hay por donde pasar, los baches son enormes",Calle Ignacio López Rayón 770,"19.338711989033996,-99.65668370037788",San Cristobal Huichochitlan,San Gabriel
2130,Resuelto,2025-06-24 15:09:47,2025-10-30 12:56:55,"El bache se hace cada vez más grande afectando a carros y personas que circulas por esta avenida una de mis llantas de poncho por que se llena de agua y no se ve ",Avenida Paseo Tollocan,"19.27592524215628,-99.67177816710515",Seminario Las Torres,Seminario San Felipe De Jesús
2125,Cancelado,2025-06-24 13:46:03,2025-12-29 17:31:29,"baches en la esquina de la calle donde pasa la tubería de red d agua potable ",Calle General Agustín Millán 1010,"19.296917699999998,-99.6735971",Sánchez,La Teresona Ii
2123,Resuelto,2025-06-24 13:09:40,2025-10-28 10:36:48,"Estos baches tienen mucho tiempo aquí y pueden dañar a los carros, las personas de la colonia tenemos que poner piedras y hasta llantas para alertar a los carros que pasan por ahí. ",Calle General Álvaro Obregón 219,"19.2698889941181,-99.65729480797299",Moderna De La Cruz,Moderna De La Cruz I
2122,Resuelto,2025-06-24 13:04:36,2025-10-28 10:39:03,"Son varios baches por lo que levantaré varios reportes, no me deja adjuntar todas las imágenes.",Calle General Álvaro Obregón 219,"19.26990253381378,-99.65728410429426",Moderna De La Cruz,Moderna De La Cruz I
2121,Resuelto,2025-06-24 13:00:19,2025-11-18 14:40:37,"Por favor cuando pase la temporada de lluvias, sería bueno que arreglaran estos baches, muchas gracias.",Calle General Álvaro Obregón 219A,"19.26979266055748,-99.65717489204654",Moderna De La Cruz,Moderna De La Cruz I
2120,Resuelto,2025-06-24 12:34:27,2025-12-15 17:48:15,calle en muy mal estado con múltiples baches y un socavon    urge su mantenimiento,Cuauhtémoc 55,"19.2212125,-99.66632109999999",San Juan Tilapa,Lázaro Cárdenas
2119,Resuelto,2025-06-24 12:25:44,2025-10-30 13:51:13,"Esta cerca una Bodega Aurrera ",Arcadio Henkel 208,"19.2607666,-99.66617819999999",Ocho Cedros,Ocho Cedros Ii
2117,Resuelto,2025-06-24 12:18:10,2025-06-24 13:48:40,Intransintable la calle,Melchor Ocampo 40,"19.3547774,-99.6295803",San Andrés Cuexcontitlán,Santa Rosa
2116,Resuelto,2025-06-24 11:30:37,2025-12-29 19:31:55,"calle cerrada, llena de baches, pavimentar ",Pedro Anaya 502,"19.3060349,-99.69217689999999",San Mateo Oxtotitlan,Niños Héroes I
2115,Resuelto,2025-06-24 11:26:28,2025-11-12 13:03:10,"Frente a la cocina del chef cocina Economica ",Calle Mitla 200,"19.26632383659261,-99.63932514725899",Santa María De Las Rosas,Benito Juárez
2113,Resuelto,2025-06-24 11:23:03,2025-11-06 12:39:10,"Esquina de mitla y antonio sala nueva ",Calle Mitla 205,"19.2656711,-99.639233",Santa María De Las Rosas,Benito Juárez
2111,Resuelto,2025-06-24 11:18:18,2025-10-27 11:23:00,"Toda la calle tiene múltiples baches ",Calle Enrique Carniado 511,"19.28107842858805,-99.66937921532795",Morelos,Morelos Primera Sección
2109,Resuelto,2025-06-24 09:38:50,2025-12-30 08:52:39,entre vicente lombardo y alberto einsten ya la gente pine piedras lo q hace q el bache cresca,Calle Alberto Einstein 391,"19.3057025,-99.6049711",Santa Ana Tlapaltitlan,Buena Vista
2099,Resuelto,2025-06-23 19:00:20,2025-10-27 13:49:05,"antes de llegar esta en tope y mural navideño ",Marcos Bernal 310,"19.253069,-99.6657505",Capultitlán,Guadalupe
2096,Resuelto,2025-06-23 17:38:15,2025-12-28 14:16:15,"La Calle Se Encuentra En Muy Malas Condiciones, Lo Que Hace Difícil El Ingreso. ",Josefa Ortiz de Domínguez 20,"19.3558988,-99.6102453",San Cristobal Huichochitlan,San José Guadalupe
2093,Resuelto,2025-06-23 17:10:05,2025-10-29 15:08:29,"En alerta para seguimiento ",José Antonio Albarrán 605,"19.259769199999997,-99.6496436",Del Parque,Azteca
2091,Resuelto,2025-06-23 16:26:39,2025-10-01 16:42:54,"Múltiples baches ",Calzada de las Arboledas 63,"19.306807145198952,-99.60717769248632",San Mateo Otzacatipan,Jardines De La Crespa
2090,Resuelto,2025-06-23 16:25:42,2025-06-24 09:46:52," la avenida principal  Melchor Ocampo necesita repavimentación ,  está llena de baches y en temporada de lluvias es intransitable .",Melchor Ocampo 13,"19.357150999999998,-99.62919459999999",San Andrés Cuexcontitlán,Natividad
2086,Resuelto,2025-06-23 15:50:23,2025-11-28 14:57:15,Toda la calle con baches,Marie Curie 801,"19.3041214,-99.6302146",Independencia,Las Torres (científicos)
2084,Resuelto,2025-06-23 15:42:27,2025-11-21 11:50:49,toda la calle con baches,Galileo Galilei 220,"19.3036113,-99.6309804",Independencia,Las Torres (científicos)
2083,Resuelto,2025-06-23 15:40:56,2025-12-30 08:52:06,"baches desde el 226 hasta el 232 ",Alberto Einstein 230,"19.3063389,-99.6310276",Independencia,Las Torres (científicos)
2082,Resuelto,2025-06-23 14:58:50,2025-12-01 12:09:06,"hoyo que quedo por arreglo de fuga de agua ",Calle Mariano Matamoros 1001-A,"19.2787693,-99.6561895",Universidad,Universidad
2079,Resuelto,2025-06-23 14:20:38,2025-12-01 11:16:15,toda la calle con baches,Guillermo Marconi 864,"19.302937699999998,-99.6323717",Independencia,Las Torres (científicos)
2078,Resuelto,2025-06-23 14:13:33,2025-11-28 14:38:34,toda la calle está llena de baches,Marie Curie 401,"19.305754399999998,-99.6303186",Independencia,Las Torres (científicos)
2077,Resuelto,2025-06-23 14:05:04,2025-12-30 08:51:45,"Toma calle está en muy mal estado ",Calle Industria Minera 71,"19.302654502820218,-99.60751069660787",Santa Ana Tlapaltitlan,Buena Vista
2075,Resuelto,2025-06-23 12:17:51,2025-12-05 14:46:10,"los baches cada día están más grandes ",Avenida de las Partidas Esquina,"19.372989699999998,-99.58096900000001",Sauces,Villas Santín I
2074,Resuelto,2025-06-23 11:51:44,2025-11-27 16:52:52,"En Calidad De Integrante Del COPACI INDEPENDENCIA, Habiendo Afectación En El Momento De Las Lluvia ",Calle Valladolid 1602,"19.2991703,-99.6342155",Independencia,Independencia
2070,Resuelto,2025-06-23 05:03:37,2025-09-04 13:40:11,"toda la calle independencia desde Lombardo hasta fray Servando ",Paseo Vicente Lombardo Toledano 28A,"19.307313,-99.5963847",San Mateo Otzacatipan,Vicente Lombardo
2069,Resuelto,2025-06-23 02:58:57,2025-12-01 15:04:47,"la calle debería ser arreglada, solo pasa un auto y está en muy muy mala condiciones, es paso de maestros y alumnos de COBAEM. requiere atención ",Del Pacífico 209,"19.256288899999998,-99.6720627",Capultitlán,Los Pinos
2037,Resuelto,2025-06-22 20:28:12,2025-06-23 09:43:24,Toda la carretera principal hacia Temoaya,Calle Miguel Hidalgo y Costilla 125,"19.355487270769586,-99.62928078040885",San Andrés Cuexcontitlán,Santa Rosa
2036,Resuelto,2025-06-22 20:24:33,2025-10-29 19:09:41,"frente foto García ",SIN REFERENCIA Número 129 909,"19.284770899999998,-99.64402799999999",San Sebastian,San Sebastián Y Vértice
2013,Resuelto,2025-06-22 15:38:11,2025-12-30 08:51:26,abarca mwdia calle en la esquina de leon guzman y humbolt,Alejandro Von Humbolt 205,"19.288476,-99.6484868",Centro Histórico,5 De Mayo
2011,Cancelado,2025-06-22 13:10:34,2025-12-30 12:07:17,"Pidiéndoles de favor, atiendan nuestra petición somos ciudadanos cumplidos en nuestras obligaciones tributarias; somos colaboradores con nuestra calle , tan es así q los vecinos q pudimos pagamos el primer pavimento de dicha calle, años más tarde el ayuntamiento en turno dio otra capa de pavimento, pues esta calle permite la conexión a Alfredo del Mazo conectando con González Ortega. Ayuda, ayuda por favor tenemos más de 4 años pidiendo apoyo para bachear más de 40 baches existentes. Hemos llegado a pagar a particulares para taparlos sin embargo por no participar todos los vecinos se van dañando más y más los baches atendidos medianamente pues el tránsito vehicular va buscando paso y va alterando lo q se intentó reparar. Ayudenos por favor, por favor no nos escuchan y mucho menos dan solución, repito más de 4 años pidiendo sin respuesta real y de atención directa a los hoyos q han dañado nuestros autos, viviendas e imagen de la casa. Muchas gracias por atendernos. Anexo evidencias de lo solicitado a gobierno municipal del año pasado, número de folio de reporte de este año con este ayuntamiento (16541) y lamentablemente todo el expediente de hace aproximadamente 4 años se le entregó con prisa al personal q acompañaba en el momento de visita en colonia al entonces presidente municipal Raymundo Martínez, sin tener respuesta alguna. Comentando también infinidad de visitas a las oficinas ubicadas en la calle de Constituyentes, con un Ingeniero Gualupe y su personal. Q hasta me citó un día y me dejó plantada para no resolver siempre dando respuesta de no atención por lluvia, falta de presupuesto entre otros. Ayuda. Adjunto evidencia de baches. Ayuda por favor. Y como mencioné de algunos documentos. No me deja poner más evidencias tengo 24. Como la evidencia enviada está toda la calle. Y faltaría el documento q tampoco me deja poner. Gracias. Ayuda por favor",Calle Guillermo Marconi 456,"19.294657529969122,-99.63137102361907",Independencia,Reforma Y Ferrocarriles Nacionales (san Juan Bautista)
2009,Resuelto,2025-06-22 12:00:24,2025-10-01 17:29:57,"Toda la calle sin pavimentar desde siempre, le agradecería vinieran a darle atención a esta calle que está peligrosa para toda la comunidad. ",Calle José María Morelos y Pavón,"19.338171077814266,-99.58541992420933",San Pedro Totoltepec,San Miguel Totoltepec
2008,Resuelto,2025-06-22 11:46:53,2025-10-01 17:22:26,"estamos con toda la calle con lodo imposible caminar ? por favor pavimento se necesita gracias por la atención ",José María Morelos y Pavón 60,"19.336451099999998,-99.58635869999999",San Pedro Totoltepec,San Miguel Totoltepec
2003,Resuelto,2025-06-22 08:18:24,2025-09-04 16:52:51,"Toda esta calle, ya está destruida, de la ching@%^*, es imposible pasar sin meterse a los cráteres, urge que la arreglen, no es posible que no hagan nada y nuestro carros se estén fregando, no he podido tomar fotos",Avenida Cuauhtémoc,"19.299930572371892,-99.59391295029312",Santa Maria Totoltepec,El Olimpo
1999,Resuelto,2025-06-21 17:53:28,2025-10-29 15:20:17,bache bastante grande,José Antonio Albarrán 536,"19.2608179,-99.64976329999999",Del Parque,Del Parque Ii
1997,Resuelto,2025-06-21 17:32:40,2025-09-04 15:04:16,"Hay un tres B ",Calle Independencia,"19.315484112595946,-99.59523206750622",San Mateo Otzacatipan,La Floresta
1996,Resuelto,2025-06-21 14:17:06,2025-12-29 19:53:13,"a mitad de cuadra hay tremendos baches que han causado daños a los vehículos que por aquí tienen que transitar, aunado a que hace tres días vinieron a reparar una fuga de agua potable que había y derivado de eso pues quedó otro hoyo con material del pavimento suelto lo cual provoca que al pasar los vehículos botan las piedras y dañen los vehículos tanto el que pasa como los que están estacionados, por lo que solicitamos que el ayuntamiento nos haga favor de enviar a bachear y tapar tanto los baches como los hoyos que están causando daños materiales y puede ser también peligro para las personas porque las piedras botan al paso de los vehículos",Pedro Moreno 115,"19.2857301,-99.671906",Ciudad Universitaria,San Bernardino
1994,Resuelto,2025-06-21 14:05:49,2025-11-28 14:33:26,"Frente al kinder ",Calle Tomás Alva Edison 202,"19.3053934,-99.6318605",Independencia,Las Torres (científicos)
1987,Resuelto,2025-06-20 23:35:44,2025-11-28 17:10:58,Baches tanto en 20 de noviembre como en Lázaro Cardenas,Calle Profesor Jesus González Ortega 707,"19.2951817,-99.6315991",Independencia,San Juan Buenavista
1979,Resuelto,2025-06-20 19:33:49,2025-12-28 14:05:05,Cerca está un establecimiento llamado modo avión,Calle Juan de la Barrera,"19.322952996073177,-99.56797881129835",San Pedro Totoltepec,Barrio De San Francisco Totoltepec
1978,Resuelto,2025-06-20 14:41:19,2025-10-03 00:12:18,"Desde heroico colegio militar, hasta av de los maestros",Avenida de los Maestros 326–336,"19.29807998790949,-99.6436245896271",Árbol De Las Manitas,Huitzila Y Doctores
1975,Resuelto,2025-06-20 13:14:45,2025-10-01 16:33:15,"De hecho toda la calle Guadalupe Victoria necesita bacheo, entre Jicaltepec y San Diego Linares ",Guadalupe Victoria 14,"19.3748901,-99.64067089999999",San Pablo Autopan,Jicaltepec Autopan
1974,Resuelto,2025-06-20 13:10:05,2025-10-01 16:09:15,Es una calle principal que conecta a más de 6 localidades y está intrancitable,Guadalupe Victoria 21,"19.3792886,-99.63854979999999",San Pablo Autopan,Jicaltepec Autopan
1971,Cancelado,2025-06-20 12:28:48,2025-10-02 22:40:09,En todo lo largo de San Pablo hay baches y estancamiento de agua.,Avenida de las Partidas Esquina,"19.372989699999998,-99.58096900000001",Sauces,Villas Santín I
1970,Resuelto,2025-06-20 12:26:50,2025-12-09 12:26:22,En todo lo largo de San Pablo se presentan baches y estancamiento de agua.,Avenida de las Partidas Esquina,"19.372989699999998,-99.58096900000001",Sauces,Villas Santín I
1969,Resuelto,2025-06-20 12:17:00,2025-12-15 17:47:42,"por la primaria Juan Escutia ",Calle Juan Escutia 305,"19.2992638,-99.69235560000001",San Mateo Oxtotitlan,Niños Héroes I
1968,Resuelto,2025-06-20 12:09:45,2025-12-30 08:51:04,"Diversos baches ",Calle Morelia 38,"19.310784324212655,-99.62900710277724",San Lorenzo Tepaltitlan,Del Centro
1967,Resuelto,2025-06-20 12:09:40,2025-09-04 13:51:56,muchos baches en Vicente Lombardo Toledano,Paseo Vicente Lombardo Toledano 486,"19.307965799999998,-99.5923593",San Mateo Otzacatipan,Vicente Lombardo
1958,Resuelto,2025-06-20 08:14:28,2025-10-27 12:53:22,es un agujero en la calle no es un bache y se ve hueco por abajo del asfalto,Calle General Francisco Murguía 404,"19.2810024,-99.65656880000002",Centro Histórico,Francisco Murguía (el Ranchito)
1957,Resuelto,2025-06-20 08:10:46,2025-12-28 14:14:50,"una cuadra después del Oxxo de Lerdo esquina con González Arratia ",Alfonso Herrera 111,"19.2945659,-99.6453939",Centro Histórico,Santa Clara
1956,Cancelado,2025-06-20 07:33:33,2025-12-29 17:20:40,"Socavón enorme hace un mes y medio ","Capultitlán, Capultitlán, Edo. Méx., Calle Libertad, 113, 50260","19.251489957148934,-99.66432332983531",Capultitlán,Guadalupe
1947,Resuelto,2025-06-19 17:15:32,2025-06-19 17:26:03,"enfrente venden tortas ",Guadalupe Victoria 715,"19.327602199999998,-99.63338820000001",San Cristobal Huichochitlan,La Trinidad Ii
1946,Resuelto,2025-06-19 17:07:30,2025-12-30 08:50:44,Hay muchos baches en toda la cuadra,Calle Industria Minera,"19.30233236791484,-99.61009627390045",Santa Ana Tlapaltitlan,Buena Vista
1944,Resuelto,2025-06-19 16:35:59,2025-06-19 17:07:23,"Cruce de Avenidas es muy malas condiciones ",Boulevard Alberto Einstein 2017,"19.2968558,-99.6100462",Santa Ana Tlapaltitlan,Buena Vista
1943,Resuelto,2025-06-19 16:27:51,2025-12-30 08:50:22,"Afuera del fraccionamiento ex hacienda en ambos sentidos está llena de baches toda la calle ",Calle Ricardo Flores Magón 1321,"19.340857211612057,-99.61170077445536",San Mateo Otzacatipan,Santa Cruz Otzacatipan
1942,Resuelto,2025-06-19 16:24:35,2025-08-14 12:20:03,"Es en la esquina toda esa calle y sigue hacia Ignacio Zaragoza antes de llegar a la calle Manuel peña y peña hay más baches  ",Calle Ricardo Flores Magón,"19.34750355677956,-99.60749768489252",San Mateo Otzacatipan,Rancho San José
1940,Resuelto,2025-06-19 13:50:38,2025-12-15 17:35:31,"Locales cortina verde ",Metepec-Zacango 705,"19.221338022048812,-99.65606941307743",San Juan Tilapa,El Durazno
1935,Resuelto,2025-06-19 10:54:39,2025-12-15 17:33:53,"Toda esa calle está muy fea, todos niños héroes desde Lombardo Toledano ",Calle Niños Héroes 65,"19.314360143447935,-99.59979526455736",San Mateo Otzacatipan,La Crespa
1932,Resuelto,2025-06-19 09:46:55,2025-10-30 13:39:50,"Es la colonia 8 cedros segunda sección; entrando por vialidad al pacífico ",Plateros 110B,"19.2575388,-99.67243339999999",Ocho Cedros,"Ocho Cedros, Segunda Sección"
1929,Resuelto,2025-06-19 08:01:17,2025-12-09 13:01:05,"bacheo urgente caminan los niños ? ala escuela primaria ",Calle Pensador Mexicano 31,"19.3143414,-99.6210447",San Lorenzo Tepaltitlan,San Angelín
1921,Resuelto,2025-06-18 20:40:17,2025-12-29 20:29:08,"Frente a la bomba de agua ",Privada Antonio Caso,"19.302364743367995,-99.6107874912954",Santa Ana Tlapaltitlan,Buena Vista
1916,Resuelto,2025-06-18 18:10:20,2025-12-28 14:16:53,"calle en muy malas condiciones, necesario reencarpetar",Manuel Buendía Tellez Girón 608,"19.345643199999998,-99.6437029",San Cristobal Huichochitlan,San Gabriel
1915,Resuelto,2025-06-18 18:07:30,2025-06-18 18:14:54,"calle en pesimas condiciones, se tiene que invadir carril contrario para poder transitar",León Guzmán 564,"19.349203,-99.6438031",San Pablo Autopan,Pueblo Nuevo Ii
1914,Resuelto,2025-06-18 18:05:04,2025-09-04 16:10:03,calle muy transitada y dañada. se requiere reencarpetar,Manuel Buendía Tellez Girón 159,"19.3531339,-99.64322639999999",San Pablo Autopan,Pueblo Nuevo I
1911,Resuelto,2025-06-18 17:06:55,2025-09-04 13:57:20,"Exijo que arreglen esta calle, vinieron a disque a arreglar y los tramos en donde peor está no arreglaron, urge ya está ya imposible pasar, son cráteres  ",Avenida Paseo Vicente Lombardo Toledano 400,"19.308129354551635,-99.59217604492548",Santa Maria Totoltepec,Del Centro
1910,Cancelado,2025-06-18 16:20:15,2025-12-30 12:06:58,"Frente terreno baldío ",Privada Antonio Caso,"19.303944889610587,-99.61070561958648",Santa Ana Tlapaltitlan,Buena Vista
1908,Resuelto,2025-06-18 15:12:29,2025-12-15 17:33:24,calle entronque prevista,Cerrada de Niños Héroes 980,"19.313982199999998,-99.5997557",San Mateo Otzacatipan,Geovillas Independencia
1907,Resuelto,2025-06-18 15:08:36,2025-09-04 13:33:01,"entradas Albert Einstein ",Paseo Vicente Lombardo Toledano 4810,"19.3058689,-99.6047045",San Mateo Otzacatipan,Vicente Lombardo
1906,Resuelto,2025-06-18 15:00:38,2025-12-29 19:35:46,se solicita el bacheo lo más urgente posible sobre la calle Miguel Hidalgo ya que toda esa calle se encuentra en mal estado y ha provocado accidentes para mayor referencia es antes de llegar a la prepa de San Andrés cuexcotitlán,Miguel Hidalgo y Costilla 2414,"19.3557761,-99.63377899999999",San Andrés Cuexcontitlán,Natividad
1904,Cancelado,2025-06-18 13:51:51,2025-12-28 15:31:12,"Hay una casa en construcción en frente ",Calle Guadalupe Victoria,"19.3040825,-99.6107508",Santa Ana Tlapaltitlan,Buena Vista
1901,Resuelto,2025-06-18 11:39:29,2025-09-04 14:02:33,"Urge que arreglen, está horrible, ya es imposible pasar, parecen cráteres ",Avenida Paseo Vicente Lombardo Toledano 400,"19.308155156977307,-99.59206833117126",Santa Maria Totoltepec,Del Centro
1900,Resuelto,2025-06-18 10:55:16,2025-10-01 16:24:17,calle principal para entrar a San Diego linares,Guadalupe Victoria 243,"19.376586,-99.63990969999999",San Pablo Autopan,Jicaltepec Autopan
1895,Resuelto,2025-06-18 08:32:34,2025-10-01 16:19:58,"baches muy profundos, han habido accidentes",Guadalupe Victoria 95,"19.378183,-99.6392789",San Pablo Autopan,Jicaltepec Autopan
1894,Resuelto,2025-06-18 08:32:22,2025-10-07 15:46:44,muchos baches en toda la vialidad,Paseo de las Flores 746,"19.3132448,-99.63102490000001",San Lorenzo Tepaltitlan,Las Flores
1892,Resuelto,2025-06-17 23:08:45,2025-12-29 20:28:10,el mayor daño esta sobre calle independencia  en geovillas independencia desde  vicente lombardo hasta geovillas san mateo y santorini,Jazmín 1281,"19.3139286,-99.59207630000002",San Mateo Otzacatipan,La Floresta
1891,Resuelto,2025-06-17 22:39:09,2025-09-23 17:22:50,"hay muchos baches y mucho lodo se hace el tráfico por qué no se puede ni pasar ",Avenida Independencia 9176,"19.3155034,-99.5953033",San Mateo Otzacatipan,Geovillas Arboleda
1890,Resuelto,2025-06-17 22:19:57,2025-10-01 16:21:14,"Como referencia, la falta de bacheo inicia desde la Telesecundaria Poeta Josue Mirlo y se extiende hasta la Preparatoria Oficial Número 139, es decir, desde 60 Guadalupe Victoria hasta 680 Guadalupe Victoria",Guadalupe Victoria 59,"19.3776554,-99.6392571",San Pablo Autopan,Jicaltepec Autopan
1885,Resuelto,2025-06-17 21:35:43,2025-07-09 15:34:27,"principios de socavón ",Pensador Mexicano 423,"19.2679406,-99.6957037",San Buenaventura,Alameda 2000
1884,Resuelto,2025-06-17 21:03:47,2025-12-29 19:30:37,"ambas calles se encuentran con mucho bache, lo cual hace que nuestra salida sean peligrosas y con las lluvias no se vean los baches y se hacen más grandes v",Juan Escutia 106,"19.3166676,-99.5984557",San Mateo Otzacatipan,Geovillas Arboleda
1882,Resuelto,2025-06-17 20:57:44,2025-12-29 20:27:43,entrada de sauces,Paseo de Los Eucaliptos 103,"19.3518682,-99.5961209",Sauces,Sauces I
1874,Resuelto,2025-06-17 19:33:07,2025-12-15 17:32:58,"La calle se encuentra entre calles lombardo Toledano y fray Servando entre geovillas de la independencia y barrio de la crespa ",Calle Niños Héroes 149,"19.313775027236794,-99.59982817719846",San Mateo Otzacatipan,La Crespa
1872,Resuelto,2025-06-17 18:52:52,2025-12-05 14:50:25,A Lado Del Restaurante Cazuelas De Mamichy,Hda. de Zumpango L6-C-A,"19.3664022,-99.5882285",Sauces,Sauces Iv
1870,Resuelto,2025-06-17 15:21:52,2025-09-04 14:21:28,calle del garis de san mateo,Avenida Independencia 104,"19.3218659,-99.59532779999999",San Mateo Otzacatipan,Geovillas Arboleda
1869,Resuelto,2025-06-17 15:09:51,2025-09-23 16:56:45,Parque Geovillas,Independencia 1745,"19.3164941,-99.5952258",San Mateo Otzacatipan,Geovillas Arboleda
1868,Resuelto,2025-06-17 14:42:34,2025-10-07 13:06:04,Parque Geovillas,Reforma 698,"19.3178856,-99.59595209999999",San Mateo Otzacatipan,Geovillas Arboleda
1861,Resuelto,2025-06-17 08:04:22,2025-06-17 10:01:19,"No se ha realizado bacheo en este tramo, debido a que transita vehículos de carga, transporte público y vehículos particulares es urgente darle solución por mayor seguridad ya que con las lluvia es propenso a que se expanda aún mas ",Avenida Paseo Vicente Lombardo Toledano 400,"19.308135335781817,-99.59215028702656",Santa Maria Totoltepec,Del Centro
1862,Resuelto,2025-06-17 08:04:22,2025-06-17 10:01:34,"No se ha realizado bacheo en este tramo, debido a que transita vehículos de carga, transporte público y vehículos particulares es urgente darle solución por mayor seguridad ya que con las lluvia es propenso a que se expanda aún mas ",Avenida Paseo Vicente Lombardo Toledano 400,"19.308135335781817,-99.59215028702656",Santa Maria Totoltepec,Del Centro
1860,Resuelto,2025-06-17 08:04:17,2025-09-04 14:01:02,"No se ha realizado bacheo en este tramo, debido a que transita vehículos de carga, transporte público y vehículos particulares es urgente darle solución por mayor seguridad ya que con las lluvia es propenso a que se expanda aún mas ",Avenida Paseo Vicente Lombardo Toledano 400,"19.308135335781817,-99.59215028702656",Santa Maria Totoltepec,Del Centro
1858,Resuelto,2025-06-16 23:38:25,2025-09-04 14:50:07,"múltiples baches en ave. principal ",Independencia 1917,"19.3161196,-99.5953042",San Mateo Otzacatipan,Geovillas Arboleda
1856,Resuelto,2025-06-16 21:38:17,2025-12-15 17:32:18,misma calle del colegio IT,Cerrada de Niños Héroes 70,"19.314398,-99.5997221",San Mateo Otzacatipan,Geovillas Arboleda
1852,Resuelto,2025-06-16 21:01:17,2025-12-29 19:28:50,Toda la calle Niños héroes tiene baches,Calle Niños Héroes 99,"19.31522017201446,-99.59970848616543",San Mateo Otzacatipan,Geovillas Arboleda
1851,Resuelto,2025-06-16 20:59:31,2025-12-29 19:27:51,Desde lombardo Toledano hasta la prepa UNAM,Calle Niños Héroes,"19.318532481718076,-99.59947381487571",San Mateo Otzacatipan,Geovillas Arboleda
1850,Resuelto,2025-06-16 20:40:17,2025-12-15 17:31:40,"Calle Niños Heroes ",Cerrada de Niños Héroes 123,"19.3143457,-99.59985859999999",San Mateo Otzacatipan,La Crespa
1848,Resuelto,2025-06-16 20:15:23,2025-12-15 17:31:14,"Toda la calle de Niños Héroes está en muy mal estado, esperamos vernos favorecidos con el bacheo por favor",Calle Niños Héroes 65,"19.314628276315762,-99.59976770213964",San Mateo Otzacatipan,Geovillas Arboleda
1847,Cancelado,2025-06-16 20:09:20,2025-12-30 12:06:44,"Los baches ya son demasiado grandes, tenemos solicitando la arreglen desde 2022",Privada Niños Héroes 213 213,"19.3152116604698,-99.59958803689348",San Mateo Otzacatipan,Geovillas Arboleda
1844,Resuelto,2025-06-16 15:11:27,2025-12-29 20:27:10,"Hace algunos meses agua y saneamiento revisó una fuga que se presentaba en la calle; levantaron y taparon sin embargo, se volvió a hacer un bache en el mismo sitio y ya está muy grande, los carros pasan y se está dañando más",Calle Tenango 101B,"19.291263505780535,-99.66782143484541",Sánchez,Sor Juana Inés De La Cruz
1842,Resuelto,2025-06-16 14:35:40,2025-10-28 16:02:57,"La calle está llena de baches.  Por favor atiendan.  ",Calle José María González Arratia 406,"19.29432305970605,-99.64451755033289",Independencia,Reforma Y Ferrocarriles Nacionales (san Juan Bautista)
1841,Resuelto,2025-06-16 14:31:40,2025-10-03 00:13:59,"Toda la avenida está llena de baches en AMBOS sentidos ",Avenida de los Maestros,"19.29798407474615,-99.64374729947964",Árbol De Las Manitas,Huitzila Y Doctores
1840,Resuelto,2025-06-16 14:29:44,2025-12-29 20:26:51,La vialidad presenta mega baches que dificultan la movilidad de los autos,Calle Heroico Colegio Militar 105,"19.300947396746206,-99.64444869659948",La Maquinita,Rancho La Mora
1839,Resuelto,2025-06-16 14:26:23,2025-12-29 20:26:29,"Todos los días la movilidad de quienes vivimos en Rancho La Mora y Santiago Miltepec se ve afectada por los super baches que hay a lo largo del Boulevard Adolfo López Mateos, Heroico Colegio Militar y la Av. de los Maestros. Es increíble el nivel de deterioro de las vialidades y el total abandono y descuido de las autoridades ",Heróico Colegio Militar 1–5,"19.30248197646149,-99.64562911407047",La Maquinita,Los Ángeles
1837,Resuelto,2025-06-16 14:04:48,2026-02-13 12:28:23,"la calle está en pésimas condiciones, hace muchos años que se ha solicitado que la arreglen y no lo han hecho, solo viene una máquina raspa la calle, vuelve a llover y se vuelve a poner horrible ojalá la pudieran pavimentar, ayudaría a toda la gente que pasa por ahí y al comercio, considero que es una vía importante y espero le puedan dar solución:(",Guerrero 100,"19.3221451,-99.5904276",San Mateo Otzacatipan,La Canaleja
1834,Resuelto,2025-06-16 13:04:59,2025-12-01 17:10:06,"La calle tiene muchos baches ",Calle Francisco León,"19.27189247384432,-99.64075319449088",Santa María De Las Rosas,Nueva Santa María De Las Rosas
1825,Resuelto,2025-06-16 09:46:48,2025-12-01 15:03:46,"urge reparar por qué es entrada de alumnos del COBAEM, hay baches enormes ",Del Pacífico 209,"19.2562577,-99.67207649999999",Capultitlán,Los Pinos
1823,Resuelto,2025-06-16 09:14:14,2025-10-07 15:40:20,muchos baches calle con 15 años de abandono,Paseo de las Flores 811,"19.313818899999998,-99.63332550000001",San Lorenzo Tepaltitlan,Las Flores
1822,Resuelto,2025-06-16 09:11:35,2025-10-07 15:43:20,"cuanto al rededor de 20 baches en un crucero ",Paseo de las Flores 801C,"19.313727099999998,-99.6328946",San Lorenzo Tepaltitlan,Las Flores
1821,Resuelto,2025-06-16 09:08:54,2025-10-07 15:45:09,demasiados baches,Paseo de las Flores 901,"19.313642299999998,-99.6320653",San Lorenzo Tepaltitlan,Las Flores
1820,Resuelto,2025-06-16 09:06:22,2025-10-07 15:45:52,"muchos baches ",Crisantemos 655,"19.313362,-99.63163229999999",San Lorenzo Tepaltitlan,Las Flores
1819,Resuelto,2025-06-16 08:58:14,2025-10-07 15:44:20,muchos baches en el cruce de ambas calles,Lirios 933,"19.313514899999998,-99.63243089999999",San Lorenzo Tepaltitlan,Las Flores
1813,Resuelto,2025-06-15 22:03:45,2025-09-04 13:45:37,"Del fraccionamiento Misiones de Santa Esperanza hasta bodega ahorra de Santa María Totoltepec llegando a la Colonia Armando Neyra Chavez esta destrozada la calle ",Avenida Paseo Vicente Lombardo Toledano 319C,"19.30806240331758,-99.5927477152833",Santa María Totoltepec,Arboledas
1807,Resuelto,2025-06-15 19:16:16,2025-06-16 12:38:30,"frente a la parroquia de la comunidad ",Tierra y Libertad 9,"19.3263534,-99.7155793",Tecaxic,Tecaxic Poniente
1805,Cancelado,2025-06-15 12:44:24,2025-10-21 15:17:55,"Toda la calle requiere pavimentación ",Avenida José María Morelos y Pavón 112,"19.2879,-99.6532",Centro Histórico,5 De Mayo
1804,Cancelado,2025-06-15 11:28:43,2025-10-01 22:16:10,"Hola, hago mí tercer reporte sobre bache en la calle Nuevo México que se encuentra entre las calles de mision y calle de la cruz en San Felipe Tlalmimilolpan, esperando que puedan dar solución se los agradeceré sólo es un pedazo de calle menos de una cuadra lo afectado que casi es imposible pasar por ahí, espero alguna información de su parte y que ahora si logren bachear por favor. Muchas gracias . ","San Felipe Tlalmimilolpan, San Felipe Tlalmimilolpan, Edo. Méx., Calle Misión, 8, 50250","19.236040885603074,-99.64333460910967",San Felipe Tlalmimilolpan,Del Panteón
1799,Resuelto,2025-06-14 20:48:55,2025-06-16 12:23:38,"Antes del tope hay un hoyo en el carril de baja ",Boulevard Miguel Alemán Valdez 208,"19.347711414527517,-99.5901714716355",San Mateo Otzacatipan,San José Guadalupe Otzacatipan
1798,Resuelto,2025-06-14 19:42:09,2025-10-03 18:33:33,Sobre La Av. Aeropuerto Y La Entrada Están Lis Tacos Juquilita,Juan Fernández Albarrán 188,"19.3404933,-99.5875069",San Mateo Otzacatipan,San José Guadalupe Otzacatipan
1797,Resuelto,2025-06-14 16:46:19,2025-10-30 12:53:29,"Realizar trabajos de bacheo en toda la calle Lago San Andrés ",Calle Lago San Andrés 197,"19.2729627,-99.67546929999999",Seminario Conciliar,Seminario El Parque
1793,Resuelto,2025-06-14 16:19:30,2025-12-12 11:54:05,"atrás de una capilla ",José María Pino Suárez 134,"19.347363599999998,-99.6520257",San Pablo Autopan,Santa Cruz Ii
1791,Resuelto,2025-06-14 12:35:57,2025-10-02 16:48:19,"varios baches en el tramo con algunos profundos ",Calle 16 de Septiembre 15,"19.278802199999998,-99.62053069999999",Santa Ana Tlapaltitlan,Independencia
1784,Resuelto,2025-06-14 00:25:44,2025-12-29 20:25:15,"la calle está en muy mal estado, hay baches enormes y con el agua no se ve ninguno. Se requiere atención urgente ya que se usa constantemente.",Calle Centenario 159,"19.319231,-99.5720965",San Pedro Totoltepec,Geovillas
1777,Resuelto,2025-06-13 16:09:16,2025-11-18 12:43:53,"Está frente a la tienda Tecate Marifer ",Calle Miguel Hidalgo 208,"19.296032946777395,-99.59256418320237",Santa Maria Totoltepec,El Carmen Totoltepec
1769,Resuelto,2025-06-13 13:00:07,2025-10-31 14:45:58,"Les agradeceré que me compartan la fecha y el horario en el que vendrán, para esperarlos. Wenceslao, por favor compártenos esa información..","San Mateo Oxtotitlán, Ex Hacienda San Jorge, Edo. Méx., Calle Exhacienda de Xalpa, 50100","19.291939089772445,-99.69618348323623",San Mateo Oxtotitlan,San Jorge
1767,Resuelto,2025-06-13 12:15:11,2025-12-29 20:24:22,"Cruce lleno de baches, justo en la entrada del patio del tren",Prolongación Albert Einstein,"19.297013828142983,-99.61015046620957",Santa Ana Tlapaltitlan,Buena Vista
1757,Resuelto,2025-06-12 18:47:34,2025-09-04 13:30:16,Reparación de un bache que fue tapado con  concreto en la reparación de una coladera de drenaje,Paseo Vicente Lombardo Toledano 78G,"19.3061355,-99.6052964",San Mateo Otzacatipan,Jardines De La Crespa
1754,Resuelto,2025-06-12 16:37:45,2025-11-19 10:27:07,"Antes de llegar al Mercado 16 de Septiembre ",Calle Ignacio López Rayón 507,"19.2945919,-99.653064",Árbol De Las Manitas,Zopilocalco Sur
1753,Resuelto,2025-06-12 13:59:55,2025-12-29 20:21:54,toda la calle llena de baches,Privada Cuauhtémoc 489,"19.325386599999998,-99.6373476",San Cristobal Huichochitlan,San Salvador Ii
1750,Resuelto,2025-06-12 11:21:56,2025-10-07 14:30:53,"baches, muchos baches.",Boulevard Alberto Einstein 2017,"19.2968558,-99.6100462",Santa Ana Tlapaltitlan,Buena Vista
1749,Resuelto,2025-06-12 09:50:32,2025-12-28 14:14:27,"laguna en muchos baches, calle muy deteriorada encharcamiento permanente",San Gabriel 202,"19.372923,-99.5810293",Sauces,Villas Santín I
1748,Resuelto,2025-06-12 07:57:37,2025-09-04 17:02:08,"En la avenida Cuauhtemoc esquina Cuitlahuac, hay una tortillería y más comercios ",Avenida Cuauhtémoc 22,"19.3032796649099,-99.59152011671823",Santa Maria Totoltepec,Del Centro
1741,Resuelto,2025-06-11 20:07:33,2025-12-29 20:21:11,"a 500 m de capilla de San Pedro, estos baches han ponchado muchas llantas y dañado suspensión de autos",Cuauhtémoc 23,"19.3944161,-99.6164325",San Andrés Cuexcontitlán,Loma La Providencia
1738,Resuelto,2025-06-11 17:56:06,2025-10-03 14:23:54,"negocio donde venden material para construcción ",Calle Ignacio López Rayón 177,"19.337095899999998,-99.65661589999999",Santiago Miltepec,Miltepec Norte
1735,Resuelto,2025-06-11 15:46:46,2025-10-27 10:46:42,"Baches enormes sobre Manuel Corra casi esquina con José María Coss ",José Ma. Coss102,"19.2843997,-99.6716076",Morelos,Morelos Primera Sección
1730,Resuelto,2025-06-11 13:58:33,2025-12-01 10:35:29,"La calzada cuenta con varios baches que se están agrandando con las lluvias ",Calle San Miguel 109,"19.295182201112542,-99.66372621806849",Barrios Tradicionales,San Miguel Apinahuizco
1723,Resuelto,2025-06-11 11:54:54,2025-11-12 16:45:06,"Están muy mal la calle ",Calle Libertad,"19.245589614479563,-99.64311620739672",San Felipe Tlalmimilolpan,El Calvario
1722,Resuelto,2025-06-11 11:07:53,2025-12-15 17:29:56,"Se encuentran baches en la calle y se están agrandando con las lluvias ",Calle Aztecas 63,"19.298495547182103,-99.66263253146451",Barrios Tradicionales,Unión
1720,Resuelto,2025-06-11 09:18:10,2025-11-12 13:44:49,es un socavón de aproximadamente 3x3mts,Libertad 2034,"19.2269158,-99.67055979999999",Santiago Tlacotepec,Shigande
1713,Cancelado,2025-06-10 16:23:48,2025-10-02 19:24:53,"la calle está demasiado fea y solo se preocupan por calles que nada que ver y ese es solo una parte de toda la calle Albert Einstein ",Alberto Einstein 10,"19.3167594,-99.6129591",San Lorenzo Tepaltitlan,La Cruz Comalco
1710,Resuelto,2025-06-10 15:30:19,2025-12-29 20:19:45,Baches Entre Sec 3 Y Sec 9,Juan Fernández Albarrán 609,"19.2774075,-99.6491695",Universidad,Universidad
1705,Resuelto,2025-06-10 12:31:18,2025-09-04 14:47:35,"Múltiples baches de gran magnitud ",Calle Independencia 399,"19.314028713016473,-99.59533711800603",San Mateo Otzacatipan,La Floresta
1692,Resuelto,2025-06-10 07:17:45,2025-12-29 20:19:05,"puente de rampa Arenal pasando Oxxo y gasolinera,",Cerrada Cuauhtémoc 20,"19.2583996,-99.7044215",Cacalomacan,El Arenal
1689,Resuelto,2025-06-09 20:12:03,2025-10-27 12:33:47,"frente a la desviación a San Felipe ",Calle Independencia 214,"19.2473925,-99.6608531",Capultitlán,San Isidro Labrador
1677,Resuelto,2025-06-09 11:55:47,2025-12-29 20:18:45,Frente al restaurante Guamuchilito,Calle Primero de Mayo 804,"19.29091630434246,-99.64325200523132",Independencia,Reforma Y Ferrocarriles Nacionales (san Juan Bautista)
1675,Resuelto,2025-06-09 11:37:18,2025-06-09 12:20:46,La calle tiene alrededor de 10 baches con una profundidad considerable. Algunos los raparon con escombros que al llover se deslavan y tapan las coladeras,"San Mateo Oxtotitlán, Ex Hacienda San Jorge, Edo. Méx., Calle Exhacienda de Xalpa, 50100","19.29180226863014,-99.69544081073046",San Mateo Oxtotitlan,San Jorge
1674,Resuelto,2025-06-09 11:37:14,2025-12-29 20:18:12,La calle tiene alrededor de 10 baches con una profundidad considerable. Algunos los raparon con escombros que al llover se deslavan y tapan las coladeras,"San Mateo Oxtotitlán, Ex Hacienda San Jorge, Edo. Méx., Calle Exhacienda de Xalpa, 50100","19.29180226863014,-99.69544081073046",San Mateo Oxtotitlan,San Jorge
1672,Resuelto,2025-06-09 11:24:16,2025-11-18 12:04:05,"Al principio de la calle hay una universidad de 4 pisos llamada universas España ",Calle México 600,"19.32335957781789,-99.64289507452602",San Cristobal Huichochitlan,San Salvador Ii
1671,Resuelto,2025-06-09 11:13:46,2025-10-02 17:39:12,"En la calle de Presa de la Amistad hay muchos baches que impiden la circulación eficiente de los autos. ",Calle Presa de la Amistad,"19.278721248789097,-99.61015214735164",Santa Ana Tlapaltitlan,Santa María Sur
1669,Resuelto,2025-06-09 09:47:59,2025-11-06 12:18:33,"atrás del súper Kompras, toda la colonia está en estas condiciones, ya que los camiones y demás transporte ocupan las calles para evitar el tráfico de todos los días. ",Plan de Ayala 405,"19.268055099999998,-99.6374907",Santa María De Las Rosas,La Magdalena
1668,Resuelto,2025-06-08 20:53:40,2025-10-20 11:52:00,Bache grande en la calle Francisco Murguia  entre Sor Juana  y Garcia Moreno,Calle Francisco Murguía 16 Oriente 403,"19.2811433,-99.65105899999999",Universidad,Cuauhtémoc
1666,Cancelado,2025-06-08 19:08:46,2025-12-30 12:05:55,"La calle presenta gran deterioro en el asfalto, complica la circulación y afecta los vehículos que transitan",Paseo de La Reforma 403,"19.3601748,-99.5752187",San Mateo Otzacatipan,San Nicolás Tolentino Ii
1658,Resuelto,2025-06-08 01:34:40,2025-11-28 17:14:28,"Hay varios baches muy grandes sobre 20 de noviembre, en Lázaro Cardenas y Guillermo Marconi",Calle 20 de Noviembre,"19.295117759292815,-99.6323453835067",Independencia,Independencia
1654,Resuelto,2025-06-07 16:54:20,2025-12-28 14:13:30,toda la via esta intransitable,Abrazo de Acatempan 408,"19.2789292,-99.6755776",Ciudad Universitaria,Vicente Guerrero
1648,Resuelto,2025-06-07 14:22:10,2025-12-05 14:49:31,kinder,Carlos Arruza 133,"19.3709077,-99.5847896",Sauces,Villas Santín I
1639,Resuelto,2025-06-07 11:02:29,2025-06-09 09:59:49,Calle con baches que se han hecho más grandes,Calle Ramón Rayón y José Ma Coss,"19.2850501,-99.6716306",Ciudad Universitaria,San Bernardino
1638,Resuelto,2025-06-07 11:02:25,2025-12-29 20:17:43,Calle con baches que se han hecho más grandes,Calle Ramón Rayón y José Ma Coss,"19.2850501,-99.6716306",Ciudad Universitaria,San Bernardino
1634,Resuelto,2025-06-07 08:32:19,2025-11-28 17:20:31,"frente al banco del bienestar ",Rafael Alducin 1403,"19.2910686,-99.6354707",Independencia,Reforma Y Ferrocarriles Nacionales (san Juan Bautista)
1629,Cancelado,2025-06-06 22:29:34,2025-12-29 17:30:43,"Hola, reportando esta calle nuevamente, es sobre la calle Nuevo México y calle misión, los baches por el agua están más grandes, recientemente vinieron a bachear parte de la calle; se comentó al Sr. nieto que estaba encargado que faltaba ese pedazo la cu fue reportada pero únicamente me dijo que luego se vería.  ","San Felipe Tlalmimilolpan, San Felipe Tlalmimilolpan, Edo. Méx., Callejón Mina, 5, 50250","19.237085185645668,-99.64250723090804",San Felipe Tlalmimilolpan,Del Centro
1626,Resuelto,2025-06-06 20:24:58,2025-11-12 14:36:40,Bache de 2 metros de diámetro en cruce principal,Cerrada Nuevo México 971,"19.2413316,-99.6448497",San Felipe Tlalmimilolpan,Del Centro
1625,Resuelto,2025-06-06 20:22:08,2025-11-12 14:31:33,Frente a edificio de 3 pisos color blanco,Cerrada Nuevo México 43,"19.2397912,-99.6450103",San Felipe Tlalmimilolpan,Del Centro
1624,Resuelto,2025-06-06 20:07:27,2025-11-06 13:54:42,baches grandes de más de 4 años,Francisco León 126,"19.2713288,-99.6408733",Santa María De Las Rosas,Nueva Santa María De Las Rosas
1623,Cancelado,2025-06-06 18:57:43,2025-12-29 17:30:19,"Es frente a entrada de Fábricas Monterrey y Coca Cola ",Avenida Industria Automotriz,"19.29605647227284,-99.59950095347439",Santa Maria Totoltepec,El Olimpo
1621,Resuelto,2025-06-06 17:49:01,2025-10-02 12:38:55,"toda la carretera se encuentra en pésimas condiciones, de la capilla del dulce Leño a la preparatoria oficial 197",Al Refugio 151,"19.2318216,-99.6780855",Santiago Tlacotepec,Santa María
1604,Cancelado,2025-06-05 22:07:40,2025-12-29 17:29:45,"frontón ",Pedregal 124,"19.3195943,-99.7207459",Tecaxic,Tecaxic Poniente
1602,Resuelto,2025-06-05 19:42:19,2025-12-15 17:23:15,"Capilla del palo hueco ",Calle Insurgentes 22,"19.324021582340073,-99.71491239608062",Tecaxic,Tecaxic Poniente
1596,Resuelto,2025-06-05 15:44:48,2025-11-28 16:49:13,Frente a casa color Naranja de Zaguán negro,Calle Lázaro Cárdenas 117,"19.2962898,-99.6314248",Independencia,San Juan Buenavista
1595,Resuelto,2025-06-05 15:30:48,2025-12-29 20:17:00,"tramo en muy malas condiciones ",Camino a San José La Costa Camino a San José La Costa,"19.4287729,-99.6573646",Tlachaloya,San José La Costa
1591,Resuelto,2025-06-05 14:29:25,2025-11-12 16:33:16,"Baches sobre calle Nuevo México entre calles Misión y Zapata ",Nuevo México Sur 24,"19.2360886,-99.6451192",San Felipe Tlalmimilolpan,Del Panteón
1590,Resuelto,2025-06-05 14:10:22,2025-12-15 17:22:27,"Bache de gran magnitud ",Calle Niños Héroes,"19.3081612,-99.6001125",San Mateo Otzacatipan,Geovillas Independencia
1583,Resuelto,2025-06-05 10:35:51,2025-12-28 14:12:58,"Entre Cuahutemoc y Lazaro Cardenas, también se conoce como division. ",José Joaquín Herrera 22,"19.3245886,-99.63659539999999",San Cristobal Huichochitlan,La Trinidad Ii
1582,Resuelto,2025-06-05 09:43:25,2025-12-29 20:16:41,Bache grande cerca del semáforo de Jesús Carranza,Calle Jesús Carranza 1303,"19.258989131044814,-99.65967525780994",Moderna De La Cruz,Bosques De Colón
1581,Resuelto,2025-06-05 09:32:28,2025-06-05 10:25:16,"frente al jardín de niños Gaby Brimmer ",5 de Mayo 107,"19.349439099999998,-99.63226780000001",San Andrés Cuexcontitlán,Santa Rosa
1580,Cancelado,2025-06-05 09:29:28,2025-12-29 17:29:24,"a unos pasos del Jardín de Niños Baby Brimmer ",5 de Mayo 107,"19.349439099999998,-99.63226780000001",San Andrés Cuexcontitlán,Santa Rosa
1579,Resuelto,2025-06-05 08:56:25,2025-12-29 20:15:21,los camiones que pasan no siguen un camino recto y se van rapido gacen giros bruscos,Calle Roberto Bosch 405,"19.2939868,-99.6200427",Santa Ana Tlapaltitlan,Buena Vista
1578,Resuelto,2025-06-05 08:28:34,2025-12-29 20:14:58,"carril izquierdo ",General Manuel González 700,"19.258985499999998,-99.6597987",Moderna De La Cruz,Moderna De La Cruz Ii
1577,Resuelto,2025-06-04 21:06:33,2025-12-29 20:14:32,"los coches tienen que estar desvaidnose rápidamente en vez de romar un camino recto,ocurriendo choques o momentos de panico",Boulevard Alberto Einstein 2017,"19.2968558,-99.6100462",Santa Ana Tlapaltitlan,Buena Vista
1575,Resuelto,2025-06-04 20:51:15,2025-12-29 20:11:17,"por favor de atender mi petición ya que mi comunidad lleva años sin un mantenimiento a la carrera principal da tristeza ver el camino ",Camino a San José La Costa 18,"19.4307767,-99.6484255",Tlachaloya,San José La Costa
1571,Resuelto,2025-06-04 19:29:42,2025-07-28 18:12:41,"la calle está en muy mal estado se necesita bachear ",Insurgentes 6,"19.3322663,-99.6835286",Calixtlahuaca,San Francisco De Asis
1570,Cancelado,2025-06-04 19:03:58,2025-12-28 15:31:33,"muy mal estado de la calle ",Calle 01 de Junio Calle 01 de Junio,"19.2422771,-99.6513975",Capultitlán,San Isidro Labrador
1568,Resuelto,2025-06-04 17:15:55,2025-12-29 20:10:30,Toda la calle avenida del trabajo entre las calles señaladas se encuentra llena de baches los cuales con las lluvias se están llenando de agua y no se ven.,Avenida del Trabajo 1108,"19.311289512940803,-99.63886473318365",La Maquinita,"Guadalupe, Club Jardín Y La Magdalena"
1567,Cancelado,2025-06-04 17:10:57,2025-12-30 12:05:40,Toda La Calle Principal De Niños Héroes Se Encuentra Llena D Baches,Calle Segunda Privada de Niños Héroes 184,"19.2923244,-99.677899",Sánchez,La Teresona I
1564,Resuelto,2025-06-04 15:28:59,2025-12-29 20:10:07,Baches muy profundos,Avenida José María Morelos y Pavón 112,"19.2879,-99.6532",Centro Histórico,5 De Mayo
1561,Resuelto,2025-06-04 11:55:15,2025-06-05 11:03:03,"Reparación de Tramo carretero en las calles de Benito Juárez, Libertad en su tramo de Calixtlahuaca a vialidad palmillas o realizar gestión ante Junta de Caminos pues es paso necesario de la comunidad de Tecaxic a Ciudad Capital Toluca EDOMEX ??",Calle Libertad 10,"19.3365315,-99.68731299999999",Calixtlahuaca,San Francisco De Asis
1557,Resuelto,2025-06-03 23:01:48,2025-09-04 14:08:08,"Toda la Calle Lombardo Toledano. desde Geovillas hasta San Pedro Totoltepec ",Paseo Vicente Lombardo Toledano 400,"19.308891199999998,-99.5856958",Santa Maria Totoltepec,Del Centro
1547,Resuelto,2025-06-03 20:02:35,2025-12-29 20:09:41,Hay un Expendio de Huevo  y una barbería.,Calle Eduardo Gonzalez y Pichardo 1985,"19.2630211,-99.66633750000001",Ocho Cedros,Ocho Cedros I
1546,Resuelto,2025-06-03 18:54:02,2025-09-04 12:53:25,"La esquina que forman las calles Prolongación Paseo Totoltepec e Independencia, frente a la recaudaría ",Calle Paseo Totoltepec 1–9,"19.3125072698923,-99.58588967102372",Santa María Totoltepec,Arboledas
1545,Resuelto,2025-06-03 18:51:05,2025-09-04 12:47:53,"En la esquina que forman Lombardo Toledano y Paseo Totoltepec, ambas calles tienen baches enormes y profundos ",Prolongación Paseo Totoltepec,"19.30910198440927,-99.58586402817009",Santa María Totoltepec,Arboledas
1544,Resuelto,2025-06-03 18:49:24,2025-12-29 20:08:41,Son dos baches enormes que abarcan toda la calle,Calle la Palma 1–5,"19.31232165723577,-99.58435914937297",San Pedro Totoltepec,Del Panteón
1543,Resuelto,2025-06-03 18:47:56,2025-09-04 12:42:22,"El bache abarca toda la calle, es profundo y enorme",Prolongación Paseo Totoltepec 2,"19.310746473843164,-99.58586344197712",Santa María Totoltepec,Arboledas
1542,Resuelto,2025-06-03 18:31:13,2025-11-27 16:42:25,"Esquina, abarca toda la calle",Privada de Vicente Guerrero 102,"19.314946199999998,-99.63611829999999",Santa Cruz Atzcapotzaltongo,Ex Hacienda La Magdalena (barrio San Juan De La Cruz)
1540,Resuelto,2025-06-03 15:45:45,2025-11-06 13:55:43,"Toda la calle ",Calle Francisco León 119,"19.271556915052837,-99.64076326636295",Santa María De Las Rosas,Nueva Santa María De Las Rosas
1539,Resuelto,2025-06-03 15:42:17,2025-11-06 13:51:15,"Toda la calle ",Calle Puebla 412,"19.271319331914615,-99.64122123633102",Santa María De Las Rosas,Nueva Santa María De Las Rosas
1534,Resuelto,2025-06-03 12:44:50,2025-12-15 17:21:56,"Cubre el tramo desde CBTIS ",Calle Tercera Privada Juan Escutia 301,"19.2991901,-99.69235400000001",San Mateo Oxtotitlan,Niños Héroes I
1532,Resuelto,2025-06-03 12:29:12,2025-12-15 17:07:32,"adelante de la primaria Juan Escutia, toda la calle de Juan Escutia, entre la 1 privada de Juan Escutia y Vicente Suarez",Calle Juan Escutia 305,"19.2993111,-99.6923614",San Mateo Oxtotitlan,Niños Héroes I
1530,Resuelto,2025-06-03 12:17:47,2025-12-15 17:05:48,"Toda la calle está imposible ",Calle Juan Escutia 300,"19.2993505,-99.6922511",San Mateo Oxtotitlan,Centro
1529,Resuelto,2025-06-03 11:55:18,2025-12-13 11:57:30,"baches ",Calle Tercera Privada Juan Escutia 305,"19.299352799999998,-99.69235880000001",San Mateo Oxtotitlan,Niños Héroes I
1523,Cancelado,2025-06-03 00:00:00,2025-12-30 12:05:24,"Desde la Salida de la Mora hasta Avenida de los maestros los baches se encuentran a un metro de distancia entre cada uno de ellos, alrededor de 100 baches con profundidad mayor a 45cm  son muy profundos, transitan 60 vehículos por minuto ","Toluca, Santiago Miltepec, Edo. Méx., Calle Heroico Colegio Militar, 413, 50020","19.300407186990153,-99.64420203870958",La Maquinita,Rancho La Mora
1520,Resuelto,2025-06-02 22:22:28,2025-06-03 13:08:20,"la av es un caos no se puedenpasar por tantos baches que hay ",Melchor Ocampo 3,"19.3554207,-99.62922999999999",San Andrés Cuexcontitlán,Santa Rosa
1518,Resuelto,2025-06-02 20:54:03,2025-12-05 14:51:13,Baches que abarcan toda la calle,Calle Hacienda de Zumpango 09B,"19.366207015631222,-99.58762814101037",Sauces,Sauces V
1517,Resuelto,2025-06-02 20:49:53,2025-09-04 14:57:11,Hay un 3 b,Calle Independencia,"19.316289606997426,-99.59517248665566",San Mateo Otzacatipan,La Floresta
1508,Resuelto,2025-06-02 17:56:39,2025-10-01 16:18:18,baches profundos,Guadalupe Victoria 95,"19.378252,-99.6394014",San Pablo Autopan,Jicaltepec Autopan
1505,Resuelto,2025-06-02 16:46:24,2025-09-04 14:57:28,"Toda la calle estransitable, los baches están en ambos sentidos ",Calle Independencia,"19.309628602153857,-99.59582264017236",San Mateo Otzacatipan,Geovillas Independencia
1504,Resuelto,2025-06-02 16:40:59,2025-09-04 12:37:18,"A 50 metros de Elektra ",Prolongación Paseo Totoltepec,"19.309781,-99.5858174",Santa María Totoltepec,Arboledas
1499,Resuelto,2025-06-02 16:11:48,2025-11-12 14:08:14,"bache de 1.5 metros de longitud impide tránsito ",Cerrada Nuevo México 9,"19.2371993,-99.64492969999999",San Felipe Tlalmimilolpan,Del Centro
1497,Resuelto,2025-06-02 14:18:06,2025-06-02 15:54:41,"la carretera Toluca-Naucalpan llena de baches tanto lateral como carriles centrales llueve y es un caos el trafico ",Carretera Toluca-Naucalpan 52,"19.3737526,-99.56007679999999",San Pedro Totoltepec,San Blas
1496,Resuelto,2025-06-02 11:55:03,2025-06-02 13:05:04,Lateral de la carretera Toluca Naucalpan,Avenida López Portillo,"19.375747579962905,-99.55742981012646",San Pedro Totoltepec,San Blas
1494,Resuelto,2025-06-02 10:37:19,2025-11-28 17:16:58,"Toda la calle esta en pésimas condiciones, muchos baches, es una calle muy transitada, su apoyo por favor con bacheo . Gracias ",Marie Curie,"19.29354600636014,-99.62992946706864",Independencia,Reforma Y Ferrocarriles Nacionales (san Juan Bautista)
1493,Resuelto,2025-06-02 10:34:26,2025-11-28 16:51:59,"Toda la calle en pésimas condiciones, muchísimos baches ya muy profundos, por favor envíen a alguien a realizar bacheo. Con estás lluvias es demasiado peligroso ",Calle Lázaro Cárdenas 113,"19.29618780643312,-99.6313911883302",Independencia,San Juan Buenavista
1489,Resuelto,2025-06-02 08:23:57,2025-07-28 18:14:00,muy deteriorada bastantes baches,Insurgentes 3B,"19.3321562,-99.6835572",Calixtlahuaca,San Francisco De Asis
1482,Resuelto,2025-06-01 19:58:01,2025-06-03 13:06:03,"Distribuidor vial de Xonacatlán a Boulevard aeropuerto, los carriles están en mal estado y presentan demasiados baches",Boulevard Miguel Alemán Valdez 208,"19.348534093223147,-99.59037964944454",San Mateo Otzacatipan,San José Guadalupe Otzacatipan
1480,Resuelto,2025-06-01 19:31:48,2025-12-10 11:29:22,"Cerca de maderería ",Calle República de Venezuela 207,"19.283807633082652,-99.64222550170622",San Sebastian,San Sebastián Y Vértice
1479,Resuelto,2025-06-01 16:19:21,2025-12-29 20:08:14,"Baches Calle Francisco Villa Asta Ignacio Manuel Altamirano ",General Francisco Villa 202,"19.2738732,-99.6529054",Universidad,Universidad
1478,Resuelto,2025-06-01 15:56:24,2025-12-29 20:07:45,"Baches En La Esquina ",Ignacio Allende 1312,"19.2730957,-99.65556079999999",Universidad,Universidad
1477,Resuelto,2025-06-01 15:50:33,2025-12-29 20:07:10,"2 Baches ",Ignacio Allende 1120-4,"19.2763092,-99.6556478",Universidad,Universidad
1475,Resuelto,2025-06-01 13:38:34,2025-12-29 20:06:51,el bache ocupa la mayor parte de la calle,Paseo de La Reforma 511,"19.358715,-99.57270369999999",San Mateo Otzacatipan,San Nicolás Tolentino Ii
1472,Resuelto,2025-06-01 11:07:57,2025-12-09 13:08:58,Baches de más de un metro de extencion en ambos lados de la calle.,Miguel Hidalgo &,"19.3143803,-99.6231633",San Lorenzo Tepaltitlan,El Charco
1462,Resuelto,2025-05-31 21:49:47,2025-12-28 14:12:35,en La Calle de san pablo en la entrada frente al oxxo desde el año pasado  escarvaron y nunca regresaron a taparlos,Luis Procuna 205,"19.370913299999998,-99.58250729999999",Sauces,Villas Santín I
1460,Resuelto,2025-05-31 16:33:36,2025-09-04 15:03:03,"A un lado del Garis ",Avenida Independencia 127,"19.3086399,-99.5958223",San Mateo Otzacatipan,Geovillas Independencia
1459,Resuelto,2025-05-31 14:33:58,2025-06-02 10:45:31,"Entre Fracc Las misiones y libramiento ",Avenida López Portillo,"19.376321392548522,-99.55685512302867",San Pedro Totoltepec,San Blas
1456,Resuelto,2025-05-31 10:26:13,2025-09-30 14:08:35,"Es toda la calle pasando el aurrera solo hay 2  entradas y están igual llenas de baches incluso la entrada por las Esperides  por el Instituto Metepec ",Avenida Paseo Totoltepec 306,"19.2935768,-99.586482",Santa Maria Totoltepec,Paseo Totoltepec
1455,Resuelto,2025-05-31 08:49:57,2025-07-28 18:15:40,causando conflicto entre vecinos por rellenar con piedras los baches,Insurgentes 6,"19.3322663,-99.6835286",Calixtlahuaca,San Francisco De Asis
1454,Resuelto,2025-05-30 22:25:58,2025-12-05 14:45:27,"hay un deterioro en los baches ya estan muy profundos urge un bacheo para minimo amenizar el problema ",Avenida de las Partidas Esquina,"19.372989699999998,-99.58096900000001",Sauces,Villas Santín I
1441,Resuelto,2025-05-30 19:47:27,2025-12-05 14:48:19,en esquina con calle Silverio Pérez frente a casa de dos pisos naranja,Carlos Arruza 137,"19.3707882,-99.5848765",Sauces,Villas Santín I
1437,Resuelto,2025-05-30 17:09:35,2025-09-04 14:50:30,"Sobre independencia se encuentran varios baches a los que no se les ha dado mantenimiento desde hace varios meses. Frente a la entrada del claustro de L 10, hay varios y se forma un gran charco cuando llueve. Agradeceríamos su apoyo. ",Independencia Mz 1 Lote 10,"19.31129794761391,-99.59571052121444",San Mateo Otzacatipan,Geovillas Independencia
1435,Resuelto,2025-05-30 16:46:24,2025-12-09 13:04:34,"Ya C Estanca Mucho El Agua En Esa Área Urge ",Hda. de Zumpango L6-C-B,"19.3663802,-99.588224",Sauces,Sauces Iv
1432,Resuelto,2025-05-30 14:49:09,2025-11-27 16:43:25,Muy grande,Privada de Vicente Guerrero 102,"19.314946199999998,-99.63611829999999",Santa Cruz Atzcapotzaltongo,Ex Hacienda La Magdalena (barrio San Juan De La Cruz)
1429,Resuelto,2025-05-30 12:57:39,2025-06-05 10:58:58,"buenas tardes , ya vinieron ayer a trabajar por el reporte que levanté. MUCHAS GRACIAS.  Solo un humilde comentario noto demasiado tiempo muerto en los trabajos, considerando que traen máquinas, esto para que haya un poco más de rapideZ en las tareas, ya que Hay muchos problemas en Toluca . pero aún así los felicito por qué gracias a la página la atención fue más rápida ",Guillermo Rojas 200,"19.278226999999998,-99.6685703",Morelos,Federal (adolfo López Mateos)
1428,Resuelto,2025-05-30 10:36:40,2025-10-29 15:32:26,"Calle Porfirio Díaz entre julio Pardiñas y Marcelino García Barragan col del parque C.P. 50180 toluca    (19.264487, -99.651360)","Toluca, Del Parque, Edo. Méx., 50180","19.265790189507452,-99.65173395968496",Del Parque,Del Parque Ii
1426,Resuelto,2025-05-30 09:19:37,2025-12-29 20:06:13,"calle en mal estado está ubicada entre   calle Benito Juárez y López Portillo ",Isidro Fabela 7,"19.3552459,-99.5810181",San Mateo Otzacatipan,San Nicolás Tolentino I
1425,Resuelto,2025-05-30 09:09:39,2025-12-29 20:05:41,"baches en la intersección de reforma y Benito Juárez ",Paseo de La Reforma 403,"19.3601748,-99.5752187",San Mateo Otzacatipan,San Nicolás Tolentino Ii
1424,Resuelto,2025-05-30 09:03:25,2025-12-29 20:05:12,el trabajo de bacheo comienza de la curva de la calle independencia hasta la calle Isidro Fabela aproximadamente 500 mts.,Isidro Fabela 215,"19.3523007,-99.5775287",San Mateo Otzacatipan,San Nicolás Tolentino I
1423,Resuelto,2025-05-30 08:30:56,2025-09-04 12:34:27,"urgente calle con lagunas en mal estado las calles hoyos en la tierra ",Calle Prolongación Paseo Totoltepec 5,"19.3116116,-99.58582949999999",Santa María Totoltepec,Arboledas
1421,Resuelto,2025-05-30 08:28:08,2025-11-06 12:21:00,En El Parque Las Yucas,Paseo de las Haciendas MZ1L1-C-B,"19.3604961,-99.5917723",Sauces,Sauces Iv
1415,Resuelto,2025-05-29 21:22:21,2025-09-04 13:43:07,"baches, baches, muchos baches",Paseo Vicente Lombardo Toledano MZ1 LT1,"19.3078131,-99.5955642",San Mateo Otzacatipan,Geovillas Independencia
1411,Resuelto,2025-05-29 18:35:40,2025-10-28 10:07:09,3 Baches Sobre Zapata,Pablo Sidar Pablo Sidar,"19.2754467,-99.6532393",Universidad,Universidad
1410,Resuelto,2025-05-29 17:45:06,2025-12-29 20:04:36,"Baches en toda la calle, de todos tamaños, calle muy transitada ","Toluca, Cientificos, Edo. Méx., Calle Isaac Newton, 200, 50075","19.3047650708102,-99.63214855953616",Independencia,Las Torres (científicos)
1409,Resuelto,2025-05-29 16:16:36,2025-10-07 13:14:46,"baches sobre Pedro Asencio ",Pedro Ascencio 1,"19.3351775,-99.6865998",Calixtlahuaca,San Francisco De Asis
1405,Resuelto,2025-05-29 15:58:11,2025-09-04 12:30:24,calle principal,Calle Prolongación Paseo Totoltepec 5,"19.3116116,-99.58582949999999",Santa María Totoltepec,Arboledas
1404,Resuelto,2025-05-29 15:42:20,2025-12-12 15:24:50,toda la calle juan escutia esta dañada,Calle Tercera Privada Juan Escutia 312,"19.2998168,-99.6922027",San Mateo Oxtotitlan,Centro
1403,Resuelto,2025-05-29 15:39:59,2025-10-29 18:07:37,muchos baches y carros viejos abandonados,Calle General Marcelino García Barragán 409,"19.264490200000004,-99.6575431",Moderna De La Cruz,Moderna De La Cruz Ii
1401,Resuelto,2025-05-29 14:49:11,2025-09-04 16:54:13,"esta frente a la unidad de rehabilitación e integracion ,  ademas de que ahorita en lluvias mojan a los pacientes  ",Avenida Cuauhtémoc 78,"19.3000643,-99.59379949999999",Santa Maria Totoltepec,El Olimpo
1400,Resuelto,2025-05-29 14:37:30,2025-11-18 14:53:00,Toda la calle está llena de baches,Calle General Álvaro Obregón 163,"19.269822899999998,-99.65787449999999",Moderna De La Cruz,Moderna De La Cruz I
1397,Resuelto,2025-05-29 12:21:26,2025-12-09 12:32:08,"La calle san pablo se encuentra en un estado deplorable ",Calle San Pablo,"19.372929683719597,-99.58093405729394",Sauces,Villas Santín I
1396,Resuelto,2025-05-29 12:15:49,2025-10-25 11:49:45,"Bache Frente Restaurante ",Ezequiel Ordóñez 101,"19.291177599999997,-99.6617296",Centro Histórico,La Merced (alameda)
1395,Resuelto,2025-05-29 12:15:17,2025-12-28 14:12:12,"Oxxo ",San Gabriel 200,"19.3728573,-99.58105549999999",Sauces,Villas Santín I
1391,Resuelto,2025-05-29 09:11:37,2025-12-29 20:03:56,"bache no atendido desde inicios 2025, riesgo de accidentes y daños a vehículos.
(19.346250, -99.594108)",Via José López Portillo 1006,"19.3464034,-99.59378900000002",San Mateo Otzacatipan,San José Guadalupe Otzacatipan
1389,Cancelado,2025-05-29 08:46:14,2025-12-29 17:28:58,"Varios baches a lo largo de la calle, desde esquina con paseo Colón hasta Jesús Carranza ",Calle General Manuel González 702,"19.259021855627548,-99.66012082881323",Moderna De La Cruz,Moderna De La Cruz Ii
1388,Resuelto,2025-05-29 08:42:50,2025-12-28 14:11:18,"Baches seguidos ocasionando mucho tráfico ",Calle General Manuel González 810,"19.259275723261297,-99.66207837452419",Moderna De La Cruz,Moderna De La Cruz Ii
1387,Resuelto,2025-05-28 22:53:28,2025-06-05 14:00:27,"Buenas noches Solicito me puedan apoyar con el escombro que tengo para que no se tapen las coladeras, esto es en la calle Antonio Rosales #107 entre Lauro del Villar y Martín Carrera en la Colonia Lázaro Cárdenas C.P. 50180, gracias ",Calle Antonio Rosales 107,"19.2647677,-99.6503536",Del Parque,Lázaro Cárdenas
1384,Resuelto,2025-05-28 19:45:04,2025-10-30 11:18:31,"Buenas noches , anexo petición de reencarpetado gracias ",Azalea 8B,"19.3124121,-99.5928016",San Mateo Otzacatipan,La Floresta
1383,Resuelto,2025-05-28 19:42:17,2025-07-28 15:39:34,"baches sobre la calle "," 34","19.335044000000003,-99.68479350000001",Calixtlahuaca,San Francisco De Asis
1382,Resuelto,2025-05-28 18:51:33,2025-10-27 12:23:30,"bache muy grande en la intersección de José María Coss y Manuel Correa, toda la calle de José María Coss necesita repavimentación y hay un registro roto y sobresale",José Ma. Coss 102,"19.2843997,-99.6716076",Morelos,Morelos Primera Sección
1380,Resuelto,2025-05-28 16:16:58,2025-12-29 20:03:29,"Baches sobre calle Ramón rayón frente al 101 al 106 ","Toluca, Morelos, Edo. Méx., Calle Ramón Rayón, 103, 50080","19.286265189908235,-99.67162527852209",Ciudad Universitaria,San Bernardino
1375,Resuelto,2025-05-28 14:55:01,2025-06-10 11:51:44,"Frente a la escuela ","Toluca, Francisco Murguia, Edo. Méx., Calle José María Arteaga, 50130","19.2826,-99.65570000000001",Centro Histórico,Francisco Murguía (el Ranchito)
1366,Cancelado,2025-05-28 13:48:14,2025-09-29 15:07:05,Av independencia y Rio Agua Naval,"Toluca de Lerdo, San Felipe Tlalmimilolpan, Edo. Méx., Camino a San Felipe, 50250","19.241532017726872,-99.63305232158575",San Felipe Tlalmimilolpan,La Venta
1363,Resuelto,2025-05-28 11:20:37,2025-09-04 15:04:28,"Pavimento en muy mal estado, se requiere repavimentación en algunos tramos ","Crespa Floresta, La Crespa, Edo. Méx., Calle Independencia, 50228","19.307636203132446,-99.59604358434251",San Mateo Otzacatipan,Geovillas Independencia
1362,Cancelado,2025-05-28 10:41:06,2025-12-28 15:31:54,del tramo de la entrada de la iglesia de la comunidad a los arcos de San Diego linares,Toluca Toluca,"19.4000079,-99.6784728",San Pablo Autopan,Xicaltepec
1361,Resuelto,2025-05-28 08:45:10,2025-09-04 15:08:03,"La calle de independencia en Geovillas de san mateo está totalmente destruida ya hace más de 2 años ","Crespa Floresta, La Crespa, Edo. Méx., Calle Independencia, 9176, 50220","19.31547470244415,-99.59528911557081",San Mateo Otzacatipan,Geovillas Arboleda
1358,Resuelto,2025-05-27 22:27:07,2025-05-28 11:01:09,"La entrada a Santin está totalmente destrozada ","Toluca 2000, Villas Santin, Edo. Méx., Avenida de las Partidas, 50233","19.372502313638098,-99.579623958035",San Mateo Otzacatipan,San Blas Otzacatipan
1356,Resuelto,2025-05-27 21:39:34,2025-12-29 20:02:32,"Toda La Calle De Ex Hacienda De tlalpan Esta Llena De Baches 
(19.294243, -99.695173)",4ta Cda Ex-hda de Tlalpan 3,"19.294555,-99.6953238",San Mateo Oxtotitlan,San Jorge
1348,Resuelto,2025-05-27 18:45:03,2025-12-10 12:38:52,"República de Venezuela. A un lado de maderería ","Toluca, De San Sebastián, Edo. Méx., Calle República de Venezuela, 103, 50900","19.283770636061618,-99.64226495632889",San Sebastian,San Sebastián Y Vértice
1343,Resuelto,2025-05-27 16:58:50,2025-05-27 18:07:17,"la calle está en muy malas condiciones, es la carretera Toluca-Temoya a la altura de San Andrés Cuexcoutitlan 
(19°21'19""N 99°37'45""W)",Miguel Hidalgo y Costilla 1935,"19.3555557,-99.62985870000001",San Andrés Cuexcontitlán,Natividad
1330,Cancelado,2025-05-27 09:21:02,2025-05-27 10:41:24,Esto es una prueba Mobzilla,Calle Hermenegildo Galeana 104,"19.289561764695446,-99.65733727802764",Centro Histórico,Centro
1316,Resuelto,2025-05-26 18:53:18,2025-10-02 17:18:53,"Hay una serie de baches, desde antes de un tope en la misma dirección señalada, difícil de pasar en días de lluvia debido a que sube también el agua",Presa de La Amistad 101A,"19.2807358,-99.61001089999999",Santa Ana Tlapaltitlan,Santa María Sur
1314,Cancelado,2025-05-26 18:31:27,2025-05-27 09:56:05,Prueba mobzilla,Avenida 5 de Mayo 300,"19.28793575212972,-99.6491848490628",Centro Histórico,5 De Mayo
1302,Cancelado,2025-05-26 14:02:50,2025-05-26 14:06:12,Los baches originan estancamiento vial y se vuelve peligroso el tramo,"Santa Ana Tlapaltitlán, Buenavista, Edo. Méx., Prolongación Albert Einstein, 14, 50016","19.302671986497007,-99.60676504225535",Santa Ana Tlapaltitlan,Buena Vista
1303,Resuelto,2025-05-26 14:02:50,2025-12-29 20:00:13,Los baches originan estancamiento vial y se vuelve peligroso el tramo,"Santa Ana Tlapaltitlán, Buenavista, Edo. Méx., Prolongación Albert Einstein, 14, 50016","19.302671986497007,-99.60676504225535",Santa Ana Tlapaltitlan,Buena Vista
1304,Cancelado,2025-05-26 14:02:50,2025-05-26 14:06:05,Los baches originan estancamiento vial y se vuelve peligroso el tramo,"Santa Ana Tlapaltitlán, Buenavista, Edo. Méx., Prolongación Albert Einstein, 14, 50016","19.302671986497007,-99.60676504225535",Santa Ana Tlapaltitlan,Buena Vista
1305,Cancelado,2025-05-26 14:02:50,2025-05-26 14:05:58,Los baches originan estancamiento vial y se vuelve peligroso el tramo,"Santa Ana Tlapaltitlán, Buenavista, Edo. Méx., Prolongación Albert Einstein, 14, 50016","19.302671986497007,-99.60676504225535",Santa Ana Tlapaltitlan,Buena Vista
1301,Cancelado,2025-05-26 14:02:49,2025-05-26 14:05:46,Los baches originan estancamiento vial y se vuelve peligroso el tramo,"Santa Ana Tlapaltitlán, Buenavista, Edo. Méx., Prolongación Albert Einstein, 14, 50016","19.302671986497007,-99.60676504225535",Santa Ana Tlapaltitlan,Buena Vista
1299,Cancelado,2025-05-26 14:02:48,2025-05-26 14:05:37,Los baches originan estancamiento vial y se vuelve peligroso el tramo,"Santa Ana Tlapaltitlán, Buenavista, Edo. Méx., Prolongación Albert Einstein, 14, 50016","19.302671986497007,-99.60676504225535",Santa Ana Tlapaltitlan,Buena Vista
1300,Cancelado,2025-05-26 14:02:48,2025-05-26 14:03:44,Los baches originan estancamiento vial y se vuelve peligroso el tramo,"Santa Ana Tlapaltitlán, Buenavista, Edo. Méx., Prolongación Albert Einstein, 14, 50016","19.302671986497007,-99.60676504225535",Santa Ana Tlapaltitlan,Buena Vista
1295,Resuelto,2025-05-26 12:35:20,2025-11-28 16:53:17,"Hola buen día. Por favor su apoyo en la calle Lázaro cardenas en la colonia San Juan Buenavista , Toluca. Atrás de la colonia independencia 50070.  Es un desastre esta llena de baches muy profundos que están llegando ya a los drenajes, carros abandonados en la calle y no permiten una buena circulación más los baches es terrible.  Agradecemos su ayuda ya que en estás temporadas de lluvias es aún peor y muy peligros.  Adjunto fotos Gracias","Toluca, San Juan Buenavista, Edo. Méx., Calle Lázaro Cárdenas, 113, 50060","19.29621895184104,-99.63143363276245",Independencia,San Juan Buenavista
1293,Resuelto,2025-05-26 10:32:34,2025-11-27 16:50:06,"Reporte Realizado En Calidad De Integrante Del COPACI INDEPENDENCIA, Baches Ya De Dimensión Considerable Y Ahorita En Temporada De Lluvia Van Dos Vehículos Con Accidente ",Jose María Morelos 117,"19.300816599999997,-99.63593639999999",Independencia,Independencia
1291,Resuelto,2025-05-26 10:02:51,2025-12-28 14:10:45,"para llevar a cabo la pavimentación de 150 mts de Argo por 7 mts de ancho ",Lindavista 145,"19.302963100000003,-99.6647358",Barrios Tradicionales,San Luis Obispo
1288,Cancelado,2025-05-26 08:59:51,2025-12-29 19:26:43,bache con mucho tiempo sin atender,Benito Juárez 361,"19.359168099999998,-99.6616892",San Pablo Autopan,Santa María Tlachaloyita
1287,Resuelto,2025-05-25 22:18:12,2025-05-26 13:02:05,Subiendo el distribuidor vial Ignacio Pichardo Pagaza,Calle Ignacio Rayón 713,"19.277792400000003,-99.56029009999999",,
1286,Resuelto,2025-05-25 22:17:23,2025-05-26 13:00:56,Bajando el distribuidor vial Ignacio Pichardo Pagaza,Ignacio López Rayon 345,"19.2785148,-99.55222839999999",,
1278,Resuelto,2025-05-25 17:39:49,2025-05-26 12:56:44,"5 mayo esquina Benito Juárez ","San Pedro Totoltepec, Nueva San Fancisco Totoltepec, Edo. Méx., Privada San Antonio, 34, 50226","19.308131091273314,-99.5651810918089",San Pedro Totoltepec,La Galia
1277,Resuelto,2025-05-25 17:39:48,2025-07-28 16:25:07,"5 mayo esquina Benito Juárez ","San Pedro Totoltepec, Nueva San Fancisco Totoltepec, Edo. Méx., Privada San Antonio, 34, 50226","19.308131091273314,-99.5651810918089",San Pedro Totoltepec,La Galia
1269,Resuelto,2025-05-25 09:39:51,2025-07-28 16:04:02,"Favor de Bachear Calle Tepetongo a la altura del Kinder Hernán Escalante, la carretera Ruiz Cortines y atrás de la iglesia en la salida a Calixtlahuaca, frente a la iglesia y toda la carretera a Calixtlahuaca gestión ante Junta de caminos del EDOMEX ?? GRACIAS!!",Tepetongo 28,"19.3225071,-99.71650079999999",Tecaxic,Tecaxic Poniente
1263,Resuelto,2025-05-24 22:18:02,2025-12-13 11:54:18,"Es frente a la iglesia del Carmen, toda esa parte está llena de baches en ambos sentidos","Santa María Totoltepec, El Carmén Totoltepec, Edo. Méx., Calle Miguel Hidalgo, 2, 50240","19.293627446332618,-99.59265722503902",Santa Maria Totoltepec,El Carmen Totoltepec
1259,Resuelto,2025-05-24 20:03:41,2025-05-26 11:21:44,"Entre el módulo y el canal de agua ","San Andrés Cuexcontitlán, San Andrés Cuexcontitlán Sección 3, Edo. Méx., Calle Melchor Ocampo, 39, 50200","19.354567792012805,-99.62949804246337",San Andrés Cuexcontitlán,Santa Rosa
1246,Resuelto,2025-05-24 02:10:23,2025-10-30 15:10:00,"Urge bachear col Tlacopa y meteoro ","Toluca, De Tlacopa, Edo. Méx., José Martí, 101, 50060","19.300859851058235,-99.64167174014014",La Maquinita,Tlacopa
1239,Resuelto,2025-05-23 20:00:30,2025-09-04 13:55:33,"El pavimento está cubierto de piedras, se realizó el bacheo en otros  tramos pero aún faltan otras zonas sobre Lombardo Toledano que siguen en mal estado desde el año pasado ","Santa María Totoltepec, Santa María Totoltepec, Edo. Méx., Avenida Paseo Vicente Lombardo Toledano, 400, 50200","19.308128642370328,-99.59221695523682",Santa Maria Totoltepec,Del Centro
1238,Resuelto,2025-05-23 17:59:55,2025-11-28 16:39:02,"Bacheo Y Rehabilitación Hay Zanjas ",Calle Emiliano Zapata 29,"19.297238399999998,-99.6306135",Independencia,San Juan Buenavista
1227,Cancelado,2025-05-23 12:10:40,2025-09-29 14:30:21,"Bache en la calle 6 de Agosto entre Calle Libertad Ote y Juàrez Ote muy cerca del Panteón de Capultitlán ","Capultitlán, Capultitlán, Edo. Méx., Calle Libertad, 50260","19.250996478956313,-99.65527035156562",Capultitlán,Paseos Del Valle
1226,Cancelado,2025-05-23 12:01:33,2025-12-30 12:04:06,reporte que el ESTA DIRECCIÓN HAY UN SOCAVÓN QUE ABRIERON USTEDES DESDE HACE MAS DE 25 DIAS Y NO LO HAN RRPARADO MUCHO MENOS CERRADO. OTRA HEZ LES DOY LA DIRECCIÓN GUILLERMO ROJAS ESQ JOSÉ LUIS ALAMO COL FEDERAL,Guillermo Rojas 200,"19.278226999999998,-99.6685703",Morelos,Federal (adolfo López Mateos)
1225,Resuelto,2025-05-23 11:17:57,2025-12-29 19:24:52,"pues estamos en la necesidad tanto vecinos como una servidora en requerir el apoyo para arreglar nuestra calle ya se han metido distintas peticiones en diferentes años para solicitar el arreglo de la calle y no emos tenido una respuesta positiva ",Niños Heroes 137a,"19.3596681,-99.65237379999999",San Pablo Autopan,Santa María Tlachaloyita
1223,Resuelto,2025-05-23 10:38:17,2025-06-11 10:58:25,"ocaciona mucho tráfico ya que es un acceso como via alternativa a Pacífico ",Calle General Emilio P. Campa 106,"19.260545099999998,-99.66287679999999",Ocho Cedros,Ocho Cedros I
1220,Cancelado,2025-05-23 10:01:56,2025-12-29 18:17:42,"en la calle de lago tanganica hay un bache grande que ya ha sido tapado con escombros por vecinos, aparte de seguir haciendose grande, da contaminacion visual ",General Agustín Olachea A. 1001,"19.2641362,-99.6634024",Ocho Cedros,Ocho Cedros I
1214,Resuelto,2025-05-22 23:44:33,2025-12-29 19:57:52,"Hundimiento y bacheo de la calle principal de Paseo de San Buenaventura, casu esquina calle San Guillermo, enfrente del restaurante ""El descorche""  ",Prolongación Paseo de San Buenaventura 509,"19.279875699999998,-99.67483150000001",Ciudad Universitaria,Vicente Guerrero
1201,Resuelto,2025-05-22 19:24:24,2025-12-29 19:57:26,Calle Bahia de Todos los santos Santa Ana Tlapaltitlan (entere José Ma Morelos y Josefa Ortiz de Domínguez) está calle no ha tenido mantenimiento en más de 5 años y el beneficio esperado es para más de 1000 personas que transportan al día; además de ayudar al flujo vehicular,Calle Bahía de Todos los Santos,"19.28604734444055,-99.61836931838666",Santa Ana Tlapaltitlan,Del Panteón
1199,Cancelado,2025-05-22 16:40:29,2025-12-28 15:32:12,"Calle quinta del ángel necesita ser pavimentada ya que durante las lluvias arrastra piedras por toda la calle y es difícil el tránsito para peatones y automóviles, esta entre la calle Juárez y amazonas ",Calle Quinta del Ángel,"19.250772965761012,-99.67848007332003",Capultitlán,La Soledad
1196,Resuelto,2025-05-22 14:25:55,2025-08-14 12:04:45,"Conjunto de baches que cada día están creciendo sobre un puente ","San Mateo Otzacatipan, Valle De La Hacienda Primera Sección, Edo. Méx., Calle Ignacio Zaragoza, 3, 50210","19.347531375226932,-99.60755103123542",San Mateo Otzacatipan,Rancho San José
1186,Cancelado,2025-05-22 11:14:29,2025-12-30 12:03:07,"Calle Miguel Hidalgo San Pablo Autopan ",Fray Andrés de Castro 12,"19.2915533,-99.6560875",Centro Histórico,Centro
1181,Resuelto,2025-05-22 06:25:28,2025-12-28 14:10:20,"Toda la avenida está dañada ","Santa María Totoltepec, Santa María Totoltepec, Edo. Méx., Calle Cuitláhuac, 10, 50200","19.303311814385385,-99.59150084798604",Santa Maria Totoltepec,Del Centro
1174,Cancelado,2025-05-21 21:24:15,2025-05-22 11:19:24,Esto es una prueba Mobzilla,Juan Beltrán 1c,"19.2888299,-99.6361854",San Sebastian,San Sebastián Y Vértice
1170,Cancelado,2025-05-21 20:55:10,2025-12-29 19:23:40,"la calle está intransitable, hay muchos hoyos y dañan los autos que circulan por ahí, pasa mucho camión comercial y eso deteriora la calle",Felipe Villarello 25,"19.2714616,-99.6838801",San Buenaventura,Guadalupe
1168,Cancelado,2025-05-21 20:40:40,2025-05-22 11:19:33,"Esto es una prueba Mobzilla ",Avenida Benito Juárez Garcia Sur Sur 507,"19.283553599999998,-99.654257",Centro Histórico,Francisco Murguía (el Ranchito)
1165,Resuelto,2025-05-21 20:26:58,2025-05-22 11:29:02,,"San Mateo Oxtotitlán, Ejido Altamirano, Edo. Méx., Privada Agustín Melgar, 50100","19.305665790648227,-99.69987873025269",San Mateo Oxtotitlan,Niños Héroes Ii
1160,Resuelto,2025-05-21 17:54:03,2025-10-30 11:34:41,"base de taxis ",Avenida Adolfo Ruiz Cortinez 109,"19.3249961,-99.7167054",Tecaxic,Tecaxic Poniente
1157,Resuelto,2025-05-21 16:43:00,2025-10-29 18:30:59,entre Paseo Matlazincas y Ramón G.del Villar,Calle Texcoco 1135,"19.2924804,-99.6749523",Sánchez,Electricistas Locales
1155,Cancelado,2025-05-21 15:23:54,2025-05-21 15:45:21,"La calle se encuentra en pésimas condiciones derivado de las lluvias y tráfico pesado se han hecho muy profundos los baches, lo cual hace imposible pasar y menos en hora pico, espero que en verdad puedan solucionarlo lo antes posible lleva más de un año esta situación ","San Pablo Autopan, San Pablo Autopan, Edo. Méx., Calle Independencia, 111, 50290","19.359509874829183,-99.66033410424959",San Pablo Autopan,Santa María Tlachaloyita
1153,Resuelto,2025-05-21 15:23:22,2025-12-13 11:45:36,"La calle se encuentra en pésimas condiciones derivado de las lluvias y tráfico pesado se han hecho muy profundos los baches, lo cual hace imposible pasar y menos en hora pico, espero que en verdad puedan solucionarlo lo antes posible lleva más de un año esta situación ","San Pablo Autopan, San Pablo Autopan, Edo. Méx., Calle Independencia, 111, 50290","19.359509874829183,-99.66033410424959",San Pablo Autopan,Santa María Tlachaloyita
1150,Cancelado,2025-05-21 15:23:21,2025-05-21 15:46:28,"La calle se encuentra en pésimas condiciones derivado de las lluvias y tráfico pesado se han hecho muy profundos los baches, lo cual hace imposible pasar y menos en hora pico, espero que en verdad puedan solucionarlo lo antes posible lleva más de un año esta situación ","San Pablo Autopan, San Pablo Autopan, Edo. Méx., Calle Independencia, 111, 50290","19.359509874829183,-99.66033410424959",San Pablo Autopan,Santa María Tlachaloyita
1151,Cancelado,2025-05-21 15:23:21,2025-05-21 15:44:50,"La calle se encuentra en pésimas condiciones derivado de las lluvias y tráfico pesado se han hecho muy profundos los baches, lo cual hace imposible pasar y menos en hora pico, espero que en verdad puedan solucionarlo lo antes posible lleva más de un año esta situación ","San Pablo Autopan, San Pablo Autopan, Edo. Méx., Calle Independencia, 111, 50290","19.359509874829183,-99.66033410424959",San Pablo Autopan,Santa María Tlachaloyita
1152,Cancelado,2025-05-21 15:23:21,2025-05-21 15:46:17,"La calle se encuentra en pésimas condiciones derivado de las lluvias y tráfico pesado se han hecho muy profundos los baches, lo cual hace imposible pasar y menos en hora pico, espero que en verdad puedan solucionarlo lo antes posible lleva más de un año esta situación ","San Pablo Autopan, San Pablo Autopan, Edo. Méx., Calle Independencia, 111, 50290","19.359509874829183,-99.66033410424959",San Pablo Autopan,Santa María Tlachaloyita
1145,Cancelado,2025-05-21 15:23:20,2025-05-21 15:46:36,"La calle se encuentra en pésimas condiciones derivado de las lluvias y tráfico pesado se han hecho muy profundos los baches, lo cual hace imposible pasar y menos en hora pico, espero que en verdad puedan solucionarlo lo antes posible lleva más de un año esta situación ","San Pablo Autopan, San Pablo Autopan, Edo. Méx., Calle Independencia, 111, 50290","19.359509874829183,-99.66033410424959",San Pablo Autopan,Santa María Tlachaloyita
1146,Resuelto,2025-05-21 15:23:20,2025-05-27 18:43:30,"La calle se encuentra en pésimas condiciones derivado de las lluvias y tráfico pesado se han hecho muy profundos los baches, lo cual hace imposible pasar y menos en hora pico, espero que en verdad puedan solucionarlo lo antes posible lleva más de un año esta situación ","San Pablo Autopan, San Pablo Autopan, Edo. Méx., Calle Independencia, 111, 50290","19.359509874829183,-99.66033410424959",San Pablo Autopan,Santa María Tlachaloyita
1147,Resuelto,2025-05-21 15:23:20,2025-05-27 18:44:27,"La calle se encuentra en pésimas condiciones derivado de las lluvias y tráfico pesado se han hecho muy profundos los baches, lo cual hace imposible pasar y menos en hora pico, espero que en verdad puedan solucionarlo lo antes posible lleva más de un año esta situación ","San Pablo Autopan, San Pablo Autopan, Edo. Méx., Calle Independencia, 111, 50290","19.359509874829183,-99.66033410424959",San Pablo Autopan,Santa María Tlachaloyita
1148,Cancelado,2025-05-21 15:23:20,2025-05-21 15:47:14,"La calle se encuentra en pésimas condiciones derivado de las lluvias y tráfico pesado se han hecho muy profundos los baches, lo cual hace imposible pasar y menos en hora pico, espero que en verdad puedan solucionarlo lo antes posible lleva más de un año esta situación ","San Pablo Autopan, San Pablo Autopan, Edo. Méx., Calle Independencia, 111, 50290","19.359509874829183,-99.66033410424959",San Pablo Autopan,Santa María Tlachaloyita
1149,Cancelado,2025-05-21 15:23:20,2025-05-21 15:46:59,"La calle se encuentra en pésimas condiciones derivado de las lluvias y tráfico pesado se han hecho muy profundos los baches, lo cual hace imposible pasar y menos en hora pico, espero que en verdad puedan solucionarlo lo antes posible lleva más de un año esta situación ","San Pablo Autopan, San Pablo Autopan, Edo. Méx., Calle Independencia, 111, 50290","19.359509874829183,-99.66033410424959",San Pablo Autopan,Santa María Tlachaloyita
1143,Resuelto,2025-05-21 15:21:44,2025-12-23 10:46:09,Se solicita reencarpetamiento de calle,"Crespa Floresta, Paseos De Toluca, Edo. Méx., Prolongación Paseo Totoltepec, 91, 50200","19.31200790386951,-99.58587564090386",Santa María Totoltepec,Arboledas
1142,Resuelto,2025-05-21 15:17:38,2025-10-29 18:42:51,"el numero correcto es 117, solicito apoyo para repavimentación y/o bacheo, de toda la calle a lo largo hay más de  5 hoyos que los vecinos hemos cubierto con lo que se tiene a la mano, pero el tránsito en esta calle aumenta considerablemente cuando hay eventos en el Nemesio Diez y a ocasionado el deterioro de la misma ",José Ma. Coss 119,"19.283744499999997,-99.6713992",Morelos,Morelos Primera Sección
1137,Resuelto,2025-05-21 13:25:47,2025-10-02 16:52:36,Se requiere mantenimiento a una calle paralela a pase tollocan y que apoya al flujo de vehículos. Benefició para aproximadamente 1500 habitantes,Calle Bahía de Todos los Santos 129,"19.28607530673184,-99.6188034804667",Santa Ana Tlapaltitlan,Del Panteón
1133,Cancelado,2025-05-21 11:12:18,2025-12-29 17:28:03,hace más de 20 días vinieron a abrir un socavón y no lo han reparado y menos cerrado,Guillermo Rojas 200,"19.278226999999998,-99.6685703",Morelos,Federal (adolfo López Mateos)
1130,Resuelto,2025-05-21 08:51:02,2025-10-29 19:08:28,"Es calle independencia son varios tramos que están con baches, algunos ya parace terracería","Toluca de Lerdo, Cacalomacan, Edo. Méx., Calle Independencia, 50255","19.25123925074951,-99.712890924643",Cacalomacan,Sagrado Corazón
1129,Resuelto,2025-05-21 08:44:12,2025-12-28 14:09:28,"Con las lluvias son más visibles los daños en el asfalto ","San Nicolás Tolentino, San Nicolas Tolentino Otzacatipan, Edo. Méx., Calle Venustiano Carranza, 50230","19.34824660416424,-99.58067104628999",San Mateo Otzacatipan,San Nicolás Tolentino I
1128,Resuelto,2025-05-21 08:15:34,2025-11-27 16:55:35,muchos baches y daños en pavimento urgente reparar,Ejército Trigarante 470,"19.297849799999998,-99.63559219999999",Independencia,Independencia
1124,Resuelto,2025-05-21 07:21:42,2025-10-02 09:28:57,nuevamente un bache sobre la calle de Morelos igual ya tiene demasiado tiempo y nunca ha sido tendido y ahora vamos a hacer pastel y yo ya les voy a hacer una lista grande todos los baches que me encuentre por todo mi camino cuando salgo a caminar va a correr,Avenida J. M. Morelos Y P. 938,"19.288044499999998,-99.6636944",Centro Histórico,La Merced (alameda)
1123,Resuelto,2025-05-21 07:00:45,2025-12-29 19:57:01,igual este bache también lo veo todos los días y nadie hace nada su apoyo para que lo parchen pero un parche bien hecho,Avenida Miguel Hidalgo 1037,"19.289009399999998,-99.6715076",Ciudad Universitaria,San Bernardino
1122,Resuelto,2025-05-21 06:57:42,2025-12-29 19:56:31,también estaba Che ya lleva mucho tiempo y detiene mucho el tráfico puede provocar un accidente,Fray Andrés de Castro 10122,"19.289697,-99.6692157",Ciudad Universitaria,San Bernardino
1118,Cancelado,2025-05-21 02:40:52,2025-12-29 18:29:16,"costado de General Motors , calle Alfonso Gomez de Orozco, San Juan Buenavista (la aplicación no deja subir testigo)",Calle Industria Minera 12,"19.301518899999998,-99.62360489999999",San Lorenzo Tepaltitlan,El Mogote
1113,Resuelto,2025-05-20 22:54:08,2025-10-29 15:19:06,"Existe un bache profundo frente a la tienda, con vehículos estacionados frente al negocio es peligroso esquivarlo",José Antonio Albarrán 536,"19.2608179,-99.64976329999999",Del Parque,Del Parque Ii
1110,Resuelto,2025-05-20 22:23:38,2025-12-22 12:47:44,,General Porfirio Díaz 320,"19.272582699999997,-99.6508571",Universidad,Universidad
1109,Resuelto,2025-05-20 22:19:21,2025-11-27 16:40:02,Toda la calle de Avenida del trabajo se encuentra en malas condiciones,"Toluca, La Magdalena, Edo. Méx., Calle Primero de Mayo, 129, 50010","19.31126478498459,-99.63978600407755",La Maquinita,"Guadalupe, Club Jardín Y La Magdalena"
1099,Resuelto,2025-05-20 19:00:40,2025-10-20 14:13:39,"bacheo en Ka salida de la colonia ya que hay baches muy grandes y por eso se junta tráfico ",Calle Laguna de 7 Colores 229B,"19.287105300000004,-99.6854986",Nueva Oxtotitlán,Nueva Oxtotitlán Ii
1096,Cancelado,2025-05-20 18:45:06,2025-12-29 19:21:19,"Calle principal de circulación que presenta riesgos para transeúntes por falta de pavimentación ocasionada por las lluvias que arrastran piedras a lo largo de la calle  ",Calle Quinta del Ángel,"19.250818274026734,-99.67859609401033",Capultitlán,La Soledad
1092,Resuelto,2025-05-20 17:36:27,2025-10-29 18:37:04,"se requiere bacheo de la calle y atención a una coladera que se encuentra a mitad de calle ",José Ma. Coss 113,"19.283979,-99.6714556",Morelos,Morelos Primera Sección
1090,Resuelto,2025-05-20 17:13:09,2025-12-30 12:02:08,"Hace unas semanas abrieron la calle, al parecer para introducir algún drenaje o línea de agua y al pasar de los días se ha ido socavando un bache. Solicito atentamente su reparación,  ","Toluca, De La Merced, Edo. Méx., Calle Corregidor Gutiérrez, 101A, 50080","19.287494378561256,-99.66039533874788",Centro Histórico,La Merced (alameda)
1088,Resuelto,2025-05-20 15:49:27,2025-12-29 19:52:02,Hay un bache que sigue creciendo bastante,Pedro Moreno 122,"19.285793299999998,-99.6721584",Ciudad Universitaria,San Bernardino
1087,Resuelto,2025-05-20 13:24:43,2025-12-29 19:51:26,"baches ",Francisco Javier Mina 218,"19.3152568,-99.58915669999999",San Mateo Otzacatipan,La Floresta
1086,Resuelto,2025-05-20 13:24:15,2025-12-29 19:51:02,baches,Calle Mariano Matamoros 1422,"19.3146467,-99.5874137",San Mateo Otzacatipan,La Floresta
1085,Cancelado,2025-05-20 13:23:15,2025-09-26 12:20:32,"urge bacheo ",Fray Servando Teresa de Mier 20,"19.3151008,-99.5881887",San Mateo Otzacatipan,La Floresta
1082,Resuelto,2025-05-20 09:12:07,2025-12-29 19:50:08,"bacheo desde la Toluca Naucalpan a Miguel Hidalgo ",Paseo de La Reforma 216,"19.3598942,-99.5745058",San Mateo Otzacatipan,San Nicolás Tolentino Ii
1065,Resuelto,2025-05-19 22:15:37,2025-12-29 19:49:09,"Justo ahí tenemos un vecino que renta maquinaria pesada y se apoya sobre el asfalto y lo rompe actualmente por lluvias se hace más baches está entre independencia y Benito Juárez. Esta calle sirve para conectar a Boulevard aeropuerto con la carretera a Naucalpan  ","San Nicolás Tolentino, San Nicolas Tolentino Otzacatipan, Edo. Méx., Calle Venustiano Carranza, 50230","19.34837953365889,-99.58080557456799",San Mateo Otzacatipan,San Nicolás Tolentino I
1060,Resuelto,2025-05-19 22:01:33,2025-11-05 11:30:22,"Toda la Calle de Pensador Mexicano hacia la calle Guadalupe se encuentra en muy mal estado , urge reencarpetamiento , gracias.",Guadalupe 222,"19.2697962,-99.6909541",San Buenaventura,Pensador Mexicano
1057,Resuelto,2025-05-19 21:42:18,2025-12-29 19:20:12,"bacheo y pequeños tramos de mapeo en la calle niños héroes, barrio de la crespa, san Mateo Otzacatipan. Y bacheo y mapeo en la calle prolongación Vicente Guerrero, barrio de la Candelaria, San Mateo Otzacatipan. mencionar que ya hice la misma petición hace ya dos meses a través de la página oficial del ayuntamiento de Toluca, pero no ha habido respuesta, gracias.",Fray Servando Teresa de Mier 83,"19.3223842,-99.5998561",San Mateo Otzacatipan,Oriente Ii
1039,Resuelto,2025-05-19 17:53:35,2025-11-27 11:21:22,Referencia Farmacia y Recauderia,Calle Primero de Mayo 425,"19.254338999999998,-99.6680327",Capultitlán,Guadalupe
1021,Resuelto,2025-05-19 12:14:44,2025-10-30 14:41:02,Todas las calles  de Tlacopa están llenas de hoyos,"Toluca, De Tlacopa, Edo. Méx., Calle de la Barranca, 124, 50010","19.303330290351166,-99.64038153409112",La Maquinita,Tlacopa
1019,Resuelto,2025-05-19 11:46:31,2025-07-28 16:46:15,"se presenta un bache que ya tiene más de dos años sin atención, fue reportado en redes sociales del municipio "," 016","19.290778,-99.6459917",Centro Histórico,Santa Clara
1018,Resuelto,2025-05-19 11:44:28,2025-09-04 16:12:19,necesita reencarpetamiento ya que con el bacheo ha quedado muy deteriorada la calle,Manuel Buendía Tellez Girón 104,"19.3526678,-99.6434986",San Pablo Autopan,Pueblo Nuevo Ii
1010,Resuelto,2025-05-18 22:18:52,2025-10-30 11:32:38,,"San Pablo Autopan, San Pablo Autopan, Edo. Méx., Calle Leona Vicario, 50294","19.35352763537267,-99.63821682671988",San Pablo Autopan,Pueblo Nuevo I
1009,Resuelto,2025-05-18 22:00:06,2025-11-28 16:41:13,"Bache horrible que va de lado a lado de la calle ","Toluca, San Juan Buenavista, Edo. Méx., Calle Francisco Villa, 120, 50060","19.296759558457328,-99.62920158078342",Independencia,San Juan Buenavista
1006,Resuelto,2025-05-18 18:54:19,2025-12-30 12:01:34,"Baches grandes en la calle 23 de septiembre antes de llegar a Gómez Farías. ",Calle 23 de Septiembre 402,"19.284676299999997,-99.66709139999999",Morelos,Morelos Primera Sección
1004,Resuelto,2025-05-18 18:52:09,2025-10-27 12:20:03,"Hay un bache que se está haciendo casa vez más grande y profundo en la esquina de Manuel Herrera y José María Coss ",José Ma. Coss 102,"19.2843997,-99.6716076",Morelos,Morelos Primera Sección
1003,Resuelto,2025-05-18 16:08:05,2025-11-21 13:29:37,Bacheo,"Sauces, Paseos Santin, Edo. Méx., Calle Rodolfo Gaolia, 50214","19.36961178659171,-99.5838770211226",Sauces,Villas Santín I
1002,Cancelado,2025-05-18 16:07:41,2025-05-20 09:25:09,Bacheo,"Sauces, Paseos Santin, Edo. Méx., Calle Rodolfo Gaolia, 50214","19.36961178659171,-99.5838770211226",Sauces,Villas Santín I
994,Resuelto,2025-05-18 14:04:58,2025-07-28 18:07:54,Bache profundo. Frente paleteria el Paricutín 2,"Sauces, Conjunto U Los Sauces I, Edo. Méx., Calle de los Eucaliptos, 63, 50210","19.353969879605284,-99.59456031174187",Sauces,Sauces I
991,Resuelto,2025-05-18 11:37:14,2025-12-29 19:48:26,,Calle Fray Andres de Castro 32,"19.2918442,-99.58247539999999",Santa Maria Totoltepec,Héroes
990,Resuelto,2025-05-18 10:59:48,2025-07-28 17:55:46,"Hola! Buen día, estamos pidiendo bacheo de la calle Nuevo México, en la delegación de San Felipe tlalmimilolpan. Desde la altura del fraccionamiento Hacienda Vista Hermosa hasta la altura de la iglesia principal. Muchas gracias por su atención! ","San Felipe Tlalmimilolpan, San Felipe Tlalmimilolpan, Edo. Méx., Avenida Nuevo México, 50254","19.234562707363743,-99.64636765433865",San Felipe Tlalmimilolpan,Del Panteón
989,Resuelto,2025-05-18 06:29:09,2025-05-20 09:38:55,,Paseo Vicente Lombardo Toledano 438,"19.3087427,-99.5874681",Santa Maria Totoltepec,Del Centro
988,Resuelto,2025-05-18 06:26:11,2025-10-30 11:31:55,"Fraccionamiento Misiones de Santa Esperanza ",Arqueólogos 211B,"19.3111466,-99.5933993",Santa María Totoltepec,Arboledas
986,Cancelado,2025-05-17 16:54:02,2025-12-29 19:19:10,Entre calle gral Eduardo Hernández Chaparro y gral Juan Andrew,"Toluca, 8 Cedros, Edo. Méx., Calle Lago Omega, 50170","19.264283151720843,-99.67275353569795",Ocho Cedros,"Ocho Cedros, Segunda Sección"
983,Cancelado,2025-05-17 16:29:39,2025-12-29 19:18:22,"Solicitamos la pavimentación de la calle, debido a cuestiones sanitarias ya que utilizan la calle de basurero siendo que viven familias y nos ponen en riesgo ","Toluca, 8 Cedros, Edo. Méx., Calle Lago Omega, 50170","19.264039297863462,-99.67274807959207",Ocho Cedros,"Ocho Cedros, Segunda Sección"
978,Resuelto,2025-05-17 12:07:59,2025-10-27 12:21:25,varios baches por arreglar,José Ma. Coss 102,"19.2843997,-99.6716076",Morelos,Morelos Primera Sección
974,Cancelado,2025-05-17 10:27:57,2025-05-20 10:11:50,"Hay varios hoyos en esta calle y cada vez son más grandes, ya tienen más de un año!","Toluca, Federal, Edo. Méx., Calle Felipe Villanueva, 914, 50120","19.277788969040575,-99.66573235816097",Morelos,Morelos Segunda Sección
975,Resuelto,2025-05-17 10:27:57,2025-10-20 13:59:32,"Hay varios hoyos en esta calle y cada vez son más grandes, ya tienen más de un año!","Toluca, Federal, Edo. Méx., Calle Felipe Villanueva, 914, 50120","19.277788969040575,-99.66573235816097",Morelos,Morelos Segunda Sección
966,Cancelado,2025-05-16 21:48:01,2025-12-29 17:27:23,"Coladera que se está hundiendo por una fisura, por ser más que transitada la calle se va generando mayor problema. Favor de programar para acudir a reparación. De antemano gracias por el apoyo.",Fernando Quiroz 411,"19.2793208,-99.66608939999999",Morelos,Federal (adolfo López Mateos)
965,Cancelado,2025-05-16 21:12:46,2025-10-02 10:19:28,,"Toluca, Francisco Murguia, Edo. Méx., Calle Hermenegildo Galeana, 411, 50130","19.28463526534415,-99.65683899074703",Centro Histórico,Francisco Murguía (el Ranchito)
964,Resuelto,2025-05-16 21:10:34,2025-11-21 14:37:38,Esta El Kinder Mixcoac,Silverio Pérez 177,"19.370767999999998,-99.5840275",Sauces,Villas Santín I
960,Cancelado,2025-05-16 17:20:20,2025-12-29 17:26:56,"Posible socavón en la calle, aunque se ha tratado de rellenar se sigue hundiendo la zona.","Toluca, Seminario, Edo. Méx., Calle Lago del Sol, 504, 50170","19.26783586212629,-99.68022700364651",Seminario 2 De Marzo,Seminario Cuarta Sección I
952,Resuelto,2025-05-16 15:13:40,2025-10-28 11:11:33,"bacheo en calle Aztlan desde calzada san Luis Obispo a paseo matlazincas, siendo un aproximado de 50 baches",Aztlán 103,"19.3001832,-99.6602916",Barrios Tradicionales,Unión
951,Cancelado,2025-05-16 15:10:30,2025-12-29 17:20:01,"bacheo en calle calz san Luis Obispo frente al No. 308 Colonia unión ",Andador de San Luis Obispo 310,"19.3005559,-99.65976289999999",Barrios Tradicionales,Unión
933,Resuelto,2025-05-16 07:23:19,2025-12-29 19:47:50,Bache En La Esquina De Felipe Villanueva Y Miguel Hidalgo Col Merced,Avenida Miguel Hidalgo 786,"19.2900337,-99.66571719999999",Ciudad Universitaria,San Bernardino
931,Resuelto,2025-05-15 23:17:12,2025-10-29 15:26:43,Parque 18 de marzo,"Toluca, Del Parque, Edo. Méx., Calle General Porfirio Díaz, 405, 50180","19.26455490488282,-99.6513223524051",Del Parque,Del Parque Ii
926,Resuelto,2025-05-15 17:16:48,2025-10-20 14:08:26,"a la salida a la vialidad Adolfo looesateos enfrente de la farmacia similares ya que es una callé principal de la colonia siendo salida de la colonia y pueblos aledaños ",Calle Laguna de 7 Colores 231,"19.2872344,-99.685992",Nueva Oxtotitlán,Nueva Oxtotitlán Ii
922,Resuelto,2025-05-15 15:09:52,2025-07-28 16:53:05,urge el rebacheo sobre calle Benito Juarez,Benito Juárez C1,"19.309295199999998,-99.5625158",San Pedro Totoltepec,La Galia
917,Resuelto,2025-05-15 11:47:09,2025-09-04 12:26:26,"toda esta calle desde el bodega aurrera esta en mal estado, pero este tramo de esa cuadra que señale, esta totalmente destruido, ya no tiene pavimento ya es completamente terraceria y año con año se hace la peticion ante las autoridades competentes pero nadie hace caso. nos tienen olvidados.",Calle Prolongación Paseo Totoltepec 5,"19.3116116,-99.58582949999999",Santa María Totoltepec,Arboledas
915,Resuelto,2025-05-15 10:15:32,2025-09-04 13:49:52,"Graves daños en pavimento, causa tránsito lento, y daños graves a los vehículos. ",Paseo Vicente Lombardo Toledano 484,"19.3079478,-99.592632",San Mateo Otzacatipan,Vicente Lombardo
914,Resuelto,2025-05-15 10:12:12,2025-12-05 14:39:30,Baches amplios que abarcan los dos carriles,"Sauces, Paseos Santin, Edo. Méx., Calle Silverio Pérez, 162, 50214","19.37095947040885,-99.58312823479915",Sauces,Villas Santín I
913,Resuelto,2025-05-15 10:08:26,2025-12-04 13:06:17,Bache profundo,"Sauces, Paseos Santin, Edo. Méx., Calle Carlos Arruza, 221A, 50214","19.369076863264652,-99.5859727852295",Sauces,Villas Santín I
910,Resuelto,2025-05-15 07:30:04,2025-10-28 11:39:59,"Conjunto De Baches De Aproximadamente 20 Metros Pd: No Me Permite Adjuntar Evidencia Fotográfica ",Noche Buena 104L,"19.2484958,-99.6332759",Metropolitana,Las Margaritas
906,Resuelto,2025-05-14 20:56:28,2025-12-13 10:49:14,"se requiere bacheo en todo el tramo de la calle aztecas, desde Eduardo Mendieta hasta paseo matlazincas, colonia unión ",Aztecas 345,"19.298382999999998,-99.6621179",Barrios Tradicionales,Unión
897,Resuelto,2025-05-14 17:05:22,2025-12-13 10:47:26,"Las 4 calles que conforman bosques de Colon, tienen más de 20 años si no es que más, que no se le ha pasado a  reencapetar o darle mantenimiento a las calles, ya están muy determinadas, sobre todo en la calle de pinos y encinos ","Capultitlán, Bosques De Colon, Edo. Méx., 50260","19.25501897326456,-99.6575233815109",Capultitlán,San Isidro Labrador
887,Cancelado,2025-05-14 16:24:18,2025-12-29 17:26:22,"pavimentación avenida del trabajo delegación la  MAQUINITA ",Salvador Alvarado 204,"19.3116047,-99.6385495",La Maquinita,"Guadalupe, Club Jardín Y La Magdalena"
877,Resuelto,2025-05-14 15:30:38,2025-06-10 11:09:34,"en la calle Melchor Muzquizse solicita el bacheo de toda la calle está  con abundantes bachasy más por  el frente la escuela Margarita Masa  de Juárez es una calle donde todos las mañanas trancitan niños y papás la calle tiene muchos baches por eso solicitamos el bacheo gracias ",Melchor Múzquiz 502,"19.281322300000003,-99.6343084",San Sebastian,Salvador Sánchez Colín
875,Resuelto,2025-05-14 12:00:30,2025-07-28 15:44:47,"Bacheo la calle está muy deteriorada tenemos ya bastante tiempo con la calle así de dañada y cada ves se hace más baches  ","San Marcos Yachihuacaltepec, San Marcos Yachihuacaltepec, Edo. Méx., Calle Miguel Hidalgo y Costilla, 355, 50280","19.32301072658895,-99.6737453708865",San Marcos Yachihuacaltepec,Norte
874,Resuelto,2025-05-14 11:36:29,2025-10-30 11:31:36,"bache antes y después del tope casi frente al OXXO sobre 5 de mayo dirección a las torres ",Calle Prolongación 5 de Mayo 2 Oriente 906,"19.27598,-99.63586149999999",San Sebastian,Valle Don Camilo
868,Resuelto,2025-05-14 07:03:17,2025-11-27 16:49:16,"existen varios oyos en esta zona que cada vez están más grandes requieren reparación ",Toluca Lerma 105,"19.3022225,-99.63745879999999",Independencia,Independencia
867,Resuelto,2025-05-14 07:02:02,2025-11-27 16:51:52,"hay un oyó que no han cerrado requiere urgente reparación ",Calle Ruta de la Independencia 709,"19.299816099999997,-99.63409759999999",Independencia,Independencia
861,Resuelto,2025-05-13 22:04:46,2025-11-21 13:01:21,solicito el reencarpetamiento de la calle San Pedro de la delegación sauces,San Pedro 300,"19.3723508,-99.58459599999999",Sauces,Villas Santín I
860,Resuelto,2025-05-13 22:03:59,2025-11-21 14:32:03,solicito el reencarpetamiento de la calle Silverio Pérez de la delegación sauces,Silverio Pérez 177,"19.370767999999998,-99.5840275",Sauces,Villas Santín I
859,Resuelto,2025-05-13 22:03:37,2025-11-21 13:30:49,solicito el reencarpetamiento de la calle Rodolfo Gaona de la delegación sauces,Rodolfo Gaona 34,"19.3699112,-99.5837608",Sauces,Villas Santín I
858,Resuelto,2025-05-13 22:03:14,2025-12-05 14:47:35,"solicito el reencarpetamiento de la calle Carlos Arruza de la delegación sauces ",Carlos Arruza 119,"19.371362299999998,-99.5845329",Sauces,Villas Santín I
849,Cancelado,2025-05-13 17:55:27,2025-05-13 18:10:17,,Agustín Melgar 612,"19.305874199999998,-99.68705039999999",San Mateo Oxtotitlan,Niños Héroes I
837,Resuelto,2025-05-13 15:26:54,2025-12-29 19:47:18,"Hay un tramo frente al IPEFH como de 200 que está en pésimas condiciones, urgen trabajos de bacheo ","San Cristóbal Huichochitlán, La Concepción, Edo. Méx., Calle Ricardo Flores Magón, 14, 50210","19.339374796132617,-99.6126969057642",San Mateo Otzacatipan,Santa Cruz Otzacatipan
835,Resuelto,2025-05-13 14:56:23,2025-12-03 11:23:35,"La calle lago de San Andrés casi llegando a lago de Sayula está en pésimo estado, los baches cada día están más grandes, lo que causan daños a las unidades debido al paso diario y constante por esa vía ","Toluca, Seminario, Edo. Méx., Lago de Sayula, 436–438, 50170","19.273301576922144,-99.67499851688007",Seminario Conciliar,Seminario El Parque
834,Cancelado,2025-05-13 14:44:52,2025-10-07 13:21:09,"no hay pavimento en está colonia algunos le decimos la Soledad,y otros El pacífico, son varías calles y falta tapar baches en la calle caminó viejo ",Calle Benito Juárez 4,"19.2501308,-99.6777101",Capultitlán,La Soledad
832,Resuelto,2025-05-13 13:40:20,2025-12-29 19:46:40,"Buenas tardes, me gustaría reportar esta calle que ya cuenta con muchísimos baches, ya es imposible pasar hasta con bicicleta espero contar con una respuesta favorable sin mas por el momento muchas gracias. ",Cerrada de Ignacio Allende 425,"19.3080039,-99.5702379",San Pedro Totoltepec,Del Centro
825,Resuelto,2025-05-13 10:01:31,2025-09-04 12:16:14,"Es imposible pasar ","Crespa Floresta, Conjunto U Armando N Chavez, Edo. Méx., Prolongación Paseo Totoltepec, 91, 50200","19.31172163732445,-99.58583725631502",Santa María Totoltepec,Arboledas
820,Resuelto,2025-05-13 07:12:29,2025-10-29 19:02:55,hay un bache desde hace varios años justo en este punto.,Natalia Carrasco 203,"19.2785168,-99.66683139999999",Morelos,Federal (adolfo López Mateos)
819,Resuelto,2025-05-12 22:24:56,2025-11-06 14:24:08,"Toda la calle en muy mal estado, entre Isidro Fabela y Presa de la amistad, mas de 100 baches",Diana Laura Riojas 1126,"19.2772964,-99.64032669999999",San Sebastian,Valle Verde Y Terminal
808,Cancelado,2025-05-12 17:37:40,2025-12-29 17:18:59,"calle en mal estado que causa malestar a transeúntes y daños vehiculares ",Cristóbal Colón 202,"19.267527899999997,-99.69223649999999",San Buenaventura,Insurgentes
805,Resuelto,2025-05-12 17:04:29,2025-07-28 18:03:25,Rehabilitación corredor de las Yucas,"Sauces, Conjunto U Los Sauces IV, Edo. Méx., Corredor de las Yucas, 50210","19.360410992602883,-99.59197955844279",Sauces,Sauces Iii
804,Resuelto,2025-05-12 17:04:26,2025-07-28 18:01:59,Rehabilitación corredor de las Yucas,"Sauces, Conjunto U Los Sauces IV, Edo. Méx., Corredor de las Yucas, 50210","19.360410992602883,-99.59197955844279",Sauces,Sauces Iii
803,Resuelto,2025-05-12 17:00:38,2025-07-28 18:00:59,,"Sauces, Conjunto U Los Sauces IV, Edo. Méx., Corredor de las Yucas, 50210","19.36064984820583,-99.59240914986265",Sauces,Sauces Iv
800,Resuelto,2025-05-12 16:06:33,2025-10-30 11:31:02,"En la Calle Comonfort con esquina en Paseo Tollocan, abajo del puente en el carril con dirección a Comonfort hay un hoyo grande, esto impide que los autos pasen adecuadamente en un carril. ","Santa Ana Tlapaltitlán, Buenavista, Edo. Méx., Avenida Paseo Tollocan, 50168","19.28741065680441,-99.6105477895888",Santa Ana Tlapaltitlan,Santa María Norte
798,Resuelto,2025-05-12 15:38:18,2025-10-02 09:47:42,"La calle Guadalupe Victoria necesita pavimentación y reparaciones. Desde la tienda Los Ángeles a los arcos del Fraccionamiento San Diego Linares. Tambien las calles ""Toluca y Lerma"" called en el fraccionamiento de San Diego Linares. ",Amanalco 31,"19.3808915,-99.6397638",San Pablo Autopan,San Diego
795,Cancelado,2025-05-12 14:28:28,2025-09-25 15:02:52,Las Calles de la comunidad se encuentran en muy mal estado y ya inició la temporada de lluvias lo cual va a empeorar las calles de Tecaxic.,"Toluca de Lerdo, Edo. Méx., Calle Miguel Hidalgo, 50270","19.322408351898744,-99.70965545653355",Tecaxic,Tecaxic Oriente
784,Resuelto,2025-05-12 10:21:16,2025-05-20 12:25:31,"hay muchisimos baches y camino disparejo en estos puentes, ambos sentidos. Literal tiene asi mas de un año. Agradeceriamos su ayuda para solucionarlo. Principalmente hay un bache grande sobre el puente en sentido hacia el rastro de Toluca, justo en la interseccion de Lopez portillo con Alfredo del mazo (sobre el puente). Gracias",Via José López Portillo 8,"19.312922699999998,-99.6351681",San Lorenzo Tepaltitlan,El Mogote
775,Resuelto,2025-05-12 08:44:56,2025-05-20 12:24:08,"Distribuidor vial Alfredo del Mazo urge un bacheo, y acomodo de topes ya que se encuentran muy profundos. Urge totalmente la reparación del pavimento ","Santa Cruz Atzcapotzaltongo, La Magdalena, Edo. Méx., Boulevard Alfredo del Mazo Velez, 50010","19.313132574044904,-99.63623962963749",Santa Cruz Atzcapotzaltongo,Ex Hacienda La Magdalena (barrio San Juan De La Cruz)
774,Cancelado,2025-05-12 08:43:07,2025-10-03 07:05:33,"Calle totalmente obstaculizada por baches, urge su reparación","Toluca, Francisco Murguia, Edo. Méx., Calle José María Arteaga, 50130","19.28258718502781,-99.65570000000001",Centro Histórico,Francisco Murguía (el Ranchito)
771,Resuelto,2025-05-12 08:12:25,2025-09-04 12:20:41,"es una calle en malas condiciones de plano no se puede circular ",Calle Prolongación Paseo Totoltepec 5,"19.3116116,-99.58582949999999",Santa María Totoltepec,Arboledas
770,Resuelto,2025-05-12 07:31:15,2025-12-12 13:27:58,Entre Constituyentes y Gómez Farias,Melchor Y. Ortega 117,"19.2856476,-99.6702724",Ciudad Universitaria,San Bernardino
766,Resuelto,2025-05-12 00:11:29,2025-05-20 12:22:16,Toda La Lateral De La Carretera Toluca Naucalpan Esta Destrozada Con Múltiples Baches," México","19.3698364,-99.55990849999999",San Pedro Totoltepec,San Blas
764,Resuelto,2025-05-11 21:56:55,2025-12-13 10:45:40,"está muy abandonada esa calle tiene muchos baches ",Calle Juan Escutia 420,"19.3010906,-99.6922524",San Mateo Oxtotitlan,Centro
762,Resuelto,2025-05-11 21:03:31,2025-12-13 10:42:02,"Calle Principal de Acceso Al Fraccionamiento Los Héroes ",Naranjos 2469,"19.2897975,-99.5828768",Santa Maria Totoltepec,Coecillo
757,Resuelto,2025-05-11 20:10:53,2025-12-12 12:59:12,"toda la calle, desde Morelos hasta av constituyentes",Motolinía 306,"19.2870547,-99.67012779999999",Ciudad Universitaria,San Bernardino
756,Resuelto,2025-05-11 20:09:45,2025-12-29 19:46:01,"sobre motolinia, casi esquina av Morelos.",Avenida J. M. Morelos Y P. 1316,"19.287923499999998,-99.67004879999999",Ciudad Universitaria,San Bernardino
753,Resuelto,2025-05-11 17:35:51,2025-11-25 14:04:16,"Calle Centenario Norte San Miguel Totoltepec Toda La Calle Necesitamos El Bacheo Ya Que La Calle Se Encuentra En Malas Condiciones Por Tantos Baches ",Calle Emiliano Zapata 149,"19.3211004,-99.5775736",San Pedro Totoltepec,San Miguel Totoltepec
749,Resuelto,2025-05-11 16:10:04,2025-09-23 17:20:28,toda la caye esta en pesimas condiciones son 3 cudra ya sin pavimiento y pura tierra y piedras que estan en la calle,Avenida Independencia 9176,"19.3155034,-99.5953033",San Mateo Otzacatipan,Geovillas Arboleda
743,Resuelto,2025-05-11 15:30:58,2025-12-13 10:37:30,"necesita pavimento urgente, hace casi 40 años que no le dan servicio ",Juan Fernández Albarrán 101,"19.273322699999998,-99.6863406",San Buenaventura,Guadalupe
741,Resuelto,2025-05-11 14:31:15,2025-11-12 17:17:22,"solicitan bacheo en la calle Laura Méndez de Cuenca pues toda la calle está en muy malas condiciones es dedicas Mirón asta Urawu ",Calle Laura Méndez de Cuenca 507,"19.2802139,-99.6340748",San Sebastian,Salvador Sánchez Colín
736,Resuelto,2025-05-11 13:40:58,2025-12-05 14:41:45,Calle Silverio Pérez de San Pablo a Carlos Arruza con baches profundos?,"Sauces, Paseos Santin, Edo. Méx., Calle Silverio Pérez, 134, 50214","19.370538878053218,-99.58239525596122",Sauces,Villas Santín I
735,Resuelto,2025-05-11 13:35:49,2025-12-05 14:40:38,De ca,"Sauces, Paseos Santin, Edo. Méx., Calle Silverio Pérez, 141, 50214","19.370613046493958,-99.58255059678383",Sauces,Villas Santín I
734,Resuelto,2025-05-11 13:35:40,2025-11-21 17:20:59,De,"Sauces, Paseos Santin, Edo. Méx., Calle Silverio Pérez, 141, 50214","19.370613046493958,-99.58255059678383",Sauces,Villas Santín I
732,Resuelto,2025-05-10 23:20:40,2025-10-30 11:29:25,"urge que vengan arreglar ese oyó ya que se va haciendo más grande por favor ",De Las Palmas 540,"19.2488137,-99.615642",,
717,Resuelto,2025-05-09 16:19:31,2025-12-30 12:00:27,"paralela a 20 de noviembre es girasol entre progreso y frijol frente a kínder land y es privada 20 de noviembre ",20 de Noviembre 287,"19.291404,-99.68808279999999",San Mateo Oxtotitlan,20 De Noviembre
703,Resuelto,2025-05-09 10:37:10,2025-05-20 12:08:34,"calle ubicada en el primer cuadro de San buenaventura, debido al estado en que se encuentra y al ser paso para la iglesia se han caído adultos mayores, urge sea pavimentada, gracias.",Cristóbal Colón 202,"19.267527899999997,-99.69223649999999",San Buenaventura,Insurgentes
700,Resuelto,2025-05-09 06:43:07,2025-10-31 14:50:50,"entre las calles de progreso y frijol frente a kínder land ",20 de Noviembre 287,"19.291404,-99.68808279999999",San Mateo Oxtotitlan,20 De Noviembre
699,Resuelto,2025-05-09 06:33:57,2025-05-27 18:32:54,"frente a kínder land entre las calles de progreso y frijol "," 50100","19.295468800000002,-99.69261739999999",San Mateo Oxtotitlan,Protinbos
692,Cancelado,2025-05-08 19:23:32,2025-09-25 14:38:08,"Calle calzada al Refugio ","Toluca de Lerdo, Edo. Méx., 50255","19.22911968065953,-99.69200729082772",Santiago Tlacotepec,El Refugio
652,Resuelto,2025-05-07 20:07:34,2025-10-03 09:13:07,,Emiliano Zapata 221,"19.251878899999998,-99.6595705",Capultitlán,San Isidro Labrador
647,Resuelto,2025-05-07 17:25:29,2025-12-12 15:16:19,"toda la calle de juan escutia esta llena de baches, ya no se puede transitar, ojala puedan tomar medidas q solucionen no solo tapar a medias",Calle Juan Escutia 310,"19.299564699999998,-99.69224729999999",San Mateo Oxtotitlan,Centro
644,Resuelto,2025-05-07 14:53:36,2025-10-29 19:11:09,,"Toluca, Cuauhtemoc, Edo. Méx., Calle Francisco Mungia, 102, 50130","19.28098986969076,-99.65377046914928",Universidad,Cuauhtémoc
634,Resuelto,2025-05-06 18:04:29,2025-10-02 17:11:18,,Calle José María Pino Suárez,"19.285248550373954,-99.60783378271123",Santa Ana Tlapaltitlan,Santa María Norte
628,Resuelto,2025-05-06 16:18:31,2025-12-05 14:44:13,,"Sauces, Villas Santin, Edo. Méx., Calle San Pablo, 50214","19.37296219013609,-99.58086206836616",Sauces,Villas Santín I
625,Resuelto,2025-05-06 13:11:24,2025-07-28 15:06:02,"les falto de bachear la entrada la calle Emilio Campa ",Paseo Cristóbal Colón 1000,"19.2603687,-99.6626584",Ocho Cedros,Ocho Cedros Ii
624,Resuelto,2025-05-06 13:10:35,2025-07-28 15:01:42,"toda la calle Roque Gonzalez hasta llegar a paseo Colon esta destruida ",Calle General Roque González G. 809,"19.2582553,-99.66702459999999",Ocho Cedros,Ocho Cedros Ii
623,Resuelto,2025-05-06 13:09:23,2025-10-30 11:26:05,"en frente de la farmacia Guadalajara de avneida 5 de mayo oriete hay unos baches enormes aue llevan meses sin atender no tengo foto pero es urgente porque es una avenida muy transitada ",Calle Prolongación 5 de Mayo 2 Oriente 818,"19.275641399999998,-99.6356046",San Sebastian,Valle Don Camilo
613,Pendiente,2025-05-06 08:37:51,2025-05-20 11:51:19,avenida vía láctea fraccionamiento galaxia Toluca,Calle Vía Láctea Calle Vía Láctea,"19.3968538,-99.63773049999999",,
609,Resuelto,2025-05-05 23:30:24,2025-11-18 18:31:46,"se requiere el bacheo de ese lugar ya que hay un ollo muy grande ",Calle Benito Juárez 186,"19.3347424,-99.6152776",San Mateo Otzacatipan,La Magdalena
608,Resuelto,2025-05-05 23:23:51,2025-11-06 19:11:29,"se requier que bacheen la calle ya que hay un levantamiento de asfalto ",Calle José María Marroquí 621,"19.333323399999998,-99.6158547",San Mateo Otzacatipan,La Magdalena
602,Resuelto,2025-05-05 23:15:49,2025-12-08 13:13:26,"se solicita que bacheen esa calle ya que hay muchos ollos profundos ",Juan José Martínez de Los Reyes 150,"19.3362434,-99.6116765",San Mateo Otzacatipan,La Magdalena
594,Resuelto,2025-05-05 17:11:31,2025-09-04 17:06:29,"solicito de su apoyo para el bacheo de la calle Cuauhtémoc de Tollocan a Paseo Totoltepec, hay muchos baches",Campo de Las Azucenas 277 A,"19.3022737,-99.58449039999999",Santa Maria Totoltepec,Paseo Totoltepec
588,Resuelto,2025-05-05 12:10:05,2025-10-30 11:28:31,se solicita el bacheo desde la calle Vicente Guerrero hasta Miguel Hidalgo sobre Melchor Ocampo ya que desde más de dos años no la han podido ni bachar ni arreglarla,Melchor Ocampo 1369,"19.355220499999998,-99.6294614",San Andrés Cuexcontitlán,Santa Rosa
586,Cancelado,2025-05-05 10:28:34,2025-12-28 16:18:41,"es un oyo y se hizo más grande y hurge que lo vengan arreglar ",De Las Palmas 298,"19.2488668,-99.6160785",,
584,Resuelto,2025-05-04 23:11:46,2025-12-05 14:42:45,"calle llena de baches ",San Pablo #124 Col,"19.372538,-99.5811289",Sauces,Villas Santín I
583,Resuelto,2025-05-04 23:11:03,2025-11-21 12:38:04,"cerca del kinder Mixcoac ",Josefa Ortíz 125,"19.3719867,-99.585032",Sauces,Villas Santín I
580,Resuelto,2025-05-04 21:10:06,2025-05-20 09:04:11,"baches en el distribuidor para incorporarse a boulevard aeropuerto viniendo de López Portillo ",Boulevard Aeropuerto 300,"19.348188399999998,-99.590908",San Mateo Otzacatipan,San José Guadalupe Otzacatipan
559,Resuelto,2025-05-03 22:21:36,2025-10-30 11:28:04,baches enorme,"Toluca, Toluca 2000, Edo. Méx., Avenida López Portillo, 50233","19.369100783758753,-99.56599606195176",San Mateo Otzacatipan,San Blas Otzacatipan
556,Resuelto,2025-05-03 21:08:24,2025-11-21 12:14:47,"10 baches en la calle de Horacio Zuñiga entre Andres Quintana Roo y Carmen Serdan ",Horacio Zúñiga 151,"19.28117,-99.6620514",Colón,Colón Y Ciprés I
547,Resuelto,2025-05-03 12:06:08,2025-06-10 11:01:22,bacheo en la calle Roque Gonzalez entre Lago Petén y Andres Quintana Roo,Calle General Roque González G. 1010,"19.2585718,-99.6696312",Ocho Cedros,"Ocho Cedros, Segunda Sección"
543,Cancelado,2025-05-03 10:43:09,2025-09-25 14:27:53,"pollería Alex ",Calle Miguel Hidalgo 16,"19.3595047,-99.56905289999999",San Mateo Otzacatipan,San Nicolás Tolentino Ii
541,Resuelto,2025-05-03 10:42:07,2025-12-29 19:44:52,"pollería Alex ",Calle Miguel Hidalgo 16,"19.3595047,-99.56905289999999",San Mateo Otzacatipan,San Nicolás Tolentino Ii
538,Resuelto,2025-05-03 08:38:59,2025-10-01 16:41:04,"bacheo ",De Las Arboledas 18,"19.3066805,-99.6072512",San Mateo Otzacatipan,Jardines De La Crespa
532,Resuelto,2025-05-02 23:14:38,2025-10-30 11:27:10,"se encuentra un local a un costado y una casa con saguan negro el bache está enfrente está grande se alcanza. ver fácilmente ",De Las Palmas 298,"19.2488668,-99.6160785",,
530,Resuelto,2025-05-02 22:37:28,2025-12-13 10:35:10,"La calle está llena de baches ","Santa María Totoltepec, El Coecillo, Edo. Méx., Tenochtitlan, 50245","19.289637633995294,-99.5830267639981",Santa Maria Totoltepec,Coecillo
525,Resuelto,2025-05-02 21:20:23,2025-07-28 15:38:16,"urge bacheo en iglesia y escuela primaria de calixtlahuaca , México. urge...gracias",Martínez 22,"19.3386232,-99.69138769999999",Calixtlahuaca,San Francisco De Asis
511,Cancelado,2025-05-02 17:59:37,2025-05-12 18:42:24,"PRUEBA ",Marie Curie 621,"19.299023,-99.6301064",Independencia,San Juan Buenavista
509,Cancelado,2025-05-02 17:58:18,2025-05-12 18:43:07,"PRUEBA ",Avenida Independencia 48,"19.291560399999998,-99.6567987",Centro Histórico,Centro
508,Resuelto,2025-05-02 17:57:38,2025-12-30 11:58:52,"Frente a la capilla de  San Antonio, se está undiendo la tierra y se está formando un hoyo Grande",Adolfo López Mateos 101,"19.250269499999998,-99.663828",Capultitlán,Guadalupe
507,Cancelado,2025-05-02 17:57:13,2025-05-12 18:46:21,PRUEBA,Avenida Independencia 48,"19.291560399999998,-99.6567987",Centro Histórico,Centro
504,Cancelado,2025-05-02 17:56:18,2025-05-12 18:46:38,PRUEBA,Calle Plutarco González 405,"19.2894459,-99.66323849999999",Centro Histórico,La Merced (alameda)
502,Resuelto,2025-05-02 17:55:47,2025-12-29 19:44:13,"el pavimento está en muy mal estado ",Calle General Eduardo Hernández Cházaro 732-736,"19.2629859,-99.6611006",Moderna De La Cruz,Moderna De La Cruz Ii
470,Resuelto,2025-05-02 17:07:44,2025-11-05 14:51:36,a un lado de ponte pizza.,Adolfo López Mateos 101,"19.250269499999998,-99.663828",Capultitlán,Guadalupe
468,Resuelto,2025-05-02 16:36:10,2025-12-29 19:43:19,"Bacheo desde la salida de rancho la mora, calle bulevar Adolfo López Mateos, hasta glorieta a la marina, y de glorieta la marina a Lerdo en la Av de los maestros en ambos sentidos  ","Santiago Miltepec, Santiago Miltepec, Edo. Méx., Circuito Adolfo López Mateos, 231, 50020","19.303102786677158,-99.65418982969935",La Maquinita,Rancho La Mora
461,Resuelto,2025-05-02 12:16:05,2025-11-12 18:01:44,,Calle Laura Méndez de Cuenca 410,"19.279989699999998,-99.6346933",San Sebastian,Salvador Sánchez Colín
459,Resuelto,2025-05-02 12:06:48,2025-06-10 11:18:53,"En la calle Melchor Múzquiz, en Urawa y Amado Nervo,  la calle está muy deteriorada,  principalmente frente a la escuela primaria Margarita Maza de Juárez. ",Amado Nervo 100,"19.2824356,-99.63578249999999",San Sebastian,Salvador Sánchez Colín
455,Cancelado,2025-05-02 10:17:19,2025-09-24 16:28:07,"Buen Dia  A quien corresponda , solicitud para bacheo de esta avenida concurrida desde C. industria Minera a Albert Einstein",Calle Industria Minera 810,"19.301924200000002,-99.61202469999999",Santa Ana Tlapaltitlan,Buena Vista
442,Resuelto,2025-05-02 00:38:26,2025-10-30 11:26:38,la calle está muy fea muchos baches y es de terracería en tiempos de lluvia se hace muy feo.,Carlos L. Gracidas 420,"19.3244622,-99.6415899",San Cristobal Huichochitlan,San Salvador Ii
441,Cancelado,2025-05-01 23:46:25,2025-09-24 14:52:49,,"Tepaltitlán, Girasoles, Edo. Méx., Avenida Santa Elena, 116, 50017","19.310861498299897,-99.61446914487034",San Lorenzo Tepaltitlan,Rincón De San Lorenzo
439,Resuelto,2025-05-01 22:28:06,2025-09-04 14:05:45,"falta de bacheo solo realizaron la parte derecha y la izquierda sigue en malas condiciones ",Paseo Vicente Lombardo Toledano 446,"19.308792999999998,-99.5867334",Santa Maria Totoltepec,Del Centro
425,Resuelto,2025-05-01 19:46:09,2025-12-12 15:14:38,toda la calle juan escutia esta con mucho deterioro,Calle Tercera Privada Juan Escutia 312,"19.2998168,-99.6922027",San Mateo Oxtotitlan,Centro
421,Resuelto,2025-05-01 17:39:44,2025-12-29 19:42:35,"Calle Atlacomulco entre las calles Toluca y Nezahualcóyotl en pésimas condiciones urgentes el bacheo ","San Diego de los Padres Cuexcontitlán, San Diego De Los P Cuexcon, Edo. Méx., Calle Atlacomulco, 50205","19.372090152048386,-99.61711529968863",San Andrés Cuexcontitlán,San Diego De Los Padres Ii
419,Resuelto,2025-05-01 16:40:43,2025-12-29 19:41:58,"calle en más estado con baches ",Agustín Melgar 103,"19.3056423,-99.6884161",San Mateo Oxtotitlan,Niños Héroes I
408,Resuelto,2025-05-01 11:42:24,2025-12-29 19:41:06,"Todas las calles están en muy mal estado, llenas de hoyos",Calle José María Pino Suárez,"19.285323442371407,-99.60759190938371",Santa Ana Tlapaltitlan,Santa María Norte
407,Cancelado,2025-05-01 09:19:38,2025-09-24 13:51:05,"calle Guadalupe Victoria, barrio de Jicaltepec San Pablo Autopan, Toluca Estado de México 

Las coordenadas no corresponden a la vialidad que solicita el peticionario, ",Adolfo López Mateos 1314d,"19.2879172,-99.6822698",San Mateo Oxtotitlan,Rincón Del Parque
400,Resuelto,2025-05-01 06:38:30,2025-10-25 12:03:17,,"Toluca, De Zopilocalco, Edo. Méx., Calle Manuel Gómez Pedraza, 112, 50090","19.294682225501173,-99.6546878388779",Árbol De Las Manitas,Zopilocalco Sur
399,Cancelado,2025-05-01 00:22:45,2025-09-24 12:24:04,"Hay un bache en la calle Ignacio López rayón ","Toluca, Cuauhtemoc, Edo. Méx., Calle Ignacio López Rayón, 50130","19.282602939474344,-99.65272903893583",Universidad,Cuauhtémoc
394,Cancelado,2025-04-30 16:10:17,2025-09-24 12:11:08,,"San Buenaventura, San Buenaventura, Edo. Méx., Boulevard Jesús Reyes Heroles, 5, 50110","19.270045867239375,-99.69689930104198",San Buenaventura,Alameda 2000
390,Cancelado,2025-04-30 10:47:37,2025-09-24 12:04:54,"Se requiere bacheo en la calle juan escutia Col Niños Heroes ","San Mateo Oxtotitlán, Niños Héroes, Edo. Méx., Calle Juan Escutia, 403, 50100","19.300268642740026,-99.69250990098023",San Mateo Oxtotitlan,Niños Héroes I
387,Cancelado,2025-04-29 21:35:23,2025-04-30 18:04:12,"Hicieron bacheo y no se han llevado el material de lo que levantaron, hay mucha grava suelta",Leonardo Bravo 116,"19.2840407,-99.6724742",Morelos,Morelos Primera Sección
380,Cancelado,2025-04-29 11:48:21,2025-04-29 11:48:21,"rencarpetamiento ",Calle Jose Vincente Villada 144,"19.311651599999998,-99.6205014",San Lorenzo Tepaltitlan,La Loma
311,Cancelado,2025-04-28 11:01:19,2025-04-28 11:01:19,Bache en la intersección de Colon y Emilio Campa,Paseo Cristóbal Colón 1000,"19.2603687,-99.6626584",Ocho Cedros,Ocho Cedros Ii
306,Cancelado,2025-04-26 09:27:57,2025-04-26 09:27:57,"No fueron bien reparados los baches , los vecinos todos los días reportan la situación ","Toluca, Morelos, Edo. Méx., Calle Leonardo Bravo, 245, 50120","19.282957762021905,-99.67240357950095",Morelos,Morelos Primera Sección
305,Cancelado,2025-04-26 06:33:12,2025-04-26 06:33:12,"solicitamos todos los vecinos de la calle Guadalupe Victoria el bacheo, antes de que comience la temporada de lluvias ",Guadalupe Victoria 95,"19.378183,-99.6392789",San Pablo Autopan,Jicaltepec Autopan
291,Cancelado,2025-04-24 15:01:26,2025-04-24 15:01:26,"Esta es una prueba de comunicación social ","Toluca, Francisco Murguia, Edo. Méx., Calle José María Arteaga, 50130","19.2826,-99.65570000000001",Centro Histórico,Francisco Murguía (el Ranchito)
284,Cancelado,2025-04-23 20:39:42,2025-04-24 11:06:01,calle sin pavimentación,El Nevado 716,"19.2407485,-99.7158432",Cacalomacan,Sagrado Corazón
282,Cancelado,2025-04-23 17:13:57,2025-04-23 17:13:57,Desgaste de la carpeta asfáltica sobre Av. Quintana Roo. Antes y después de Venustiano Carranza,"Toluca, Cipres, Edo. Méx., Calle Andrés Quintana Roo, 715, 50120","19.278473882186827,-99.66285218284565",Colón,Colón Y Ciprés I
281,Cancelado,2025-04-23 17:03:27,2025-04-23 17:03:27,se requiere bacheo,Josefa Ortiz de Domínguez 104,"19.2302191,-99.67090739999999",Santiago Tlacotepec,Santa María
273,Cancelado,2025-04-23 14:49:59,2025-04-23 14:49:59,Esto es una prueba Mobzilla,Instituto Literario 221,"19.2861354,-99.6560222",Centro Histórico,Francisco Murguía (el Ranchito)
270,Cancelado,2025-04-23 10:51:21,2025-04-23 10:53:07,"Esto es una prueba Mobzilla ",Del Panteón 135,"19.298182399999998,-99.67585799999999",Sánchez,La Teresona I
268,Cancelado,2025-04-22 22:10:16,2025-04-24 12:59:52,Bacheo,"Toluca, Ferrocarriles Nales y Reforma, Edo. Méx., Calle Juan Gutemberg, 108B, 50070","19.29341822279555,-99.63745064490062",Independencia,Reforma Y Ferrocarriles Nacionales (san Juan Bautista)
262,Cancelado,2025-04-04 11:54:09,2025-04-04 11:56:51,"falta un bache ",Belisario Domínguez 102,"19.2906494,-99.656723",Centro Histórico,Centro